id,location_id,date,weather,max_temp_c,min_temp_c,avg_temp_c,precipitation_mm,humidity_pct,wind_speed_mps
1,1,2021-09-20,雨,25.6,17.4,21.5,4.4,93.9,5.1
2,2,2021-09-20,雨,25.2,17.2,21.2,0.9,99.0,4.5
3,3,2021-09-20,雨,20.8,12.6,16.7,10.7,97.8,6.1
4,4,2021-09-20,雨,20.5,12.8,16.6,9.8,90.9,4.0
5,1,2021-09-21,曇り,23.4,15.3,19.4,0.0,76.9,2.7
6,2,2021-09-21,晴れ,23.7,15.7,19.7,0.0,62.8,3.1
7,3,2021-09-21,晴れ,19.4,11.2,15.3,0.0,69.7,4.4
8,4,2021-09-21,晴れ,21.8,13.6,17.7,0.0,63.9,5.3
9,1,2021-09-22,雨,24.4,16.2,20.3,66.6,92.0,3.8
10,2,2021-09-22,雨,24.7,16.7,20.7,16.3,94.5,4.6
11,3,2021-09-22,雨,20.0,11.8,15.9,6.7,88.0,5.2
12,4,2021-09-22,雨,21.0,13.1,17.1,11.0,99.0,3.4
13,1,2021-09-23,曇り,26.7,18.3,22.5,0.0,81.2,4.9
14,2,2021-09-23,曇り,25.9,17.8,21.9,0.0,82.1,3.7
15,3,2021-09-23,曇り,21.0,12.9,16.9,0.0,84.5,2.2
16,4,2021-09-23,晴れ,25.3,16.7,21.0,0.0,67.4,1.9
17,1,2021-09-24,曇り,26.2,17.7,21.9,0.0,78.8,4.2
18,2,2021-09-24,曇り,25.4,17.2,21.3,0.0,79.0,3.9
19,3,2021-09-24,曇り,18.9,10.9,14.9,0.0,75.7,3.3
20,4,2021-09-24,曇り,23.3,14.9,19.1,0.0,77.8,3.0
21,1,2021-09-25,曇り,25.6,17.3,21.5,0.0,77.3,3.5
22,2,2021-09-25,曇り,26.2,18.0,22.1,0.0,70.6,2.1
23,3,2021-09-25,晴れ,21.1,12.8,17.0,0.0,61.2,4.0
24,4,2021-09-25,晴れ,24.1,15.8,20.0,0.0,60.5,3.3
25,1,2021-09-26,曇り,25.9,17.5,21.7,0.0,89.7,4.1
26,2,2021-09-26,曇り,25.8,17.5,21.6,0.0,72.7,4.9
27,3,2021-09-26,晴れ,20.9,12.5,16.7,0.0,66.7,2.0
28,4,2021-09-26,曇り,23.2,14.9,19.1,0.0,73.0,3.1
29,1,2021-09-27,雨,23.6,15.5,19.6,15.9,98.1,4.7
30,2,2021-09-27,雨,25.7,17.3,21.5,0.5,84.7,2.3
31,3,2021-09-27,雨,19.3,11.1,15.2,5.9,90.9,4.9
32,4,2021-09-27,雨,21.6,13.4,17.5,6.4,93.4,5.1
33,1,2021-09-28,曇り,23.4,14.8,19.1,0.0,76.5,4.2
34,2,2021-09-28,晴れ,22.6,14.3,18.5,0.0,64.2,5.1
35,3,2021-09-28,曇り,18.9,10.3,14.6,0.0,77.2,1.8
36,4,2021-09-28,曇り,21.6,12.9,17.2,0.0,72.7,3.6
37,1,2021-09-29,雨,24.3,15.6,19.9,12.7,97.8,5.4
38,2,2021-09-29,雨,25.0,16.3,20.6,10.8,99.0,3.6
39,3,2021-09-29,雨,18.6,10.2,14.4,0.5,95.6,5.1
40,4,2021-09-29,雨,21.4,12.8,17.1,10.1,85.4,4.3
41,1,2021-09-30,雨,26.0,17.1,21.6,14.2,91.1,4.8
42,2,2021-09-30,雨,24.4,15.9,20.1,0.5,92.6,4.0
43,3,2021-09-30,雨,21.2,12.4,16.8,0.5,94.7,2.8
44,4,2021-09-30,雨,20.1,12.0,16.1,7.6,94.4,6.2
45,1,2021-10-01,雨,23.8,15.5,19.6,0.5,87.9,4.4
46,2,2021-10-01,雨,24.0,15.8,19.9,9.9,82.6,4.0
47,3,2021-10-01,雨,18.5,10.3,14.4,10.0,85.7,2.8
48,4,2021-10-01,雨,23.1,14.5,18.8,2.0,85.4,3.2
49,1,2021-10-02,雨,22.6,14.2,18.4,5.4,84.9,3.4
50,2,2021-10-02,雨,25.7,16.8,21.2,9.1,79.1,3.8
51,3,2021-10-02,雨,20.5,11.7,16.1,9.7,93.8,2.5
52,4,2021-10-02,雨,21.7,13.1,17.4,14.3,78.7,4.4
53,1,2021-10-03,雨,21.8,13.3,17.6,21.0,94.5,2.2
54,2,2021-10-03,雨,23.9,15.1,19.5,49.9,87.9,4.1
55,3,2021-10-03,雨,17.3,8.8,13.1,87.3,88.2,4.2
56,4,2021-10-03,雨,19.1,10.7,14.9,10.2,86.7,3.6
57,1,2021-10-04,雨,23.2,14.5,18.9,13.9,87.4,1.8
58,2,2021-10-04,雨,23.0,14.5,18.8,5.1,85.3,3.8
59,3,2021-10-04,雨,19.2,10.4,14.8,10.3,87.7,1.5
60,4,2021-10-04,雨,23.0,13.9,18.4,7.3,85.7,4.4
61,1,2021-10-05,曇り,24.1,15.3,19.7,0.0,74.1,1.4
62,2,2021-10-05,曇り,25.8,16.8,21.3,0.0,66.5,2.4
63,3,2021-10-05,曇り,19.6,10.8,15.2,0.0,71.1,1.8
64,4,2021-10-05,曇り,21.6,12.8,17.2,0.0,66.3,3.0
65,1,2021-10-06,雨,26.0,17.0,21.5,7.7,79.9,3.9
66,2,2021-10-06,雨,25.8,16.9,21.4,0.5,85.5,3.5
67,3,2021-10-06,雨,22.5,13.2,17.9,1.4,93.5,2.8
68,4,2021-10-06,雨,21.9,13.2,17.5,12.6,82.6,4.9
69,1,2021-10-07,雨,26.9,18.0,22.4,43.4,78.1,4.2
70,2,2021-10-07,雨,27.7,18.7,23.2,5.0,90.6,3.6
71,3,2021-10-07,雨,21.1,12.4,16.8,3.8,86.8,4.0
72,4,2021-10-07,雨,23.8,15.1,19.4,0.5,74.5,1.4
73,1,2021-10-08,雨,25.9,16.9,21.4,26.4,82.8,3.8
74,2,2021-10-08,雨,26.0,17.2,21.6,66.4,87.8,2.5
75,3,2021-10-08,雨,20.6,11.8,16.2,2.3,90.6,5.2
76,4,2021-10-08,雨,24.2,15.1,19.6,4.2,84.4,5.2
77,1,2021-10-09,晴れ,25.2,16.2,20.7,0.0,51.8,3.6
78,2,2021-10-09,曇り,27.4,18.1,22.8,0.0,72.4,2.5
79,3,2021-10-09,曇り,21.3,12.3,16.8,0.0,65.5,0.6
80,4,2021-10-09,曇り,22.6,13.8,18.2,0.0,67.0,4.4
81,1,2021-10-10,曇り,22.4,13.7,18.0,0.0,61.3,2.1
82,2,2021-10-10,晴れ,25.1,16.0,20.6,0.0,57.4,3.5
83,3,2021-10-10,晴れ,22.8,13.1,17.9,0.0,53.9,0.4
84,4,2021-10-10,晴れ,22.2,13.1,17.6,0.0,55.4,3.2
85,1,2021-10-11,晴れ,24.7,15.5,20.1,0.0,42.8,1.4
86,2,2021-10-11,曇り,24.0,15.1,19.6,0.0,80.9,1.7
87,3,2021-10-11,晴れ,18.7,9.8,14.2,0.0,55.1,2.1
88,4,2021-10-11,曇り,22.5,13.3,17.9,0.0,57.5,2.4
89,1,2021-10-12,曇り,23.1,14.0,18.6,0.0,65.7,1.9
90,2,2021-10-12,曇り,22.9,13.9,18.4,0.0,73.3,1.6
91,3,2021-10-12,曇り,16.7,8.0,12.3,0.0,67.8,1.8
92,4,2021-10-12,曇り,19.9,11.0,15.4,0.0,69.4,1.6
93,1,2021-10-13,曇り,22.3,13.5,17.9,0.0,67.1,3.8
94,2,2021-10-13,曇り,26.1,16.7,21.4,0.0,68.0,1.8
95,3,2021-10-13,晴れ,17.2,8.6,12.9,0.0,52.7,3.0
96,4,2021-10-13,曇り,19.8,11.1,15.4,0.0,64.8,1.1
97,1,2021-10-14,晴れ,24.0,15.2,19.6,0.0,64.5,1.3
98,2,2021-10-14,晴れ,24.8,15.9,20.4,0.0,56.2,4.1
99,3,2021-10-14,晴れ,19.9,11.0,15.4,0.0,60.1,2.0
100,4,2021-10-14,晴れ,22.0,13.1,17.6,0.0,54.2,3.1
101,1,2021-10-15,曇り,20.3,12.0,16.1,0.0,69.0,2.2
102,2,2021-10-15,曇り,25.3,16.2,20.8,0.0,67.5,0.6
103,3,2021-10-15,晴れ,17.4,8.8,13.1,0.0,51.5,2.5
104,4,2021-10-15,晴れ,20.9,12.0,16.4,0.0,53.1,3.1
105,1,2021-10-16,晴れ,21.5,12.7,17.1,0.0,58.3,0.7
106,2,2021-10-16,晴れ,23.6,14.5,19.1,0.0,49.8,1.7
107,3,2021-10-16,晴れ,17.3,8.5,12.9,0.0,54.2,2.7
108,4,2021-10-16,曇り,20.2,11.3,15.8,0.0,68.7,2.6
109,1,2021-10-17,曇り,22.5,13.3,17.9,0.0,73.2,4.2
110,2,2021-10-17,晴れ,23.9,14.6,19.2,0.0,52.4,2.5
111,3,2021-10-17,曇り,17.5,8.5,13.0,0.0,67.3,0.9
112,4,2021-10-17,曇り,19.4,10.4,14.9,0.0,75.0,2.6
113,1,2021-10-18,雨,20.8,11.9,16.4,9.9,90.6,4.2
114,2,2021-10-18,雨,22.8,13.6,18.2,17.4,88.5,2.6
115,3,2021-10-18,雨,17.4,8.3,12.8,11.2,80.2,4.1
116,4,2021-10-18,雨,19.7,10.6,15.1,14.2,81.0,3.2
117,1,2021-10-19,晴れ,21.1,12.0,16.6,0.0,48.7,1.8
118,2,2021-10-19,晴れ,23.0,13.7,18.4,0.0,67.8,4.4
119,3,2021-10-19,晴れ,15.9,6.9,11.4,0.0,52.4,2.9
120,4,2021-10-19,晴れ,19.5,10.3,14.9,0.0,61.6,1.8
121,1,2021-10-20,雨,19.8,10.7,15.2,2.4,84.3,4.9
122,2,2021-10-20,雨,21.6,12.2,16.9,19.2,81.7,3.6
123,3,2021-10-20,雨,15.7,6.5,11.1,4.0,92.4,2.5
124,4,2021-10-20,雨,17.9,8.7,13.3,2.5,79.0,3.1
125,1,2021-10-21,晴れ,16.7,7.9,12.3,0.0,57.2,0.5
126,2,2021-10-21,曇り,19.4,10.1,14.8,0.0,69.2,0.3
127,3,2021-10-21,晴れ,13.0,4.0,8.5,0.0,62.7,2.4
128,4,2021-10-21,晴れ,17.3,7.9,12.6,0.0,59.2,3.4
129,1,2021-10-22,曇り,19.4,10.1,14.8,0.0,73.7,1.4
130,2,2021-10-22,晴れ,21.0,11.5,16.2,0.0,59.5,1.4
131,3,2021-10-22,曇り,15.6,6.2,10.9,0.0,56.1,1.5
132,4,2021-10-22,晴れ,16.3,7.1,11.7,0.0,54.7,4.8
133,1,2021-10-23,雨,15.9,7.1,11.5,9.0,82.1,3.8
134,2,2021-10-23,雨,17.3,8.4,12.9,4.2,90.4,4.0
135,3,2021-10-23,雨,13.4,4.2,8.8,20.6,76.9,2.6
136,4,2021-10-23,雨,16.6,7.3,12.0,7.8,90.6,2.4
137,1,2021-10-24,晴れ,19.0,9.7,14.3,0.0,60.7,2.0
138,2,2021-10-24,晴れ,18.3,9.2,13.8,0.0,52.0,3.1
139,3,2021-10-24,曇り,15.0,5.6,10.3,0.0,69.7,2.4
140,4,2021-10-24,晴れ,19.0,9.3,14.2,0.0,41.5,1.9
141,1,2021-10-25,雨,19.9,10.3,15.1,0.5,85.0,4.0
142,2,2021-10-25,雨,20.3,10.8,15.6,11.2,71.6,3.7
143,3,2021-10-25,雨,14.1,4.8,9.4,8.1,87.1,4.4
144,4,2021-10-25,雨,16.6,7.2,11.9,10.9,83.8,3.8
145,1,2021-10-26,晴れ,20.6,11.0,15.8,0.0,61.1,3.4
146,2,2021-10-26,曇り,20.1,10.8,15.5,0.0,80.3,3.7
147,3,2021-10-26,晴れ,14.9,5.5,10.2,0.0,55.9,2.0
148,4,2021-10-26,晴れ,19.6,9.8,14.7,0.0,61.7,2.1
149,1,2021-10-27,晴れ,19.4,9.8,14.6,0.0,63.7,2.2
150,2,2021-10-27,曇り,18.9,9.6,14.2,0.0,72.0,3.7
151,3,2021-10-27,曇り,15.3,5.7,10.5,0.0,72.4,3.3
152,4,2021-10-27,曇り,18.6,8.7,13.7,0.0,67.1,0.7
153,1,2021-10-28,曇り,20.8,10.7,15.8,0.0,71.7,1.9
154,2,2021-10-28,曇り,22.1,11.9,17.0,0.0,72.2,4.1
155,3,2021-10-28,曇り,14.7,4.9,9.8,0.0,75.0,3.6
156,4,2021-10-28,晴れ,17.5,7.7,12.6,0.0,52.0,3.6
157,1,2021-10-29,曇り,18.7,8.6,13.6,0.0,76.0,1.3
158,2,2021-10-29,曇り,17.5,7.7,12.6,0.0,68.8,1.9
159,3,2021-10-29,晴れ,12.4,2.7,7.6,0.0,54.7,3.1
160,4,2021-10-29,曇り,15.9,5.9,10.9,0.0,75.8,3.6
161,1,2021-10-30,晴れ,19.5,9.3,14.4,0.0,45.0,0.8
162,2,2021-10-30,曇り,18.4,8.6,13.5,0.0,70.8,2.1
163,3,2021-10-30,晴れ,13.9,4.0,8.9,0.0,58.9,2.3
164,4,2021-10-30,曇り,16.7,6.7,11.7,0.0,70.6,3.4
165,1,2021-10-31,雨,16.9,7.5,12.2,5.0,95.0,2.7
166,2,2021-10-31,雨,19.3,9.5,14.4,12.9,84.8,3.6
167,3,2021-10-31,雨,14.1,4.3,9.2,15.6,90.6,3.9
168,4,2021-10-31,雨,18.4,8.2,13.3,27.8,73.3,2.9
169,1,2021-11-01,晴れ,16.4,6.5,11.4,0.0,57.5,2.7
170,2,2021-11-01,曇り,19.9,9.4,14.6,0.0,71.0,1.5
171,3,2021-11-01,曇り,12.6,2.5,7.5,0.0,73.6,2.8
172,4,2021-11-01,曇り,16.0,5.7,10.8,0.0,72.9,2.3
173,1,2021-11-02,晴れ,17.4,7.1,12.2,0.0,54.0,3.1
174,2,2021-11-02,晴れ,16.2,6.2,11.2,0.0,45.5,3.1
175,3,2021-11-02,晴れ,13.0,2.7,7.8,0.0,55.9,1.0
176,4,2021-11-02,晴れ,16.1,5.6,10.9,0.0,49.5,0.3
177,1,2021-11-03,雨,14.6,4.6,9.6,9.1,92.0,3.8
178,2,2021-11-03,雨,17.5,7.0,12.2,28.3,89.7,1.9
179,3,2021-11-03,雨,11.4,1.1,6.2,2.8,90.9,2.8
180,4,2021-11-03,雨,13.3,3.2,8.2,42.5,77.9,3.0
181,1,2021-11-04,雨,17.1,6.9,12.0,19.5,78.7,5.1
182,2,2021-11-04,雨,17.0,6.9,11.9,10.8,76.8,3.5
183,3,2021-11-04,雨,13.9,3.4,8.7,7.4,81.9,3.5
184,4,2021-11-04,雨,16.0,5.6,10.8,20.3,98.3,5.5
185,1,2021-11-05,晴れ,19.3,8.6,13.9,0.0,61.1,2.6
186,2,2021-11-05,晴れ,19.0,8.5,13.8,0.0,59.2,2.6
187,3,2021-11-05,晴れ,15.4,4.6,10.0,0.0,66.6,3.4
188,4,2021-11-05,晴れ,16.5,5.9,11.2,0.0,63.8,3.6
189,1,2021-11-06,晴れ,15.7,5.4,10.6,0.0,52.1,1.5
190,2,2021-11-06,晴れ,17.4,6.8,12.1,0.0,58.3,3.1
191,3,2021-11-06,晴れ,11.6,1.2,6.4,0.0,54.3,1.6
192,4,2021-11-06,曇り,15.1,4.5,9.8,0.0,67.6,3.5
193,1,2021-11-07,晴れ,13.9,3.4,8.7,0.0,38.3,1.6
194,2,2021-11-07,晴れ,14.3,3.8,9.1,0.0,51.9,1.2
195,3,2021-11-07,曇り,9.4,-1.2,4.1,0.0,68.7,3.3
196,4,2021-11-07,晴れ,12.4,1.8,7.1,0.0,58.0,0.7
197,1,2021-11-08,晴れ,15.6,4.9,10.2,0.0,59.5,2.7
198,2,2021-11-08,晴れ,15.6,5.1,10.3,0.0,60.1,4.2
199,3,2021-11-08,曇り,8.2,-1.9,3.1,0.0,62.1,0.2
200,4,2021-11-08,晴れ,13.1,2.5,7.8,0.0,59.9,3.0
201,1,2021-11-09,雨,15.5,4.9,10.2,1.3,84.2,2.1
202,2,2021-11-09,雨,17.6,6.7,12.2,0.5,88.4,4.4
203,3,2021-11-09,雨,13.4,2.4,7.9,11.1,80.2,3.8
204,4,2021-11-09,雨,14.9,4.0,9.4,10.0,78.1,2.5
205,1,2021-11-10,曇り,15.8,4.9,10.4,0.0,81.1,2.7
206,2,2021-11-10,曇り,18.2,7.0,12.6,0.0,70.1,2.1
207,3,2021-11-10,曇り,11.2,0.4,5.8,0.0,74.7,2.4
208,4,2021-11-10,晴れ,14.5,3.5,9.0,0.0,45.7,3.3
209,1,2021-11-11,晴れ,16.1,5.1,10.6,0.0,48.5,2.2
210,2,2021-11-11,曇り,14.8,4.2,9.5,0.0,68.3,2.5
211,3,2021-11-11,晴れ,11.3,0.4,5.9,0.0,58.5,4.1
212,4,2021-11-11,晴れ,15.0,3.8,9.4,0.0,58.6,2.4
213,1,2021-11-12,晴れ,16.7,5.7,11.2,0.0,52.6,4.5
214,2,2021-11-12,晴れ,17.2,6.2,11.7,0.0,54.2,5.6
215,3,2021-11-12,晴れ,12.4,1.3,6.9,0.0,56.0,1.5
216,4,2021-11-12,晴れ,15.6,4.4,10.0,0.0,53.1,2.2
217,1,2021-11-13,晴れ,15.9,4.7,10.3,0.0,61.6,2.2
218,2,2021-11-13,晴れ,16.4,5.2,10.8,0.0,52.5,1.3
219,3,2021-11-13,晴れ,9.6,-1.2,4.2,0.0,54.8,1.5
220,4,2021-11-13,晴れ,13.0,2.0,7.5,0.0,51.7,2.2
221,1,2021-11-14,晴れ,13.0,2.3,7.7,0.0,59.3,2.1
222,2,2021-11-14,曇り,14.0,3.1,8.6,0.0,68.7,1.8
223,3,2021-11-14,晴れ,8.6,-2.2,3.2,0.0,38.8,1.3
224,4,2021-11-14,晴れ,11.8,0.8,6.3,0.0,52.9,3.5
225,1,2021-11-15,曇り,11.2,0.6,5.9,0.0,69.8,3.9
226,2,2021-11-15,晴れ,15.1,3.8,9.4,0.0,49.2,2.5
227,3,2021-11-15,晴れ,8.1,-2.8,2.6,0.0,54.0,2.6
228,4,2021-11-15,曇り,11.7,0.5,6.1,0.0,62.1,0.3
229,1,2021-11-16,曇り,15.4,4.4,9.9,0.0,78.4,1.6
230,2,2021-11-16,曇り,17.6,6.3,12.0,0.0,70.2,3.3
231,3,2021-11-16,曇り,9.6,-1.1,4.2,0.0,54.7,4.8
232,4,2021-11-16,晴れ,13.6,2.5,8.1,0.0,56.6,2.1
233,1,2021-11-17,晴れ,16.6,5.7,11.2,0.0,52.7,2.4
234,2,2021-11-17,曇り,18.0,6.9,12.4,0.0,65.4,2.4
235,3,2021-11-17,曇り,12.0,1.1,6.5,0.0,64.6,0.6
236,4,2021-11-17,晴れ,14.8,3.8,9.3,0.0,52.1,2.7
237,1,2021-11-18,雨,16.1,5.0,10.6,7.4,86.9,3.7
238,2,2021-11-18,雨,14.3,3.7,9.0,5.9,77.2,3.9
239,3,2021-11-18,雨,11.3,0.2,5.8,12.1,83.5,4.0
240,4,2021-11-18,雪,13.2,2.2,7.7,8.5,73.1,3.8
241,1,2021-11-19,曇り,13.9,2.8,8.3,0.0,73.9,0.4
242,2,2021-11-19,曇り,14.8,3.7,9.2,0.0,68.5,2.7
243,3,2021-11-19,晴れ,8.9,-2.1,3.4,0.0,45.2,2.2
244,4,2021-11-19,晴れ,10.7,-0.2,5.2,0.0,60.5,1.8
245,1,2021-11-20,曇り,12.7,1.8,7.2,0.0,57.6,3.8
246,2,2021-11-20,曇り,12.0,1.4,6.7,0.0,70.1,0.6
247,3,2021-11-20,晴れ,9.1,-2.0,3.5,0.0,56.0,3.3
248,4,2021-11-20,曇り,11.5,0.4,6.0,0.0,61.0,3.6
249,1,2021-11-21,雪,12.6,1.5,7.0,4.6,76.0,2.1
250,2,2021-11-21,雨,13.3,2.2,7.8,1.8,92.9,3.0
251,3,2021-11-21,雨,8.4,-2.8,2.8,10.4,79.7,2.7
252,4,2021-11-21,雨,8.7,-2.1,3.3,9.1,94.5,3.8
253,1,2021-11-22,曇り,11.9,1.0,6.5,0.0,78.4,2.7
254,2,2021-11-22,曇り,12.7,1.7,7.2,0.0,66.1,1.7
255,3,2021-11-22,晴れ,8.0,-3.1,2.5,0.0,57.7,1.2
256,4,2021-11-22,晴れ,10.3,-0.7,4.8,0.0,56.9,2.9
257,1,2021-11-23,晴れ,10.9,-0.2,5.4,0.0,70.6,2.4
258,2,2021-11-23,晴れ,10.5,-0.4,5.0,0.0,51.9,0.8
259,3,2021-11-23,晴れ,5.4,-5.4,0.0,0.0,50.0,2.3
260,4,2021-11-23,晴れ,8.4,-2.6,2.9,0.0,55.0,0.3
261,1,2021-11-24,曇り,13.3,2.2,7.8,0.0,70.5,3.7
262,2,2021-11-24,曇り,13.0,2.1,7.5,0.0,72.2,1.7
263,3,2021-11-24,晴れ,8.8,-2.3,3.3,0.0,53.4,2.8
264,4,2021-11-24,曇り,9.5,-1.3,4.1,0.0,65.3,3.1
265,1,2021-11-25,曇り,12.1,0.8,6.5,0.0,55.6,1.4
266,2,2021-11-25,曇り,12.3,1.0,6.7,0.0,53.7,2.1
267,3,2021-11-25,曇り,4.8,-6.0,-0.6,0.0,71.4,3.7
268,4,2021-11-25,晴れ,10.6,-0.9,4.8,0.0,60.4,3.2
269,1,2021-11-26,雨,9.7,-1.0,4.3,3.3,86.6,4.2
270,2,2021-11-26,雪,11.7,0.7,6.2,12.7,72.2,1.0
271,3,2021-11-26,雨,5.9,-5.0,0.5,10.8,89.5,3.1
272,4,2021-11-26,雨,8.6,-2.4,3.1,1.1,86.5,3.5
273,1,2021-11-27,曇り,12.0,0.8,6.4,0.0,68.8,2.4
274,2,2021-11-27,晴れ,12.9,1.7,7.3,0.0,56.3,2.9
275,3,2021-11-27,晴れ,5.0,-5.7,-0.4,0.0,48.4,2.0
276,4,2021-11-27,曇り,7.8,-3.0,2.4,0.0,63.3,2.3
277,1,2021-11-28,雨,11.8,0.8,6.3,4.9,77.8,3.1
278,2,2021-11-28,雨,13.4,2.2,7.8,6.2,88.8,4.1
279,3,2021-11-28,雪,7.2,-3.8,1.7,4.9,66.3,3.4
280,4,2021-11-28,雨,12.1,0.6,6.3,50.7,86.0,4.7
281,1,2021-11-29,雨,12.6,1.5,7.0,0.5,85.5,1.6
282,2,2021-11-29,雪,10.9,0.2,5.5,4.8,77.4,1.0
283,3,2021-11-29,雨,7.8,-3.2,2.3,7.0,81.7,4.5
284,4,2021-11-29,雨,10.3,-0.8,4.8,7.4,85.4,6.3
285,1,2021-11-30,晴れ,11.4,0.3,5.9,0.0,55.8,1.3
286,2,2021-11-30,晴れ,13.7,2.3,8.0,0.0,60.3,1.6
287,3,2021-11-30,晴れ,6.6,-4.4,1.1,0.0,57.0,2.7
288,4,2021-11-30,晴れ,7.1,-3.5,1.8,0.0,46.0,2.7
289,1,2021-12-01,雨,14.0,2.9,8.4,0.5,72.1,3.0
290,2,2021-12-01,雨,14.3,3.3,8.8,17.0,81.1,3.3
291,3,2021-12-01,雨,8.0,-2.8,2.6,14.2,82.1,4.1
292,4,2021-12-01,雨,9.5,-1.2,4.2,2.0,77.6,3.2
293,1,2021-12-02,晴れ,13.1,2.1,7.6,0.0,37.0,1.7
294,2,2021-12-02,曇り,12.8,2.1,7.5,0.0,57.2,3.7
295,3,2021-12-02,晴れ,10.4,-0.9,4.8,0.0,48.6,2.0
296,4,2021-12-02,晴れ,11.8,0.7,6.2,0.0,57.2,3.8
297,1,2021-12-03,曇り,15.0,4.0,9.5,0.0,65.5,2.4
298,2,2021-12-03,晴れ,14.0,3.3,8.7,0.0,45.7,4.0
299,3,2021-12-03,晴れ,11.8,0.6,6.2,0.0,51.5,3.8
300,4,2021-12-03,晴れ,12.4,1.5,7.0,0.0,42.3,2.5
301,1,2021-12-04,雨,15.1,3.9,9.5,7.9,77.0,3.3
302,2,2021-12-04,雨,12.5,1.9,7.2,15.2,73.8,3.5
303,3,2021-12-04,雨,8.8,-2.0,3.4,6.0,77.3,3.5
304,4,2021-12-04,雨,12.2,1.1,6.6,12.7,70.9,3.1
305,1,2021-12-05,曇り,14.7,3.8,9.2,0.0,60.1,2.0
306,2,2021-12-05,曇り,15.8,4.8,10.3,0.0,68.8,1.2
307,3,2021-12-05,晴れ,9.3,-1.4,4.0,0.0,40.8,2.1
308,4,2021-12-05,晴れ,13.3,2.2,7.8,0.0,48.2,0.2
309,1,2021-12-06,晴れ,12.2,1.2,6.7,0.0,51.0,1.7
310,2,2021-12-06,晴れ,11.9,1.0,6.5,0.0,39.9,2.8
311,3,2021-12-06,曇り,8.1,-3.0,2.5,0.0,61.9,2.0
312,4,2021-12-06,晴れ,9.4,-1.6,3.9,0.0,45.9,2.2
313,1,2021-12-07,晴れ,12.8,1.6,7.2,0.0,47.4,2.3
314,2,2021-12-07,晴れ,11.6,0.8,6.2,0.0,38.8,1.0
315,3,2021-12-07,晴れ,9.3,-2.0,3.7,0.0,54.6,3.1
316,4,2021-12-07,晴れ,8.1,-2.5,2.8,0.0,31.9,3.3
317,1,2021-12-08,晴れ,11.5,0.5,6.0,0.0,39.3,0.9
318,2,2021-12-08,晴れ,10.7,0.0,5.3,0.0,50.9,3.2
319,3,2021-12-08,晴れ,6.1,-4.7,0.7,0.0,40.4,1.1
320,4,2021-12-08,晴れ,9.7,-1.4,4.1,0.0,39.6,1.0
321,1,2021-12-09,晴れ,8.4,-2.3,3.1,0.0,44.2,2.5
322,2,2021-12-09,晴れ,11.0,-0.1,5.5,0.0,46.0,1.5
323,3,2021-12-09,晴れ,5.0,-5.9,-0.5,0.0,53.5,1.7
324,4,2021-12-09,晴れ,7.8,-3.3,2.2,0.0,48.4,1.7
325,1,2021-12-10,曇り,12.0,1.2,6.6,0.0,68.0,0.8
326,2,2021-12-10,晴れ,13.3,2.3,7.8,0.0,64.9,2.9
327,3,2021-12-10,晴れ,7.7,-3.2,2.2,0.0,43.0,3.9
328,4,2021-12-10,晴れ,9.3,-1.5,3.9,0.0,44.7,1.7
329,1,2021-12-11,晴れ,15.8,4.6,10.2,0.0,38.3,1.5
330,2,2021-12-11,曇り,15.1,4.2,9.7,0.0,65.7,2.3
331,3,2021-12-11,晴れ,11.9,0.6,6.2,0.0,40.0,1.9
332,4,2021-12-11,曇り,13.3,2.2,7.8,0.0,61.2,3.3
333,1,2021-12-12,雨,12.6,1.9,7.2,5.9,75.8,3.3
334,2,2021-12-12,雨,13.9,3.1,8.5,0.5,84.6,3.3
335,3,2021-12-12,雨,9.3,-1.6,3.9,3.9,83.8,3.9
336,4,2021-12-12,雨,10.9,0.1,5.5,4.6,75.9,4.0
337,1,2021-12-13,曇り,13.8,2.7,8.2,0.0,66.2,0.2
338,2,2021-12-13,晴れ,13.4,2.5,8.0,0.0,40.1,2.8
339,3,2021-12-13,曇り,8.9,-2.1,3.4,0.0,48.2,1.0
340,4,2021-12-13,晴れ,12.1,0.9,6.5,0.0,44.0,1.9
341,1,2021-12-14,曇り,13.5,2.5,8.0,0.0,65.7,3.2
342,2,2021-12-14,曇り,13.4,2.5,8.0,0.0,63.5,2.7
343,3,2021-12-14,晴れ,8.8,-2.2,3.3,0.0,50.2,1.6
344,4,2021-12-14,晴れ,9.6,-1.1,4.2,0.0,45.1,3.9
345,1,2021-12-15,晴れ,13.2,2.2,7.7,0.0,42.2,3.3
346,2,2021-12-15,晴れ,14.9,3.7,9.3,0.0,45.0,2.3
347,3,2021-12-15,晴れ,6.9,-3.7,1.6,0.0,57.8,2.0
348,4,2021-12-15,晴れ,11.8,0.7,6.2,0.0,58.9,3.0
349,1,2021-12-16,雪,13.0,2.2,7.6,0.8,63.0,2.9
350,2,2021-12-16,雪,13.4,2.6,8.0,7.9,67.5,1.6
351,3,2021-12-16,雪,9.9,-1.1,4.4,10.5,65.2,2.2
352,4,2021-12-16,雪,9.8,-0.8,4.5,0.8,72.3,3.2
353,1,2021-12-17,雨,12.5,1.5,7.0,41.0,82.2,3.1
354,2,2021-12-17,雨,14.6,3.3,8.9,7.3,78.8,4.6
355,3,2021-12-17,雨,7.4,-3.4,2.0,10.0,70.9,3.9
356,4,2021-12-17,雨,9.9,-1.0,4.5,11.2,82.1,4.5
357,1,2021-12-18,曇り,8.2,-2.4,2.9,0.0,61.6,3.3
358,2,2021-12-18,晴れ,11.1,0.0,5.5,0.0,54.0,2.6
359,3,2021-12-18,晴れ,4.3,-6.5,-1.1,0.0,35.2,3.5
360,4,2021-12-18,晴れ,7.3,-3.5,1.9,0.0,42.2,1.9
361,1,2021-12-19,晴れ,9.5,-1.7,3.9,0.0,45.9,3.4
362,2,2021-12-19,晴れ,11.5,0.0,5.8,0.0,52.1,2.9
363,3,2021-12-19,晴れ,5.6,-5.7,-0.1,0.0,44.1,2.0
364,4,2021-12-19,曇り,5.5,-5.3,0.1,0.0,50.4,1.8
365,1,2021-12-20,晴れ,9.7,-1.5,4.1,0.0,48.2,3.2
366,2,2021-12-20,曇り,10.4,-0.9,4.8,0.0,50.8,3.0
367,3,2021-12-20,晴れ,2.4,-8.3,-3.0,0.0,41.0,2.5
368,4,2021-12-20,晴れ,8.6,-2.9,2.8,0.0,56.2,2.9
369,1,2021-12-21,晴れ,11.1,0.1,5.6,0.0,41.1,3.1
370,2,2021-12-21,晴れ,11.9,0.8,6.4,0.0,49.6,1.6
371,3,2021-12-21,晴れ,8.9,-2.6,3.2,0.0,38.7,3.4
372,4,2021-12-21,曇り,7.1,-3.6,1.7,0.0,55.7,3.4
373,1,2021-12-22,晴れ,12.7,1.5,7.1,0.0,46.5,4.8
374,2,2021-12-22,晴れ,14.0,2.6,8.3,0.0,50.7,1.3
375,3,2021-12-22,晴れ,7.1,-3.9,1.6,0.0,40.0,3.0
376,4,2021-12-22,曇り,9.5,-1.5,4.0,0.0,58.5,2.7
377,1,2021-12-23,晴れ,13.6,2.5,8.1,0.0,45.9,3.4
378,2,2021-12-23,曇り,14.2,3.1,8.7,0.0,60.9,1.5
379,3,2021-12-23,晴れ,9.1,-2.1,3.5,0.0,42.1,0.8
380,4,2021-12-23,曇り,9.4,-1.3,4.0,0.0,48.1,2.8
381,1,2021-12-24,曇り,12.7,1.8,7.2,0.0,66.7,2.4
382,2,2021-12-24,晴れ,13.0,2.1,7.5,0.0,49.6,2.7
383,3,2021-12-24,曇り,8.3,-2.7,2.8,0.0,63.0,2.5
384,4,2021-12-24,曇り,9.9,-0.9,4.5,0.0,55.3,1.7
385,1,2021-12-25,曇り,11.8,1.1,6.5,0.0,55.2,1.9
386,2,2021-12-25,晴れ,13.9,2.9,8.4,0.0,45.8,0.5
387,3,2021-12-25,晴れ,7.9,-2.9,2.5,0.0,48.5,1.7
388,4,2021-12-25,曇り,12.7,1.4,7.0,0.0,57.0,1.2
389,1,2021-12-26,晴れ,8.5,-2.7,2.9,0.0,47.3,3.5
390,2,2021-12-26,晴れ,10.1,-1.2,4.5,0.0,42.6,3.2
391,3,2021-12-26,晴れ,4.6,-6.7,-1.1,0.0,52.1,3.4
392,4,2021-12-26,曇り,7.5,-3.8,1.9,0.0,55.4,1.3
393,1,2021-12-27,曇り,7.9,-3.0,2.5,0.0,55.9,0.8
394,2,2021-12-27,曇り,10.7,-0.6,5.0,0.0,69.2,2.7
395,3,2021-12-27,晴れ,5.0,-6.3,-0.6,0.0,37.4,1.8
396,4,2021-12-27,晴れ,7.2,-4.0,1.6,0.0,38.5,1.2
397,1,2021-12-28,晴れ,8.0,-2.9,2.5,0.0,43.2,1.9
398,2,2021-12-28,晴れ,10.3,-1.0,4.7,0.0,43.6,2.0
399,3,2021-12-28,晴れ,5.7,-5.6,0.1,0.0,52.5,3.1
400,4,2021-12-28,曇り,8.2,-3.2,2.5,0.0,51.8,2.5
401,1,2021-12-29,晴れ,10.9,-0.4,5.2,0.0,38.1,2.4
402,2,2021-12-29,晴れ,9.0,-1.8,3.6,0.0,49.4,3.9
403,3,2021-12-29,晴れ,6.9,-4.5,1.2,0.0,39.0,2.5
404,4,2021-12-29,晴れ,7.3,-3.7,1.8,0.0,42.8,3.8
405,1,2021-12-30,晴れ,9.2,-1.5,3.8,0.0,42.0,0.2
406,2,2021-12-30,晴れ,10.1,-0.7,4.7,0.0,48.0,2.7
407,3,2021-12-30,晴れ,7.6,-3.7,1.9,0.0,44.6,0.2
408,4,2021-12-30,晴れ,8.9,-2.2,3.4,0.0,53.1,2.8
409,1,2021-12-31,雪,9.5,-1.4,4.0,4.5,62.1,2.9
410,2,2021-12-31,雨,11.5,0.3,5.9,4.2,74.6,4.2
411,3,2021-12-31,雪,5.9,-5.2,0.4,8.5,69.8,3.0
412,4,2021-12-31,雪,7.3,-3.6,1.8,7.0,74.3,2.7
413,1,2022-01-01,晴れ,11.1,-0.1,5.5,0.0,42.1,1.4
414,2,2022-01-01,曇り,11.6,0.4,6.0,0.0,57.2,3.8
415,3,2022-01-01,晴れ,4.9,-6.0,-0.5,0.0,41.0,1.0
416,4,2022-01-01,晴れ,7.3,-3.6,1.8,0.0,46.4,0.2
417,1,2022-01-02,雨,8.4,-2.7,2.9,6.2,77.7,5.3
418,2,2022-01-02,雪,6.4,-4.1,1.2,5.2,70.2,2.6
419,3,2022-01-02,雨,5.6,-5.8,-0.1,19.4,75.5,3.0
420,4,2022-01-02,雪,3.9,-6.7,-1.4,3.9,73.6,2.6
421,1,2022-01-03,雪,10.9,0.0,5.5,3.9,53.4,2.2
422,2,2022-01-03,雨,11.7,0.8,6.2,9.1,82.2,3.5
423,3,2022-01-03,雨,6.7,-4.3,1.2,6.1,76.0,3.7
424,4,2022-01-03,雨,8.8,-2.1,3.4,4.0,68.2,3.6
425,1,2022-01-04,晴れ,10.5,-0.5,5.0,0.0,59.1,3.2
426,2,2022-01-04,晴れ,10.0,-0.8,4.6,0.0,57.0,2.9
427,3,2022-01-04,曇り,6.1,-4.9,0.6,0.0,69.2,0.7
428,4,2022-01-04,晴れ,7.9,-3.0,2.5,0.0,37.7,3.0
429,1,2022-01-05,晴れ,10.2,-0.8,4.7,0.0,51.9,1.7
430,2,2022-01-05,晴れ,8.7,-1.8,3.4,0.0,37.2,2.8
431,3,2022-01-05,晴れ,4.8,-6.0,-0.6,0.0,49.2,0.7
432,4,2022-01-05,晴れ,8.4,-2.6,2.9,0.0,49.7,1.3
433,1,2022-01-06,雨,8.9,-2.3,3.3,17.0,70.9,4.6
434,2,2022-01-06,雨,7.9,-2.9,2.5,28.6,77.2,4.4
435,3,2022-01-06,雨,4.3,-6.9,-1.3,10.6,77.4,4.1
436,4,2022-01-06,雨,6.9,-4.3,1.3,30.1,88.1,5.6
437,1,2022-01-07,曇り,9.2,-1.8,3.7,0.0,59.1,1.9
438,2,2022-01-07,晴れ,9.9,-1.1,4.4,0.0,44.9,3.0
439,3,2022-01-07,晴れ,3.8,-7.0,-1.6,0.0,39.8,2.4
440,4,2022-01-07,晴れ,7.2,-3.8,1.7,0.0,47.9,1.8
441,1,2022-01-08,晴れ,6.1,-4.7,0.7,0.0,50.1,2.9
442,2,2022-01-08,曇り,7.5,-3.4,2.0,0.0,54.1,2.0
443,3,2022-01-08,晴れ,2.3,-8.6,-3.1,0.0,45.6,3.0
444,4,2022-01-08,晴れ,4.0,-6.8,-1.4,0.0,40.3,3.1
445,1,2022-01-09,晴れ,5.9,-4.5,0.7,0.0,46.5,1.1
446,2,2022-01-09,曇り,10.5,-0.7,4.9,0.0,58.3,4.9
447,3,2022-01-09,晴れ,4.8,-6.3,-0.8,0.0,38.8,3.0
448,4,2022-01-09,晴れ,6.5,-4.5,1.0,0.0,42.8,1.2
449,1,2022-01-10,曇り,8.9,-2.2,3.4,0.0,58.8,2.1
450,2,2022-01-10,晴れ,10.1,-1.1,4.5,0.0,66.0,2.7
451,3,2022-01-10,晴れ,4.0,-7.0,-1.5,0.0,44.0,0.6
452,4,2022-01-10,晴れ,6.6,-4.4,1.1,0.0,47.9,1.8
453,1,2022-01-11,雨,9.0,-2.0,3.5,14.3,74.4,5.5
454,2,2022-01-11,雪,8.6,-2.2,3.2,3.8,62.8,2.3
455,3,2022-01-11,雨,6.1,-5.2,0.4,11.5,68.1,3.6
456,4,2022-01-11,雨,6.8,-4.2,1.3,17.5,89.7,4.8
457,1,2022-01-12,晴れ,8.0,-2.7,2.6,0.0,43.1,3.8
458,2,2022-01-12,曇り,8.7,-2.1,3.3,0.0,64.6,0.7
459,3,2022-01-12,晴れ,4.0,-6.9,-1.5,0.0,44.5,1.3
460,4,2022-01-12,晴れ,6.7,-4.2,1.2,0.0,44.4,3.0
461,1,2022-01-13,雨,8.5,-2.6,3.0,12.8,71.9,4.0
462,2,2022-01-13,雨,9.3,-1.8,3.8,3.9,66.6,3.8
463,3,2022-01-13,雪,3.2,-7.8,-2.3,6.7,74.8,2.3
464,4,2022-01-13,雪,5.0,-5.9,-0.5,0.7,73.2,2.2
465,1,2022-01-14,晴れ,6.1,-4.8,0.6,0.0,45.9,4.2
466,2,2022-01-14,曇り,7.1,-3.8,1.6,0.0,51.0,1.4
467,3,2022-01-14,晴れ,3.2,-8.0,-2.4,0.0,45.0,1.8
468,4,2022-01-14,晴れ,3.9,-6.9,-1.5,0.0,46.9,1.1
469,1,2022-01-15,曇り,7.8,-3.2,2.3,0.0,57.2,2.3
470,2,2022-01-15,晴れ,8.7,-2.4,3.1,0.0,43.5,2.5
471,3,2022-01-15,晴れ,4.2,-7.0,-1.4,0.0,38.7,0.6
472,4,2022-01-15,曇り,5.4,-5.6,-0.1,0.0,62.8,1.2
473,1,2022-01-16,晴れ,7.2,-3.6,1.8,0.0,49.5,3.4
474,2,2022-01-16,晴れ,10.5,-0.8,4.8,0.0,48.0,4.0
475,3,2022-01-16,晴れ,4.8,-6.4,-0.8,0.0,44.6,3.8
476,4,2022-01-16,曇り,6.2,-4.8,0.7,0.0,64.6,3.5
477,1,2022-01-17,雨,9.2,-1.8,3.7,8.8,67.8,2.4
478,2,2022-01-17,雨,10.4,-0.6,4.9,6.0,76.6,3.7
479,3,2022-01-17,雪,5.3,-5.8,-0.2,6.7,67.6,1.6
480,4,2022-01-17,雪,8.1,-3.1,2.5,3.5,60.9,2.4
481,1,2022-01-18,晴れ,10.5,-0.5,5.0,0.0,47.0,1.4
482,2,2022-01-18,晴れ,11.7,0.6,6.1,0.0,54.3,1.6
483,3,2022-01-18,晴れ,5.5,-5.4,0.0,0.0,35.4,1.7
484,4,2022-01-18,曇り,8.7,-2.3,3.2,0.0,61.2,2.1
485,1,2022-01-19,晴れ,9.8,-1.0,4.4,0.0,32.4,2.3
486,2,2022-01-19,曇り,12.1,1.0,6.5,0.0,58.5,1.8
487,3,2022-01-19,晴れ,9.8,-1.9,4.0,0.0,50.1,2.8
488,4,2022-01-19,曇り,8.2,-2.7,2.7,0.0,61.7,1.7
489,1,2022-01-20,曇り,9.1,-1.7,3.7,0.0,64.2,3.8
490,2,2022-01-20,晴れ,11.3,0.2,5.8,0.0,47.2,2.3
491,3,2022-01-20,曇り,4.3,-6.5,-1.1,0.0,65.8,1.9
492,4,2022-01-20,曇り,8.0,-3.0,2.5,0.0,59.9,0.8
493,1,2022-01-21,晴れ,11.3,0.1,5.7,0.0,42.0,1.7
494,2,2022-01-21,晴れ,10.8,-0.1,5.4,0.0,39.4,0.2
495,3,2022-01-21,曇り,3.8,-6.8,-1.5,0.0,51.9,3.5
496,4,2022-01-21,晴れ,8.3,-2.7,2.8,0.0,48.3,2.5
497,1,2022-01-22,晴れ,9.8,-1.2,4.3,0.0,56.1,2.2
498,2,2022-01-22,晴れ,10.3,-0.7,4.8,0.0,49.5,3.6
499,3,2022-01-22,晴れ,4.6,-6.2,-0.8,0.0,45.9,3.0
500,4,2022-01-22,晴れ,7.9,-3.2,2.4,0.0,48.8,3.2
501,1,2022-01-23,晴れ,10.6,-0.2,5.2,0.0,47.0,0.6
502,2,2022-01-23,曇り,12.9,1.7,7.3,0.0,58.2,1.3
503,3,2022-01-23,晴れ,7.1,-3.9,1.6,0.0,48.6,3.0
504,4,2022-01-23,晴れ,10.8,-0.5,5.2,0.0,46.5,0.9
505,1,2022-01-24,雪,11.3,0.3,5.8,7.5,63.1,1.6
506,2,2022-01-24,雪,11.5,0.6,6.0,6.0,65.9,2.5
507,3,2022-01-24,雪,5.9,-4.9,0.5,0.5,66.5,2.4
508,4,2022-01-24,雨,9.5,-1.5,4.0,6.9,80.7,4.4
509,1,2022-01-25,晴れ,12.4,1.3,6.9,0.0,47.5,2.7
510,2,2022-01-25,晴れ,13.2,2.1,7.6,0.0,53.3,2.4
511,3,2022-01-25,晴れ,5.9,-4.7,0.6,0.0,39.6,2.9
512,4,2022-01-25,晴れ,9.4,-1.4,4.0,0.0,54.0,2.2
513,1,2022-01-26,晴れ,12.4,1.2,6.8,0.0,47.0,3.9
514,2,2022-01-26,晴れ,10.3,-0.3,5.0,0.0,57.0,4.0
515,3,2022-01-26,晴れ,7.9,-3.3,2.3,0.0,48.0,0.5
516,4,2022-01-26,晴れ,10.3,-0.8,4.8,0.0,48.8,0.6
517,1,2022-01-27,曇り,9.3,-1.4,4.0,0.0,54.3,4.4
518,2,2022-01-27,晴れ,11.7,0.6,6.1,0.0,46.0,3.1
519,3,2022-01-27,晴れ,5.1,-5.7,-0.3,0.0,49.0,4.2
520,4,2022-01-27,晴れ,6.4,-4.2,1.1,0.0,47.5,2.0
521,1,2022-01-28,晴れ,8.5,-2.2,3.1,0.0,42.8,3.0
522,2,2022-01-28,曇り,11.5,0.4,6.0,0.0,57.3,1.1
523,3,2022-01-28,曇り,3.2,-7.2,-2.0,0.0,66.7,0.3
524,4,2022-01-28,晴れ,8.0,-3.0,2.5,0.0,53.7,0.5
525,1,2022-01-29,晴れ,11.6,0.4,6.0,0.0,46.8,1.9
526,2,2022-01-29,晴れ,12.0,0.8,6.4,0.0,61.9,4.9
527,3,2022-01-29,晴れ,8.1,-3.3,2.4,0.0,52.5,2.7
528,4,2022-01-29,晴れ,7.5,-3.3,2.1,0.0,55.1,0.2
529,1,2022-01-30,晴れ,8.1,-2.6,2.8,0.0,47.6,0.2
530,2,2022-01-30,晴れ,10.6,-0.4,5.1,0.0,54.2,2.1
531,3,2022-01-30,晴れ,6.5,-4.7,0.9,0.0,63.4,2.9
532,4,2022-01-30,晴れ,7.6,-3.4,2.1,0.0,45.4,1.8
533,1,2022-01-31,晴れ,10.9,-0.1,5.4,0.0,36.5,3.5
534,2,2022-01-31,晴れ,11.1,0.1,5.6,0.0,46.4,3.3
535,3,2022-01-31,曇り,5.8,-5.1,0.4,0.0,60.6,1.1
536,4,2022-01-31,曇り,7.3,-3.4,1.9,0.0,64.5,1.9
537,1,2022-02-01,雨,10.1,-1.0,4.5,2.9,85.1,4.9
538,2,2022-02-01,雨,12.0,0.6,6.3,9.7,71.6,3.8
539,3,2022-02-01,雪,3.5,-7.2,-1.9,6.7,65.4,3.7
540,4,2022-02-01,雨,8.7,-2.6,3.0,14.2,80.6,3.5
541,1,2022-02-02,雪,7.5,-3.4,2.0,3.4,78.2,3.0
542,2,2022-02-02,雨,7.0,-3.7,1.6,14.3,68.9,4.6
543,3,2022-02-02,雪,4.3,-6.8,-1.2,6.3,72.3,2.4
544,4,2022-02-02,雨,7.8,-3.6,2.1,11.8,78.5,4.7
545,1,2022-02-03,晴れ,11.1,-0.1,5.5,0.0,54.9,1.3
546,2,2022-02-03,晴れ,11.9,0.6,6.2,0.0,52.8,1.9
547,3,2022-02-03,晴れ,5.3,-5.6,-0.1,0.0,39.0,2.6
548,4,2022-02-03,晴れ,7.0,-3.8,1.6,0.0,53.8,1.7
549,1,2022-02-04,雨,9.3,-1.8,3.8,13.6,79.5,2.1
550,2,2022-02-04,雪,7.9,-2.8,2.6,8.9,60.8,1.6
551,3,2022-02-04,雪,4.3,-6.7,-1.2,2.1,58.1,3.7
552,4,2022-02-04,雨,5.4,-5.4,0.0,5.3,74.7,3.3
553,1,2022-02-05,晴れ,10.1,-0.8,4.6,0.0,40.7,2.0
554,2,2022-02-05,晴れ,11.6,0.5,6.0,0.0,44.0,4.2
555,3,2022-02-05,曇り,6.3,-4.8,0.8,0.0,60.6,1.6
556,4,2022-02-05,晴れ,8.2,-2.8,2.7,0.0,55.8,3.6
557,1,2022-02-06,曇り,7.7,-2.8,2.5,0.0,72.1,2.0
558,2,2022-02-06,晴れ,10.0,-0.9,4.5,0.0,43.9,0.5
559,3,2022-02-06,晴れ,6.8,-4.5,1.1,0.0,35.9,1.5
560,4,2022-02-06,曇り,6.8,-4.0,1.4,0.0,58.8,1.9
561,1,2022-02-07,晴れ,10.0,-1.6,4.2,0.0,41.4,2.1
562,2,2022-02-07,晴れ,6.9,-4.0,1.5,0.0,47.3,1.1
563,3,2022-02-07,晴れ,1.1,-9.6,-4.2,0.0,39.8,1.7
564,4,2022-02-07,晴れ,4.3,-6.6,-1.1,0.0,45.4,1.6
565,1,2022-02-08,曇り,6.9,-4.1,1.4,0.0,62.0,2.2
566,2,2022-02-08,晴れ,7.7,-3.3,2.2,0.0,49.6,3.6
567,3,2022-02-08,曇り,1.5,-9.3,-3.9,0.0,59.0,1.6
568,4,2022-02-08,晴れ,3.9,-6.9,-1.5,0.0,52.3,2.9
569,1,2022-02-09,曇り,8.5,-2.3,3.1,0.0,58.3,1.8
570,2,2022-02-09,曇り,9.7,-1.2,4.2,0.0,50.3,1.6
571,3,2022-02-09,曇り,3.7,-7.1,-1.7,0.0,55.9,2.4
572,4,2022-02-09,晴れ,7.1,-3.9,1.6,0.0,48.8,2.0
573,1,2022-02-10,晴れ,9.6,-1.6,4.0,0.0,53.6,1.7
574,2,2022-02-10,曇り,10.3,-0.9,4.7,0.0,64.5,2.5
575,3,2022-02-10,晴れ,3.6,-7.3,-1.8,0.0,53.9,4.1
576,4,2022-02-10,晴れ,5.9,-5.0,0.5,0.0,59.1,2.1
577,1,2022-02-11,曇り,10.4,-0.6,4.9,0.0,52.7,2.1
578,2,2022-02-11,晴れ,11.4,0.4,5.9,0.0,45.5,1.8
579,3,2022-02-11,曇り,6.5,-4.6,1.0,0.0,54.2,5.0
580,4,2022-02-11,晴れ,9.3,-1.9,3.7,0.0,53.2,3.5
581,1,2022-02-12,晴れ,11.0,-0.1,5.5,0.0,46.7,2.6
582,2,2022-02-12,曇り,10.5,-0.4,5.0,0.0,69.7,3.0
583,3,2022-02-12,曇り,5.8,-5.2,0.3,0.0,62.8,1.5
584,4,2022-02-12,晴れ,8.7,-2.4,3.1,0.0,41.2,0.2
585,1,2022-02-13,雨,12.7,1.3,7.0,34.1,71.8,3.0
586,2,2022-02-13,雨,11.7,0.6,6.1,0.5,73.7,5.1
587,3,2022-02-13,雨,6.4,-4.6,0.9,12.9,73.9,2.1
588,4,2022-02-13,雨,8.2,-2.8,2.7,14.4,86.3,3.6
589,1,2022-02-14,晴れ,9.0,-1.7,3.6,0.0,46.3,3.5
590,2,2022-02-14,晴れ,11.5,0.4,6.0,0.0,37.3,2.4
591,3,2022-02-14,晴れ,6.7,-4.4,1.1,0.0,40.4,2.9
592,4,2022-02-14,晴れ,9.8,-1.5,4.2,0.0,51.3,1.3
593,1,2022-02-15,曇り,11.2,0.3,5.8,0.0,54.2,2.7
594,2,2022-02-15,晴れ,11.8,0.9,6.4,0.0,43.4,3.0
595,3,2022-02-15,曇り,5.4,-5.3,0.1,0.0,57.9,3.0
596,4,2022-02-15,曇り,7.4,-3.2,2.1,0.0,75.9,2.2
597,1,2022-02-16,曇り,11.4,0.3,5.9,0.0,52.4,2.1
598,2,2022-02-16,晴れ,10.8,0.0,5.4,0.0,49.2,1.9
599,3,2022-02-16,晴れ,6.6,-4.4,1.1,0.0,36.3,3.1
600,4,2022-02-16,晴れ,8.6,-2.3,3.1,0.0,47.9,2.0
601,1,2022-02-17,晴れ,9.4,-1.1,4.2,0.0,46.5,2.1
602,2,2022-02-17,晴れ,12.6,1.5,7.0,0.0,56.4,1.9
603,3,2022-02-17,曇り,7.0,-3.9,1.6,0.0,52.6,3.3
604,4,2022-02-17,晴れ,9.4,-1.5,4.0,0.0,46.1,2.5
605,1,2022-02-18,曇り,13.4,2.4,7.9,0.0,62.6,3.4
606,2,2022-02-18,曇り,13.6,2.6,8.1,0.0,57.2,2.5
607,3,2022-02-18,晴れ,9.0,-2.1,3.5,0.0,35.6,2.8
608,4,2022-02-18,晴れ,11.0,0.0,5.5,0.0,44.1,1.7
609,1,2022-02-19,雨,11.8,0.7,6.2,37.3,75.8,4.6
610,2,2022-02-19,雨,12.4,1.4,6.9,5.1,63.4,2.9
611,3,2022-02-19,雨,7.4,-3.7,1.9,13.2,82.0,3.8
612,4,2022-02-19,雨,9.8,-1.3,4.2,7.9,94.3,2.4
613,1,2022-02-20,曇り,8.9,-2.0,3.5,0.0,55.9,1.6
614,2,2022-02-20,晴れ,9.9,-1.1,4.4,0.0,42.2,2.1
615,3,2022-02-20,晴れ,3.0,-7.6,-2.3,0.0,41.3,1.7
616,4,2022-02-20,晴れ,7.7,-3.4,2.2,0.0,52.8,1.6
617,1,2022-02-21,晴れ,8.1,-2.9,2.6,0.0,44.5,1.2
618,2,2022-02-21,曇り,10.0,-1.3,4.3,0.0,60.2,1.6
619,3,2022-02-21,晴れ,4.5,-6.7,-1.1,0.0,51.1,1.5
620,4,2022-02-21,晴れ,5.3,-5.7,-0.2,0.0,57.2,1.7
621,1,2022-02-22,晴れ,11.3,0.2,5.8,0.0,47.2,4.3
622,2,2022-02-22,曇り,13.4,2.0,7.7,0.0,59.4,3.6
623,3,2022-02-22,晴れ,7.2,-4.0,1.6,0.0,48.4,0.7
624,4,2022-02-22,曇り,9.9,-1.4,4.2,0.0,57.6,1.9
625,1,2022-02-23,雨,13.5,2.0,7.8,0.5,65.3,2.5
626,2,2022-02-23,雨,14.3,2.8,8.6,40.5,76.7,4.1
627,3,2022-02-23,雪,7.9,-3.3,2.3,6.8,67.2,1.6
628,4,2022-02-23,雨,9.6,-1.5,4.0,5.6,85.4,3.3
629,1,2022-02-24,曇り,13.4,1.9,7.7,0.0,57.3,2.0
630,2,2022-02-24,曇り,13.6,2.2,7.9,0.0,55.7,3.2
631,3,2022-02-24,曇り,7.4,-3.7,1.9,0.0,65.5,1.0
632,4,2022-02-24,晴れ,11.1,-0.3,5.4,0.0,56.7,2.2
633,1,2022-02-25,曇り,12.4,1.3,6.9,0.0,60.3,3.5
634,2,2022-02-25,晴れ,15.0,3.4,9.2,0.0,57.5,2.7
635,3,2022-02-25,晴れ,9.0,-2.3,3.4,0.0,43.1,4.9
636,4,2022-02-25,晴れ,10.1,-1.0,4.5,0.0,44.7,1.9
637,1,2022-02-26,雨,13.5,2.1,7.8,12.2,75.4,3.7
638,2,2022-02-26,雨,12.9,1.8,7.4,12.2,77.4,3.1
639,3,2022-02-26,雨,8.4,-2.8,2.8,6.0,70.7,3.5
640,4,2022-02-26,雨,11.5,0.1,5.8,9.7,70.1,5.2
641,1,2022-02-27,曇り,12.1,0.6,6.3,0.0,66.1,1.3
642,2,2022-02-27,曇り,12.5,1.0,6.8,0.0,55.4,3.6
643,3,2022-02-27,曇り,6.9,-4.5,1.2,0.0,56.9,2.2
644,4,2022-02-27,晴れ,8.8,-2.5,3.2,0.0,38.9,0.8
645,1,2022-02-28,雪,9.0,-2.1,3.5,5.8,73.6,1.6
646,2,2022-02-28,雨,12.2,0.6,6.4,12.0,71.4,3.5
647,3,2022-02-28,雨,4.6,-6.5,-1.0,15.3,91.6,2.2
648,4,2022-02-28,雪,9.0,-2.6,3.2,0.5,62.7,2.7
649,1,2022-03-01,雨,12.2,0.7,6.4,4.6,92.1,3.9
650,2,2022-03-01,雨,13.2,1.6,7.4,13.6,93.1,1.9
651,3,2022-03-01,雪,6.3,-5.0,0.6,4.4,66.3,3.2
652,4,2022-03-01,雪,9.6,-1.8,3.9,3.3,66.2,1.3
653,1,2022-03-02,雨,14.4,2.8,8.6,11.4,83.9,2.7
654,2,2022-03-02,雨,15.4,3.7,9.6,0.5,78.8,3.4
655,3,2022-03-02,雨,10.8,-1.1,4.9,12.6,98.1,2.6
656,4,2022-03-02,雪,11.6,0.1,5.8,12.2,75.0,2.0
657,1,2022-03-03,曇り,13.2,1.5,7.3,0.0,63.5,2.5
658,2,2022-03-03,曇り,14.4,2.7,8.6,0.0,71.6,1.4
659,3,2022-03-03,晴れ,9.2,-2.5,3.3,0.0,48.9,4.3
660,4,2022-03-03,曇り,10.0,-1.4,4.3,0.0,68.6,3.2
661,1,2022-03-04,晴れ,13.2,1.6,7.4,0.0,52.2,1.5
662,2,2022-03-04,晴れ,12.5,1.1,6.8,0.0,55.0,2.6
663,3,2022-03-04,曇り,8.5,-3.1,2.7,0.0,66.6,1.7
664,4,2022-03-04,晴れ,11.2,-0.5,5.3,0.0,47.9,1.8
665,1,2022-03-05,曇り,13.6,1.8,7.7,0.0,72.9,2.0
666,2,2022-03-05,晴れ,15.3,3.3,9.3,0.0,58.3,3.2
667,3,2022-03-05,晴れ,7.7,-3.8,2.0,0.0,46.7,3.3
668,4,2022-03-05,曇り,10.6,-1.0,4.8,0.0,63.7,2.1
669,1,2022-03-06,雪,13.9,1.8,7.9,7.4,76.9,1.3
670,2,2022-03-06,雨,13.5,1.6,7.5,50.4,78.6,2.5
671,3,2022-03-06,雪,6.4,-5.1,0.7,8.3,78.5,1.9
672,4,2022-03-06,雪,11.7,-0.4,5.6,1.4,75.6,3.0
673,1,2022-03-07,晴れ,11.0,-0.7,5.2,0.0,64.3,1.9
674,2,2022-03-07,晴れ,10.4,-1.1,4.7,0.0,52.3,1.2
675,3,2022-03-07,曇り,6.4,-5.4,0.5,0.0,65.3,2.4
676,4,2022-03-07,晴れ,10.0,-2.0,4.0,0.0,55.4,3.0
677,1,2022-03-08,晴れ,13.0,1.1,7.0,0.0,57.5,4.2
678,2,2022-03-08,晴れ,13.4,1.5,7.5,0.0,61.9,0.7
679,3,2022-03-08,晴れ,7.0,-4.6,1.2,0.0,50.9,2.2
680,4,2022-03-08,晴れ,10.1,-1.7,4.2,0.0,51.5,0.8
681,1,2022-03-09,晴れ,15.1,3.3,9.2,0.0,49.0,0.9
682,2,2022-03-09,晴れ,15.5,3.7,9.6,0.0,42.9,1.6
683,3,2022-03-09,曇り,10.7,-1.1,4.8,0.0,64.6,1.2
684,4,2022-03-09,曇り,12.8,1.0,6.9,0.0,71.2,0.8
685,1,2022-03-10,晴れ,18.7,6.4,12.6,0.0,37.0,3.6
686,2,2022-03-10,晴れ,18.8,6.7,12.8,0.0,40.7,3.7
687,3,2022-03-10,晴れ,12.8,0.8,6.8,0.0,57.6,2.5
688,4,2022-03-10,晴れ,14.1,2.3,8.2,0.0,57.4,1.8
689,1,2022-03-11,曇り,14.5,2.6,8.6,0.0,70.9,1.3
690,2,2022-03-11,曇り,14.5,2.7,8.6,0.0,61.0,2.5
691,3,2022-03-11,晴れ,10.4,-1.6,4.4,0.0,48.2,0.6
692,4,2022-03-11,曇り,12.1,0.2,6.1,0.0,63.2,2.8
693,1,2022-03-12,雪,12.9,0.9,6.9,0.5,79.8,3.5
694,2,2022-03-12,雨,14.5,2.3,8.4,32.9,81.3,4.9
695,3,2022-03-12,雨,8.9,-3.2,2.9,23.7,93.7,2.4
696,4,2022-03-12,雨,13.0,0.6,6.8,24.7,79.7,3.5
697,1,2022-03-13,晴れ,15.1,2.9,9.0,0.0,48.6,3.4
698,2,2022-03-13,晴れ,12.9,1.3,7.1,0.0,57.2,3.4
699,3,2022-03-13,晴れ,10.6,-1.6,4.5,0.0,43.2,1.5
700,4,2022-03-13,晴れ,10.9,-0.8,5.0,0.0,49.8,1.4
701,1,2022-03-14,晴れ,13.8,1.8,7.8,0.0,59.3,3.0
702,2,2022-03-14,晴れ,13.9,2.0,8.0,0.0,59.9,1.1
703,3,2022-03-14,曇り,9.8,-2.3,3.8,0.0,70.0,0.7
704,4,2022-03-14,晴れ,11.3,-0.7,5.3,0.0,61.5,2.2
705,1,2022-03-15,曇り,13.4,1.5,7.5,0.0,64.6,4.1
706,2,2022-03-15,曇り,13.3,1.5,7.4,0.0,73.8,0.9
707,3,2022-03-15,晴れ,9.3,-2.7,3.3,0.0,55.9,4.5
708,4,2022-03-15,晴れ,12.1,0.0,6.0,0.0,47.3,2.1
709,1,2022-03-16,晴れ,14.1,2.1,8.1,0.0,48.9,1.3
710,2,2022-03-16,曇り,14.1,2.3,8.2,0.0,65.4,2.1
711,3,2022-03-16,晴れ,11.2,-1.0,5.1,0.0,57.1,1.9
712,4,2022-03-16,晴れ,11.2,-0.6,5.3,0.0,45.6,3.5
713,1,2022-03-17,曇り,14.4,2.4,8.4,0.0,74.9,2.9
714,2,2022-03-17,曇り,14.8,2.9,8.8,0.0,70.7,2.2
715,3,2022-03-17,曇り,11.0,-1.1,5.0,0.0,75.3,3.1
716,4,2022-03-17,晴れ,12.8,0.8,6.8,0.0,64.0,4.1
717,1,2022-03-18,晴れ,12.9,0.9,6.9,0.0,63.5,3.4
718,2,2022-03-18,曇り,13.9,1.8,7.9,0.0,56.0,2.4
719,3,2022-03-18,晴れ,7.3,-4.4,1.4,0.0,53.3,3.4
720,4,2022-03-18,晴れ,11.0,-1.1,5.0,0.0,43.6,2.0
721,1,2022-03-19,雪,10.6,-1.2,4.7,7.6,74.2,2.8
722,2,2022-03-19,雨,12.6,0.5,6.5,4.1,82.9,3.9
723,3,2022-03-19,雪,6.0,-5.8,0.1,12.2,81.0,1.6
724,4,2022-03-19,雨,9.0,-2.9,3.0,15.0,95.0,2.8
725,1,2022-03-20,雪,13.6,1.6,7.6,7.5,84.3,2.9
726,2,2022-03-20,雨,14.1,2.2,8.2,52.4,79.4,1.2
727,3,2022-03-20,雨,9.8,-2.3,3.8,8.1,84.7,3.5
728,4,2022-03-20,雨,11.5,-0.5,5.5,11.7,88.3,3.0
729,1,2022-03-21,雪,12.3,0.2,6.2,2.3,75.6,2.9
730,2,2022-03-21,雨,11.2,-0.5,5.3,19.6,90.7,3.8
731,3,2022-03-21,雪,6.9,-5.0,1.0,0.5,70.6,1.1
732,4,2022-03-21,雨,10.4,-1.7,4.4,4.6,84.0,2.5
733,1,2022-03-22,雨,13.3,1.2,7.2,16.5,90.1,2.1
734,2,2022-03-22,雨,13.4,1.4,7.4,5.7,78.7,3.1
735,3,2022-03-22,雪,7.6,-4.3,1.6,4.7,69.7,4.9
736,4,2022-03-22,雨,11.3,-0.8,5.2,8.1,79.4,3.8
737,1,2022-03-23,曇り,14.9,3.0,8.9,0.0,73.1,2.8
738,2,2022-03-23,曇り,16.3,4.3,10.3,0.0,63.6,1.6
739,3,2022-03-23,晴れ,10.6,-1.3,4.6,0.0,57.4,3.2
740,4,2022-03-23,晴れ,13.5,1.4,7.5,0.0,57.0,2.7
741,1,2022-03-24,晴れ,17.9,5.9,11.9,0.0,55.4,1.0
742,2,2022-03-24,晴れ,18.1,6.1,12.1,0.0,51.3,3.3
743,3,2022-03-24,曇り,11.0,-0.6,5.2,0.0,59.2,2.8
744,4,2022-03-24,晴れ,13.2,1.6,7.4,0.0,45.6,1.5
745,1,2022-03-25,雨,17.3,5.3,11.3,6.7,86.6,3.6
746,2,2022-03-25,雨,18.1,6.1,12.1,11.6,93.1,3.0
747,3,2022-03-25,雪,9.1,-2.2,3.4,13.3,75.8,3.2
748,4,2022-03-25,雨,13.8,2.1,8.0,11.0,90.8,2.1
749,1,2022-03-26,雨,18.3,6.5,12.4,6.0,89.1,3.9
750,2,2022-03-26,雨,19.3,7.5,13.4,9.6,95.2,3.2
751,3,2022-03-26,雪,12.8,1.2,7.0,3.9,74.2,0.9
752,4,2022-03-26,雨,17.1,5.1,11.1,8.4,91.0,2.4
753,1,2022-03-27,曇り,15.1,3.7,9.4,0.0,73.0,2.2
754,2,2022-03-27,曇り,16.5,4.9,10.7,0.0,62.5,2.2
755,3,2022-03-27,晴れ,12.1,0.3,6.2,0.0,59.5,3.0
756,4,2022-03-27,曇り,13.3,1.8,7.6,0.0,77.7,2.7
757,1,2022-03-28,晴れ,17.0,5.3,11.2,0.0,56.1,3.0
758,2,2022-03-28,晴れ,16.5,5.0,10.8,0.0,52.6,2.2
759,3,2022-03-28,晴れ,11.9,0.3,6.1,0.0,53.1,1.5
760,4,2022-03-28,晴れ,14.8,3.1,9.0,0.0,47.6,2.1
761,1,2022-03-29,曇り,15.9,4.4,10.2,0.0,73.3,2.3
762,2,2022-03-29,晴れ,19.0,7.0,13.0,0.0,53.4,2.3
763,3,2022-03-29,晴れ,10.8,-0.6,5.1,0.0,61.9,1.9
764,4,2022-03-29,晴れ,16.2,4.2,10.2,0.0,43.9,2.3
765,1,2022-03-30,晴れ,14.9,3.3,9.1,0.0,57.0,2.1
766,2,2022-03-30,曇り,14.7,3.2,8.9,0.0,77.2,2.7
767,3,2022-03-30,晴れ,8.6,-2.7,2.9,0.0,56.3,2.3
768,4,2022-03-30,晴れ,12.0,0.5,6.2,0.0,50.6,2.1
769,1,2022-03-31,晴れ,12.0,0.6,6.3,0.0,58.9,3.9
770,2,2022-03-31,曇り,12.9,1.4,7.2,0.0,67.3,3.1
771,3,2022-03-31,晴れ,7.7,-3.8,2.0,0.0,60.7,2.0
772,4,2022-03-31,晴れ,11.5,-0.3,5.6,0.0,66.1,2.3
773,1,2022-04-01,曇り,13.9,2.5,8.2,0.0,62.2,2.2
774,2,2022-04-01,晴れ,14.8,3.4,9.1,0.0,56.9,3.8
775,3,2022-04-01,曇り,9.3,-2.1,3.6,0.0,66.1,3.4
776,4,2022-04-01,晴れ,9.1,-1.8,3.6,0.0,54.3,0.8
777,1,2022-04-02,晴れ,14.4,3.2,8.8,0.0,54.5,4.6
778,2,2022-04-02,晴れ,13.9,2.9,8.4,0.0,57.5,1.8
779,3,2022-04-02,晴れ,10.1,-1.1,4.5,0.0,57.9,1.4
780,4,2022-04-02,曇り,12.6,1.3,7.0,0.0,61.9,0.2
781,1,2022-04-03,雨,13.8,2.6,8.2,6.1,77.7,3.5
782,2,2022-04-03,雨,13.3,2.3,7.8,1.6,83.3,4.0
783,3,2022-04-03,雨,9.8,-1.4,4.2,12.1,85.2,2.9
784,4,2022-04-03,雨,13.1,1.6,7.3,0.9,96.0,4.1
785,1,2022-04-04,晴れ,15.5,4.4,9.9,0.0,58.1,2.5
786,2,2022-04-04,晴れ,17.9,6.4,12.1,0.0,45.9,0.7
787,3,2022-04-04,晴れ,12.1,0.8,6.5,0.0,44.7,0.6
788,4,2022-04-04,曇り,14.9,3.4,9.2,0.0,64.5,3.0
789,1,2022-04-05,雨,16.8,5.4,11.1,6.1,82.9,3.8
790,2,2022-04-05,雨,15.0,4.1,9.6,11.8,97.1,3.2
791,3,2022-04-05,雨,10.5,-0.5,5.0,10.0,91.8,4.5
792,4,2022-04-05,雨,17.1,5.2,11.2,5.3,93.3,5.2
793,1,2022-04-06,雨,17.0,5.9,11.4,5.6,90.6,2.4
794,2,2022-04-06,雨,17.9,6.7,12.3,14.2,76.6,2.4
795,3,2022-04-06,雨,13.8,2.4,8.1,4.4,82.6,2.9
796,4,2022-04-06,雨,14.5,3.5,9.0,81.8,84.7,3.8
797,1,2022-04-07,曇り,18.3,7.1,12.7,0.0,62.0,1.3
798,2,2022-04-07,晴れ,19.4,8.1,13.8,0.0,50.4,1.7
799,3,2022-04-07,晴れ,11.8,1.0,6.4,0.0,67.0,3.8
800,4,2022-04-07,晴れ,15.1,4.0,9.6,0.0,58.5,2.5
801,1,2022-04-08,雨,18.0,6.9,12.4,11.5,86.2,2.7
802,2,2022-04-08,雨,18.6,7.5,13.1,8.3,88.5,3.8
803,3,2022-04-08,雨,14.4,3.1,8.8,10.7,70.7,2.1
804,4,2022-04-08,雨,16.0,4.9,10.4,10.0,85.8,4.1
805,1,2022-04-09,雨,18.9,7.9,13.4,7.8,83.1,2.6
806,2,2022-04-09,雨,20.3,9.1,14.7,6.5,97.0,5.0
807,3,2022-04-09,雨,14.0,3.1,8.6,0.5,91.4,3.2
808,4,2022-04-09,雨,16.4,5.4,10.9,1.0,80.8,3.2
809,1,2022-04-10,曇り,20.0,8.7,14.3,0.0,66.6,3.2
810,2,2022-04-10,晴れ,20.7,9.4,15.1,0.0,61.3,1.4
811,3,2022-04-10,晴れ,15.4,4.2,9.8,0.0,47.7,2.6
812,4,2022-04-10,曇り,15.5,4.7,10.1,0.0,74.1,3.3
813,1,2022-04-11,曇り,18.2,7.4,12.8,0.0,54.7,2.9
814,2,2022-04-11,晴れ,20.0,9.0,14.5,0.0,60.1,1.7
815,3,2022-04-11,晴れ,14.7,3.8,9.2,0.0,43.7,2.0
816,4,2022-04-11,晴れ,17.4,6.4,11.9,0.0,57.6,0.9
817,1,2022-04-12,晴れ,22.5,11.3,16.9,0.0,54.8,2.0
818,2,2022-04-12,曇り,22.3,11.2,16.8,0.0,74.0,1.8
819,3,2022-04-12,晴れ,17.7,6.6,12.1,0.0,52.0,1.3
820,4,2022-04-12,曇り,19.3,8.3,13.8,0.0,67.2,2.4
821,1,2022-04-13,晴れ,21.6,10.6,16.1,0.0,49.2,2.0
822,2,2022-04-13,曇り,22.3,11.2,16.8,0.0,74.2,3.0
823,3,2022-04-13,曇り,17.8,6.6,12.2,0.0,62.8,1.2
824,4,2022-04-13,曇り,18.9,8.0,13.4,0.0,61.5,4.1
825,1,2022-04-14,雨,20.3,9.0,14.7,10.3,85.1,5.7
826,2,2022-04-14,雨,18.2,7.5,12.8,2.7,97.2,2.7
827,3,2022-04-14,雨,13.7,2.9,8.3,21.8,80.0,2.8
828,4,2022-04-14,雨,15.8,5.0,10.4,15.0,82.3,2.8
829,1,2022-04-15,晴れ,22.0,10.9,16.4,0.0,60.7,1.2
830,2,2022-04-15,曇り,21.5,10.6,16.1,0.0,71.4,2.8
831,3,2022-04-15,晴れ,18.1,6.9,12.5,0.0,56.5,1.1
832,4,2022-04-15,曇り,20.5,9.3,14.9,0.0,74.3,1.0
833,1,2022-04-16,雨,19.9,8.9,14.4,5.1,83.9,4.4
834,2,2022-04-16,雨,22.6,11.2,16.9,11.2,84.7,3.1
835,3,2022-04-16,雨,16.1,5.0,10.6,7.0,74.9,4.6
836,4,2022-04-16,雨,16.5,5.8,11.2,27.4,83.5,5.0
837,1,2022-04-17,晴れ,15.9,5.3,10.6,0.0,48.8,1.9
838,2,2022-04-17,晴れ,19.2,8.0,13.6,0.0,44.5,1.7
839,3,2022-04-17,曇り,14.1,2.9,8.5,0.0,66.3,3.3
840,4,2022-04-17,晴れ,16.4,5.2,10.8,0.0,61.9,2.3
841,1,2022-04-18,雨,15.2,4.4,9.8,4.9,80.7,3.0
842,2,2022-04-18,雨,17.6,6.4,12.0,5.1,89.0,2.2
843,3,2022-04-18,雨,12.8,1.6,7.2,9.9,79.6,4.2
844,4,2022-04-18,雨,15.3,4.1,9.7,13.9,93.8,3.3
845,1,2022-04-19,曇り,18.1,6.9,12.5,0.0,73.0,2.3
846,2,2022-04-19,曇り,17.3,6.3,11.8,0.0,72.9,1.6
847,3,2022-04-19,晴れ,14.8,3.4,9.1,0.0,60.3,1.8
848,4,2022-04-19,晴れ,15.3,4.2,9.8,0.0,54.0,2.6
849,1,2022-04-20,晴れ,18.8,7.6,13.2,0.0,51.0,1.4
850,2,2022-04-20,晴れ,18.7,7.6,13.1,0.0,45.8,1.7
851,3,2022-04-20,晴れ,11.4,0.8,6.1,0.0,70.4,2.0
852,4,2022-04-20,晴れ,14.7,3.8,9.2,0.0,62.1,1.5
853,1,2022-04-21,曇り,21.5,10.3,15.9,0.0,69.8,2.1
854,2,2022-04-21,晴れ,21.3,10.2,15.8,0.0,68.8,1.6
855,3,2022-04-21,晴れ,15.0,4.2,9.6,0.0,58.0,2.5
856,4,2022-04-21,晴れ,17.8,7.0,12.4,0.0,52.4,3.7
857,1,2022-04-22,雨,17.6,6.9,12.2,11.7,86.0,1.9
858,2,2022-04-22,雨,18.5,7.7,13.1,21.2,91.8,4.0
859,3,2022-04-22,雨,14.9,3.8,9.3,0.5,88.8,3.4
860,4,2022-04-22,雨,15.5,4.7,10.1,0.8,93.0,3.6
861,1,2022-04-23,雨,20.8,9.9,15.4,2.7,78.5,4.5
862,2,2022-04-23,雨,19.6,9.0,14.3,14.7,72.2,4.3
863,3,2022-04-23,雨,17.4,6.3,11.8,5.2,83.1,4.1
864,4,2022-04-23,雨,17.7,7.0,12.3,0.5,76.2,3.2
865,1,2022-04-24,曇り,19.4,8.8,14.1,0.0,70.3,2.0
866,2,2022-04-24,曇り,21.6,10.7,16.1,0.0,68.7,2.7
867,3,2022-04-24,晴れ,16.2,5.4,10.8,0.0,51.5,3.7
868,4,2022-04-24,晴れ,17.8,7.1,12.4,0.0,59.8,2.2
869,1,2022-04-25,晴れ,20.5,9.7,15.1,0.0,58.4,2.0
870,2,2022-04-25,晴れ,21.5,10.7,16.1,0.0,65.7,1.1
871,3,2022-04-25,曇り,16.3,5.5,10.9,0.0,66.1,3.2
872,4,2022-04-25,晴れ,19.7,8.7,14.2,0.0,47.5,3.1
873,1,2022-04-26,雨,19.2,8.6,13.9,9.5,83.6,3.8
874,2,2022-04-26,雨,18.0,7.8,12.9,15.4,81.9,3.9
875,3,2022-04-26,雨,13.7,3.3,8.5,5.3,94.6,3.3
876,4,2022-04-26,雨,18.2,7.3,12.8,4.1,89.8,4.7
877,1,2022-04-27,晴れ,20.2,9.5,14.8,0.0,59.6,2.8
878,2,2022-04-27,晴れ,19.6,9.1,14.4,0.0,43.0,1.7
879,3,2022-04-27,曇り,16.0,5.3,10.7,0.0,72.7,2.6
880,4,2022-04-27,曇り,18.3,7.5,12.9,0.0,81.4,2.3
881,1,2022-04-28,晴れ,20.3,10.1,15.2,0.0,59.6,3.3
882,2,2022-04-28,曇り,24.2,13.3,18.8,0.0,61.6,2.3
883,3,2022-04-28,曇り,20.1,9.0,14.6,0.0,69.7,1.6
884,4,2022-04-28,曇り,18.1,7.9,13.0,0.0,72.7,2.4
885,1,2022-04-29,曇り,20.7,10.1,15.4,0.0,68.3,1.3
886,2,2022-04-29,晴れ,21.4,10.8,16.1,0.0,54.6,2.8
887,3,2022-04-29,晴れ,17.1,6.4,11.8,0.0,62.1,2.1
888,4,2022-04-29,晴れ,18.7,8.1,13.4,0.0,47.7,2.7
889,1,2022-04-30,曇り,18.9,8.6,13.8,0.0,67.9,2.0
890,2,2022-04-30,曇り,21.4,10.7,16.0,0.0,67.5,1.6
891,3,2022-04-30,曇り,15.4,4.9,10.2,0.0,59.5,3.9
892,4,2022-04-30,曇り,17.2,6.8,12.0,0.0,68.2,1.5
893,1,2022-05-01,曇り,23.8,13.1,18.4,0.0,68.4,3.1
894,2,2022-05-01,曇り,23.8,13.2,18.5,0.0,76.6,0.4
895,3,2022-05-01,曇り,17.0,6.8,11.9,0.0,71.8,4.9
896,4,2022-05-01,晴れ,21.1,10.5,15.8,0.0,49.6,1.3
897,1,2022-05-02,曇り,21.1,10.5,15.8,0.0,74.1,1.8
898,2,2022-05-02,晴れ,20.6,10.2,15.4,0.0,62.7,2.3
899,3,2022-05-02,晴れ,14.7,4.4,9.6,0.0,47.6,2.5
900,4,2022-05-02,曇り,16.9,6.7,11.8,0.0,68.6,2.4
901,1,2022-05-03,雨,21.8,11.7,16.8,11.0,89.4,3.3
902,2,2022-05-03,雨,21.1,11.2,16.1,10.3,76.8,2.8
903,3,2022-05-03,雨,17.9,7.7,12.8,14.6,84.8,3.6
904,4,2022-05-03,雨,19.4,9.3,14.3,5.1,82.8,2.9
905,1,2022-05-04,雨,22.0,11.9,16.9,21.7,84.3,3.5
906,2,2022-05-04,雨,22.8,12.7,17.8,33.5,83.7,4.5
907,3,2022-05-04,雨,18.9,8.5,13.7,3.6,84.7,2.2
908,4,2022-05-04,雨,20.7,10.4,15.6,5.2,85.0,1.6
909,1,2022-05-05,曇り,22.3,12.0,17.1,0.0,62.7,3.3
910,2,2022-05-05,晴れ,23.8,13.3,18.6,0.0,66.7,4.2
911,3,2022-05-05,晴れ,16.8,6.7,11.8,0.0,59.5,2.8
912,4,2022-05-05,晴れ,22.2,11.4,16.8,0.0,42.6,3.2
913,1,2022-05-06,雨,23.4,13.3,18.4,0.5,83.2,1.6
914,2,2022-05-06,雨,24.7,14.5,19.6,3.4,95.4,3.9
915,3,2022-05-06,雨,19.3,9.1,14.2,22.9,91.3,2.8
916,4,2022-05-06,雨,22.5,12.1,17.3,21.8,84.0,3.6
917,1,2022-05-07,晴れ,24.8,14.7,19.8,0.0,56.4,3.6
918,2,2022-05-07,晴れ,25.5,15.4,20.4,0.0,52.6,2.5
919,3,2022-05-07,晴れ,21.4,11.0,16.2,0.0,68.0,1.8
920,4,2022-05-07,曇り,24.5,14.0,19.2,0.0,58.4,0.9
921,1,2022-05-08,晴れ,22.9,13.1,18.0,0.0,47.1,0.9
922,2,2022-05-08,晴れ,25.5,15.3,20.4,0.0,46.6,3.0
923,3,2022-05-08,曇り,20.1,10.0,15.1,0.0,66.3,3.7
924,4,2022-05-08,曇り,22.1,12.0,17.1,0.0,66.4,2.7
925,1,2022-05-09,晴れ,24.5,14.6,19.6,0.0,48.1,1.7
926,2,2022-05-09,晴れ,27.9,17.4,22.6,0.0,54.5,3.6
927,3,2022-05-09,曇り,21.7,11.4,16.6,0.0,65.4,0.2
928,4,2022-05-09,曇り,24.6,14.2,19.4,0.0,71.1,2.3
929,1,2022-05-10,曇り,23.4,13.4,18.4,0.0,65.5,2.2
930,2,2022-05-10,晴れ,24.1,14.1,19.1,0.0,58.2,3.2
931,3,2022-05-10,曇り,18.3,8.5,13.4,0.0,68.9,1.4
932,4,2022-05-10,晴れ,21.9,11.8,16.9,0.0,53.7,1.2
933,1,2022-05-11,晴れ,23.6,13.4,18.5,0.0,43.6,2.6
934,2,2022-05-11,曇り,22.2,12.4,17.3,0.0,68.9,1.9
935,3,2022-05-11,曇り,19.2,8.9,14.1,0.0,62.3,0.6
936,4,2022-05-11,曇り,19.1,9.3,14.2,0.0,68.2,1.5
937,1,2022-05-12,雨,24.3,14.1,19.2,8.8,89.8,2.4
938,2,2022-05-12,雨,24.2,14.1,19.1,11.1,89.3,4.4
939,3,2022-05-12,雨,18.0,8.1,13.1,15.3,79.2,3.7
940,4,2022-05-12,雨,20.0,10.2,15.1,12.6,84.5,1.7
941,1,2022-05-13,晴れ,24.1,13.9,19.0,0.0,56.9,3.2
942,2,2022-05-13,晴れ,23.5,13.6,18.6,0.0,65.9,2.3
943,3,2022-05-13,晴れ,17.5,7.8,12.7,0.0,48.9,1.6
944,4,2022-05-13,曇り,22.0,11.8,16.9,0.0,60.0,1.0
945,1,2022-05-14,晴れ,24.1,14.0,19.1,0.0,53.9,1.4
946,2,2022-05-14,曇り,22.6,12.8,17.7,0.0,64.2,2.5
947,3,2022-05-14,晴れ,17.0,7.4,12.2,0.0,52.4,2.1
948,4,2022-05-14,晴れ,20.9,10.9,15.9,0.0,55.3,1.6
949,1,2022-05-15,晴れ,21.8,11.6,16.7,0.0,44.8,1.8
950,2,2022-05-15,曇り,22.4,12.2,17.3,0.0,71.7,2.5
951,3,2022-05-15,晴れ,17.7,7.5,12.6,0.0,65.2,3.6
952,4,2022-05-15,晴れ,19.3,9.2,14.2,0.0,54.8,2.8
953,1,2022-05-16,曇り,20.5,10.7,15.6,0.0,67.9,3.2
954,2,2022-05-16,晴れ,23.4,13.1,18.2,0.0,51.2,2.3
955,3,2022-05-16,晴れ,17.2,7.2,12.2,0.0,53.4,2.3
956,4,2022-05-16,晴れ,19.4,9.4,14.4,0.0,65.5,2.8
957,1,2022-05-17,曇り,23.7,13.5,18.6,0.0,69.8,1.7
958,2,2022-05-17,晴れ,22.5,12.7,17.6,0.0,54.4,3.4
959,3,2022-05-17,晴れ,19.3,9.1,14.2,0.0,55.7,0.2
960,4,2022-05-17,晴れ,18.6,9.0,13.8,0.0,57.6,2.5
961,1,2022-05-18,晴れ,21.9,11.8,16.9,0.0,62.1,3.2
962,2,2022-05-18,晴れ,22.9,12.7,17.8,0.0,58.7,1.6
963,3,2022-05-18,晴れ,17.5,7.4,12.4,0.0,55.9,1.3
964,4,2022-05-18,曇り,18.6,8.7,13.7,0.0,62.1,1.1
965,1,2022-05-19,雨,18.3,8.5,13.4,5.0,86.5,3.1
966,2,2022-05-19,雨,19.0,9.2,14.1,9.3,80.6,3.7
967,3,2022-05-19,雨,14.5,4.6,9.6,2.3,88.2,4.0
968,4,2022-05-19,雨,17.0,7.1,12.1,9.4,83.6,3.6
969,1,2022-05-20,晴れ,18.3,8.4,13.4,0.0,46.1,2.0
970,2,2022-05-20,曇り,20.0,9.9,14.9,0.0,71.9,2.8
971,3,2022-05-20,晴れ,13.9,4.1,9.0,0.0,56.6,2.6
972,4,2022-05-20,曇り,16.4,6.5,11.4,0.0,63.7,2.9
973,1,2022-05-21,晴れ,21.0,11.0,16.0,0.0,57.4,2.2
974,2,2022-05-21,曇り,20.4,10.7,15.5,0.0,82.0,1.7
975,3,2022-05-21,晴れ,16.7,6.7,11.7,0.0,46.9,2.2
976,4,2022-05-21,曇り,17.6,7.8,12.7,0.0,75.0,1.9
977,1,2022-05-22,曇り,21.3,11.6,16.4,0.0,54.6,1.4
978,2,2022-05-22,曇り,21.9,12.2,17.0,0.0,75.1,0.9
979,3,2022-05-22,晴れ,17.4,7.6,12.5,0.0,59.0,2.7
980,4,2022-05-22,曇り,21.0,10.9,15.9,0.0,71.9,3.1
981,1,2022-05-23,雨,20.9,11.4,16.1,6.0,77.2,4.0
982,2,2022-05-23,雨,23.1,13.3,18.2,17.7,73.6,4.3
983,3,2022-05-23,雨,15.9,6.5,11.2,5.9,73.4,2.5
984,4,2022-05-23,雨,19.9,10.2,15.0,13.5,81.3,3.2
985,1,2022-05-24,晴れ,21.6,12.0,16.8,0.0,51.1,1.9
986,2,2022-05-24,晴れ,23.1,13.4,18.2,0.0,59.0,3.0
987,3,2022-05-24,晴れ,16.8,7.3,12.1,0.0,63.5,0.5
988,4,2022-05-24,曇り,19.3,9.8,14.6,0.0,75.5,1.7
989,1,2022-05-25,雨,20.8,11.7,16.2,8.1,92.3,3.9
990,2,2022-05-25,雨,24.3,14.6,19.4,6.0,81.5,4.0
991,3,2022-05-25,雨,19.7,10.0,14.8,9.1,85.0,2.8
992,4,2022-05-25,雨,23.7,13.6,18.6,0.5,83.0,4.9
993,1,2022-05-26,晴れ,22.1,12.5,17.3,0.0,44.3,0.2
994,2,2022-05-26,曇り,23.4,13.6,18.5,0.0,64.8,3.8
995,3,2022-05-26,晴れ,17.3,7.8,12.6,0.0,54.7,3.1
996,4,2022-05-26,晴れ,21.2,11.4,16.3,0.0,56.2,2.5
997,1,2022-05-27,雨,21.3,12.2,16.8,0.5,69.9,4.6
998,2,2022-05-27,雨,23.1,13.8,18.5,62.6,86.9,4.2
999,3,2022-05-27,雨,18.1,8.8,13.5,15.5,83.3,2.7
1000,4,2022-05-27,雨,19.2,10.1,14.6,12.0,93.7,3.7
1001,1,2022-05-28,晴れ,24.3,15.2,19.8,0.0,61.6,2.9
1002,2,2022-05-28,曇り,26.4,17.0,21.7,0.0,78.6,2.4
1003,3,2022-05-28,晴れ,20.0,10.8,15.4,0.0,56.3,2.7
1004,4,2022-05-28,曇り,23.0,13.7,18.4,0.0,65.2,2.3
1005,1,2022-05-29,曇り,26.5,17.5,22.0,0.0,69.8,2.2
1006,2,2022-05-29,晴れ,28.4,19.2,23.8,0.0,45.4,3.1
1007,3,2022-05-29,晴れ,22.1,13.1,17.6,0.0,53.2,2.6
1008,4,2022-05-29,曇り,25.4,16.2,20.8,0.0,56.6,2.2
1009,1,2022-05-30,曇り,27.7,18.9,23.3,0.0,72.2,0.8
1010,2,2022-05-30,晴れ,29.6,20.5,25.1,0.0,47.6,2.4
1011,3,2022-05-30,曇り,21.7,13.2,17.4,0.0,70.9,4.3
1012,4,2022-05-30,晴れ,26.9,17.8,22.4,0.0,54.6,2.4
1013,1,2022-05-31,曇り,28.0,19.0,23.5,0.0,71.0,3.3
1014,2,2022-05-31,曇り,30.4,21.1,25.8,0.0,65.7,2.2
1015,3,2022-05-31,曇り,22.0,13.3,17.6,0.0,67.2,1.3
1016,4,2022-05-31,晴れ,25.8,16.8,21.3,0.0,60.9,2.7
1017,1,2022-06-01,雨,26.8,17.6,22.2,2.7,90.8,0.8
1018,2,2022-06-01,雨,25.6,16.7,21.1,8.0,93.6,4.3
1019,3,2022-06-01,雨,22.6,13.3,18.0,2.7,99.0,3.7
1020,4,2022-06-01,雨,21.9,13.2,17.5,33.6,84.8,4.5
1021,1,2022-06-02,晴れ,24.9,16.3,20.6,0.0,65.0,1.5
1022,2,2022-06-02,曇り,26.3,17.6,22.0,0.0,82.8,2.7
1023,3,2022-06-02,晴れ,22.3,13.3,17.8,0.0,54.6,2.3
1024,4,2022-06-02,曇り,24.4,15.5,19.9,0.0,85.8,2.5
1025,1,2022-06-03,雷雨,25.7,17.2,21.4,15.2,93.6,3.1
1026,2,2022-06-03,雨,29.0,20.0,24.5,24.2,99.0,5.5
1027,3,2022-06-03,雷雨,23.7,14.7,19.2,45.3,99.0,4.6
1028,4,2022-06-03,雨,23.9,15.3,19.6,0.5,90.5,2.9
1029,1,2022-06-04,雨,26.4,17.5,21.9,21.5,89.0,3.4
1030,2,2022-06-04,雨,24.2,16.0,20.1,9.2,90.6,4.1
1031,3,2022-06-04,雷雨,21.1,12.4,16.8,6.4,99.0,1.1
1032,4,2022-06-04,雨,22.4,13.9,18.1,2.7,86.6,3.6
1033,1,2022-06-05,晴れ,25.3,16.7,21.0,0.0,62.8,2.7
1034,2,2022-06-05,晴れ,23.6,15.5,19.6,0.0,66.6,1.3
1035,3,2022-06-05,晴れ,18.5,10.3,14.4,0.0,67.9,3.4
1036,4,2022-06-05,晴れ,22.2,13.8,18.0,0.0,62.1,4.2
1037,1,2022-06-06,雨,22.5,14.0,18.2,11.7,93.8,3.3
1038,2,2022-06-06,雨,22.7,14.3,18.5,2.5,91.9,4.6
1039,3,2022-06-06,雨,18.1,9.6,13.9,10.4,91.7,3.4
1040,4,2022-06-06,雨,20.3,11.8,16.1,8.2,99.0,2.1
1041,1,2022-06-07,雷雨,21.9,13.6,17.8,44.3,99.0,3.4
1042,2,2022-06-07,雨,21.4,13.2,17.3,0.7,99.0,4.2
1043,3,2022-06-07,雨,17.7,9.3,13.5,19.1,98.9,3.4
1044,4,2022-06-07,雨,19.5,11.1,15.3,7.1,96.2,3.5
1045,1,2022-06-08,雨,21.3,13.3,17.3,13.2,95.2,2.8
1046,2,2022-06-08,雨,25.2,16.6,20.9,8.8,90.6,1.9
1047,3,2022-06-08,雷雨,16.8,8.8,12.8,31.6,88.7,2.1
1048,4,2022-06-08,雷雨,21.5,13.0,17.2,1.0,95.1,2.8
1049,1,2022-06-09,雨,25.8,17.4,21.6,3.8,98.2,3.7
1050,2,2022-06-09,雨,25.6,17.4,21.5,10.6,96.8,4.3
1051,3,2022-06-09,雨,19.6,11.5,15.6,4.6,84.2,3.8
1052,4,2022-06-09,雨,23.5,15.1,19.3,0.5,88.5,3.9
1053,1,2022-06-10,雨,26.5,18.4,22.4,8.5,91.6,5.7
1054,2,2022-06-10,雨,27.3,19.1,23.2,7.9,96.0,3.5
1055,3,2022-06-10,雨,21.9,13.8,17.9,5.2,96.8,2.2
1056,4,2022-06-10,雨,26.8,18.2,22.5,0.5,99.0,4.1
1057,1,2022-06-11,晴れ,25.0,17.1,21.1,0.0,68.0,0.6
1058,2,2022-06-11,曇り,27.5,19.2,23.4,0.0,88.2,1.2
1059,3,2022-06-11,曇り,21.2,13.1,17.1,0.0,79.8,3.4
1060,4,2022-06-11,曇り,22.7,14.8,18.8,0.0,66.4,3.7
1061,1,2022-06-12,雷雨,24.3,16.4,20.4,10.6,93.2,5.3
1062,2,2022-06-12,雨,24.0,16.2,20.1,3.6,99.0,4.1
1063,3,2022-06-12,雷雨,20.0,12.0,16.0,5.4,90.2,2.9
1064,4,2022-06-12,雷雨,22.2,14.2,18.2,44.2,89.1,4.1
1065,1,2022-06-13,雨,27.0,18.7,22.9,46.8,99.0,3.4
1066,2,2022-06-13,雨,26.3,18.2,22.2,0.5,95.3,2.8
1067,3,2022-06-13,雨,19.4,11.7,15.5,13.2,92.2,3.0
1068,4,2022-06-13,雨,23.5,15.4,19.4,7.1,83.3,4.7
1069,1,2022-06-14,雨,22.9,15.3,19.1,21.3,88.5,3.5
1070,2,2022-06-14,雨,25.2,17.3,21.2,11.3,91.0,4.6
1071,3,2022-06-14,雨,20.6,12.6,16.6,12.2,90.7,1.8
1072,4,2022-06-14,雨,23.4,15.2,19.3,14.2,85.4,3.0
1073,1,2022-06-15,雷雨,25.5,17.6,21.6,36.8,95.7,2.7
1074,2,2022-06-15,雨,25.8,17.9,21.9,11.0,95.7,3.0
1075,3,2022-06-15,雨,21.1,13.1,17.1,9.4,99.0,3.4
1076,4,2022-06-15,雨,22.5,14.7,18.6,16.3,99.0,3.0
1077,1,2022-06-16,曇り,23.9,15.8,19.9,0.0,90.1,2.8
1078,2,2022-06-16,曇り,25.8,17.4,21.6,0.0,80.2,0.2
1079,3,2022-06-16,晴れ,19.8,11.7,15.8,0.0,65.2,0.8
1080,4,2022-06-16,曇り,21.9,13.8,17.9,0.0,74.2,3.6
1081,1,2022-06-17,晴れ,25.5,17.4,21.4,0.0,73.1,2.5
1082,2,2022-06-17,曇り,25.7,17.7,21.7,0.0,74.9,1.2
1083,3,2022-06-17,曇り,20.9,12.8,16.9,0.0,67.3,2.4
1084,4,2022-06-17,曇り,22.4,14.4,18.4,0.0,75.9,1.0
1085,1,2022-06-18,雨,27.3,19.1,23.2,0.5,93.6,4.0
1086,2,2022-06-18,雨,26.8,18.8,22.8,10.2,81.6,2.3
1087,3,2022-06-18,雨,21.7,13.6,17.6,18.7,92.2,2.5
1088,4,2022-06-18,雷雨,25.0,16.7,20.9,39.9,99.0,3.4
1089,1,2022-06-19,曇り,28.2,19.9,24.0,0.0,68.5,3.5
1090,2,2022-06-19,晴れ,25.7,18.1,21.9,0.0,75.6,4.1
1091,3,2022-06-19,曇り,23.9,15.6,19.8,0.0,61.4,1.7
1092,4,2022-06-19,曇り,25.0,16.9,20.9,0.0,83.1,2.1
1093,1,2022-06-20,雨,25.9,17.9,21.9,1.8,95.6,1.7
1094,2,2022-06-20,雨,27.0,18.9,22.9,3.8,95.2,2.4
1095,3,2022-06-20,雨,22.5,14.2,18.4,0.5,93.0,4.2
1096,4,2022-06-20,雷雨,23.2,15.2,19.2,21.5,99.0,4.4
1097,1,2022-06-21,雨,27.8,19.6,23.7,2.0,96.0,3.4
1098,2,2022-06-21,雷雨,28.3,20.1,24.2,34.5,92.1,3.5
1099,3,2022-06-21,雨,22.1,14.2,18.1,4.9,99.0,4.0
1100,4,2022-06-21,雨,25.5,17.4,21.4,10.8,99.0,2.6
1101,1,2022-06-22,晴れ,28.7,20.5,24.6,0.0,62.1,2.7
1102,2,2022-06-22,曇り,28.4,20.4,24.4,0.0,72.9,2.5
1103,3,2022-06-22,曇り,23.4,15.4,19.4,0.0,79.3,1.4
1104,4,2022-06-22,曇り,23.6,16.0,19.8,0.0,78.8,3.7
1105,1,2022-06-23,雨,26.3,18.2,22.2,4.1,89.4,2.2
1106,2,2022-06-23,雨,26.9,18.8,22.9,6.9,93.6,4.3
1107,3,2022-06-23,雨,21.1,13.1,17.1,3.2,89.3,2.0
1108,4,2022-06-23,雨,23.3,15.4,19.4,12.3,87.9,4.3
1109,1,2022-06-24,曇り,23.9,16.2,20.0,0.0,73.1,0.2
1110,2,2022-06-24,曇り,26.6,18.4,22.5,0.0,80.6,2.2
1111,3,2022-06-24,晴れ,21.6,13.4,17.5,0.0,53.5,2.8
1112,4,2022-06-24,曇り,22.2,14.4,18.3,0.0,73.4,1.2
1113,1,2022-06-25,曇り,25.9,17.9,21.9,0.0,70.5,3.6
1114,2,2022-06-25,曇り,27.1,19.0,23.1,0.0,81.3,1.9
1115,3,2022-06-25,曇り,22.3,14.2,18.2,0.0,81.7,3.1
1116,4,2022-06-25,晴れ,24.6,16.5,20.6,0.0,60.0,2.4
1117,1,2022-06-26,曇り,27.5,19.3,23.4,0.0,67.1,2.6
1118,2,2022-06-26,晴れ,27.0,19.0,23.0,0.0,66.0,2.7
1119,3,2022-06-26,晴れ,22.4,14.4,18.4,0.0,70.6,1.7
1120,4,2022-06-26,晴れ,25.4,17.2,21.3,0.0,67.1,2.3
1121,1,2022-06-27,雨,24.9,17.3,21.1,10.3,89.7,3.1
1122,2,2022-06-27,雨,27.3,19.4,23.4,5.5,84.8,4.2
1123,3,2022-06-27,雨,23.0,14.9,18.9,2.2,80.7,4.0
1124,4,2022-06-27,雷雨,24.1,16.2,20.1,44.4,95.3,4.9
1125,1,2022-06-28,雨,24.6,16.6,20.6,19.0,99.0,3.1
1126,2,2022-06-28,雨,26.5,18.2,22.4,8.3,99.0,4.9
1127,3,2022-06-28,雨,20.9,12.8,16.9,10.0,99.0,2.1
1128,4,2022-06-28,雨,23.9,15.6,19.8,3.9,98.4,2.9
1129,1,2022-06-29,雨,26.7,18.8,22.8,3.6,99.0,4.1
1130,2,2022-06-29,雨,28.0,19.9,23.9,13.0,92.3,2.6
1131,3,2022-06-29,雨,20.9,13.3,17.1,7.2,94.0,4.3
1132,4,2022-06-29,雷雨,23.6,15.9,19.8,14.9,95.4,4.1
1133,1,2022-06-30,晴れ,24.3,16.5,20.4,0.0,63.2,3.0
1134,2,2022-06-30,曇り,27.2,19.0,23.1,0.0,75.1,0.2
1135,3,2022-06-30,晴れ,21.0,13.0,17.0,0.0,60.9,2.1
1136,4,2022-06-30,曇り,24.3,16.1,20.2,0.0,85.9,4.3
1137,1,2022-07-01,雷雨,26.6,18.8,22.7,16.6,86.8,2.3
1138,2,2022-07-01,雨,26.3,18.7,22.5,14.7,87.2,2.9
1139,3,2022-07-01,雷雨,23.7,15.6,19.6,9.5,92.1,2.7
1140,4,2022-07-01,雨,24.6,16.7,20.6,43.5,97.0,3.7
1141,1,2022-07-02,晴れ,24.5,16.7,20.6,0.0,57.7,2.8
1142,2,2022-07-02,曇り,25.8,17.8,21.8,0.0,74.9,2.0
1143,3,2022-07-02,晴れ,21.7,13.6,17.6,0.0,62.0,2.1
1144,4,2022-07-02,曇り,24.9,16.6,20.8,0.0,80.5,3.3
1145,1,2022-07-03,曇り,25.1,17.1,21.1,0.0,80.1,2.8
1146,2,2022-07-03,晴れ,24.0,16.3,20.1,0.0,61.9,1.9
1147,3,2022-07-03,曇り,19.2,11.5,15.3,0.0,77.3,1.9
1148,4,2022-07-03,曇り,23.8,15.6,19.7,0.0,80.9,2.4
1149,1,2022-07-04,雨,26.9,18.4,22.6,12.4,94.0,1.8
1150,2,2022-07-04,雷雨,25.3,17.3,21.3,29.0,86.7,2.2
1151,3,2022-07-04,雨,21.4,13.2,17.3,6.7,97.8,3.3
1152,4,2022-07-04,雨,21.4,13.6,17.5,3.4,88.1,2.8
1153,1,2022-07-05,雨,29.1,20.8,25.0,3.0,94.6,2.0
1154,2,2022-07-05,雨,28.0,20.1,24.1,3.1,89.8,1.3
1155,3,2022-07-05,雨,21.3,13.7,17.5,0.5,99.0,2.7
1156,4,2022-07-05,雨,26.5,18.3,22.4,19.2,95.4,4.1
1157,1,2022-07-06,晴れ,27.9,20.0,23.9,0.0,66.1,1.0
1158,2,2022-07-06,晴れ,28.1,20.2,24.1,0.0,68.9,1.4
1159,3,2022-07-06,曇り,24.0,15.9,19.9,0.0,69.3,3.2
1160,4,2022-07-06,曇り,25.0,17.2,21.1,0.0,86.0,3.0
1161,1,2022-07-07,晴れ,28.0,20.1,24.1,0.0,56.8,1.7
1162,2,2022-07-07,曇り,28.0,20.3,24.1,0.0,84.8,2.0
1163,3,2022-07-07,曇り,23.7,15.8,19.8,0.0,87.7,2.3
1164,4,2022-07-07,曇り,27.7,19.5,23.6,0.0,80.5,3.0
1165,1,2022-07-08,曇り,30.3,22.0,26.1,0.0,70.9,3.0
1166,2,2022-07-08,晴れ,29.0,21.0,25.0,0.0,72.0,2.0
1167,3,2022-07-08,晴れ,24.4,16.3,20.4,0.0,59.8,1.5
1168,4,2022-07-08,曇り,26.5,18.4,22.4,0.0,70.7,2.8
1169,1,2022-07-09,曇り,31.4,23.1,27.2,0.0,68.7,1.8
1170,2,2022-07-09,晴れ,29.8,21.8,25.8,0.0,70.4,0.9
1171,3,2022-07-09,曇り,26.0,17.8,21.9,0.0,67.3,2.6
1172,4,2022-07-09,晴れ,28.3,20.1,24.2,0.0,73.5,2.5
1173,1,2022-07-10,晴れ,29.6,21.5,25.6,0.0,69.3,1.2
1174,2,2022-07-10,晴れ,30.2,22.1,26.1,0.0,65.9,2.5
1175,3,2022-07-10,晴れ,26.4,18.0,22.2,0.0,65.2,1.6
1176,4,2022-07-10,曇り,27.2,19.1,23.1,0.0,77.5,2.4
1177,1,2022-07-11,晴れ,30.9,22.6,26.8,0.0,55.7,1.8
1178,2,2022-07-11,曇り,29.9,22.0,25.9,0.0,85.3,2.7
1179,3,2022-07-11,曇り,26.3,18.1,22.2,0.0,69.9,2.7
1180,4,2022-07-11,晴れ,27.1,19.1,23.1,0.0,77.1,2.9
1181,1,2022-07-12,雨,28.2,20.3,24.2,9.3,99.0,4.2
1182,2,2022-07-12,雨,30.4,22.2,26.3,0.5,95.0,3.1
1183,3,2022-07-12,雷雨,23.7,15.8,19.8,24.2,99.0,3.9
1184,4,2022-07-12,雷雨,27.8,19.6,23.7,47.5,91.9,2.7
1185,1,2022-07-13,雨,28.6,20.6,24.6,7.5,99.0,4.2
1186,2,2022-07-13,雨,29.7,21.6,25.6,10.8,95.8,2.3
1187,3,2022-07-13,雨,23.8,15.8,19.8,13.4,97.9,2.7
1188,4,2022-07-13,雷雨,27.8,19.5,23.6,71.8,99.0,3.4
1189,1,2022-07-14,晴れ,30.7,22.3,26.5,0.0,63.9,1.9
1190,2,2022-07-14,曇り,29.2,21.2,25.2,0.0,84.8,2.8
1191,3,2022-07-14,晴れ,24.0,16.1,20.1,0.0,61.6,2.1
1192,4,2022-07-14,晴れ,26.9,18.9,22.9,0.0,63.0,3.0
1193,1,2022-07-15,晴れ,28.3,20.6,24.5,0.0,66.1,2.1
1194,2,2022-07-15,晴れ,31.2,23.0,27.1,0.0,69.3,1.4
1195,3,2022-07-15,晴れ,24.8,16.9,20.9,0.0,54.7,2.4
1196,4,2022-07-15,曇り,26.0,18.3,22.1,0.0,77.8,1.9
1197,1,2022-07-16,曇り,34.6,26.6,30.6,0.0,73.3,2.5
1198,2,2022-07-16,晴れ,36.8,28.5,32.6,0.0,63.5,2.6
1199,3,2022-07-16,晴れ,29.8,21.9,25.9,0.0,72.7,1.4
1200,4,2022-07-16,晴れ,30.7,23.1,26.9,0.0,55.0,3.2
1201,1,2022-07-17,晴れ,33.6,25.7,29.6,0.0,70.0,1.5
1202,2,2022-07-17,曇り,34.6,26.7,30.6,0.0,72.2,1.6
1203,3,2022-07-17,晴れ,28.3,20.6,24.5,0.0,55.8,3.0
1204,4,2022-07-17,晴れ,31.9,23.9,27.9,0.0,72.4,3.5
1205,1,2022-07-18,晴れ,33.8,25.5,29.6,0.0,73.7,1.6
1206,2,2022-07-18,曇り,32.7,24.8,28.8,0.0,81.6,1.5
1207,3,2022-07-18,曇り,29.0,20.7,24.9,0.0,69.7,2.9
1208,4,2022-07-18,晴れ,29.9,22.0,25.9,0.0,64.2,2.4
1209,1,2022-07-19,晴れ,31.4,23.4,27.4,0.0,61.5,1.6
1210,2,2022-07-19,晴れ,33.8,25.4,29.6,0.0,68.8,2.2
1211,3,2022-07-19,晴れ,27.8,19.7,23.8,0.0,67.8,3.5
1212,4,2022-07-19,晴れ,29.5,21.5,25.5,0.0,67.7,1.3
1213,1,2022-07-20,晴れ,29.6,21.8,25.7,0.0,61.3,2.8
1214,2,2022-07-20,晴れ,29.6,22.0,25.8,0.0,75.4,3.8
1215,3,2022-07-20,曇り,27.1,18.9,23.0,0.0,75.0,4.1
1216,4,2022-07-20,晴れ,29.0,20.9,24.9,0.0,54.6,1.5
1217,1,2022-07-21,晴れ,30.0,22.3,26.1,0.0,73.7,3.2
1218,2,2022-07-21,曇り,31.8,23.9,27.9,0.0,79.5,1.9
1219,3,2022-07-21,曇り,27.9,19.7,23.8,0.0,75.4,2.9
1220,4,2022-07-21,曇り,29.9,21.8,25.9,0.0,76.0,0.7
1221,1,2022-07-22,雨,30.4,22.6,26.5,11.9,89.8,4.1
1222,2,2022-07-22,雨,31.4,23.5,27.4,24.5,90.5,5.2
1223,3,2022-07-22,雨,27.2,19.2,23.2,2.3,87.0,3.6
1224,4,2022-07-22,雷雨,30.7,22.4,26.5,39.0,90.2,2.9
1225,1,2022-07-23,晴れ,30.9,23.0,26.9,0.0,55.1,0.2
1226,2,2022-07-23,曇り,35.0,26.5,30.8,0.0,85.0,3.6
1227,3,2022-07-23,曇り,29.0,20.6,24.8,0.0,80.7,0.9
1228,4,2022-07-23,曇り,31.5,23.1,27.3,0.0,88.4,0.2
1229,1,2022-07-24,雨,33.1,24.9,29.0,17.2,96.6,3.5
1230,2,2022-07-24,雨,34.4,26.1,30.2,12.1,96.3,3.5
1231,3,2022-07-24,雨,28.0,20.0,24.0,35.7,96.9,3.0
1232,4,2022-07-24,雨,29.7,21.8,25.8,2.8,96.7,3.2
1233,1,2022-07-25,雨,31.7,23.6,27.6,20.6,88.7,3.6
1234,2,2022-07-25,雷雨,34.0,25.5,29.8,17.1,99.0,3.8
1235,3,2022-07-25,雨,26.9,18.8,22.9,1.5,99.0,4.1
1236,4,2022-07-25,雨,30.2,21.9,26.0,4.9,92.4,3.5
1237,1,2022-07-26,曇り,29.8,21.7,25.8,0.0,74.6,2.9
1238,2,2022-07-26,晴れ,32.2,23.7,28.0,0.0,64.3,1.6
1239,3,2022-07-26,曇り,24.0,16.1,20.1,0.0,77.8,1.7
1240,4,2022-07-26,晴れ,28.1,19.8,24.0,0.0,69.4,3.9
1241,1,2022-07-27,晴れ,28.6,20.5,24.6,0.0,57.7,1.7
1242,2,2022-07-27,曇り,29.5,21.4,25.4,0.0,71.0,2.0
1243,3,2022-07-27,曇り,24.7,16.5,20.6,0.0,86.2,0.2
1244,4,2022-07-27,曇り,28.1,19.7,23.9,0.0,85.5,1.8
1245,1,2022-07-28,晴れ,29.5,21.0,25.2,0.0,63.1,3.4
1246,2,2022-07-28,晴れ,30.3,21.8,26.1,0.0,68.7,1.6
1247,3,2022-07-28,曇り,23.0,14.9,18.9,0.0,75.6,2.3
1248,4,2022-07-28,曇り,27.7,19.2,23.4,0.0,73.2,2.1
1249,1,2022-07-29,雨,29.6,21.3,25.5,2.1,99.0,3.3
1250,2,2022-07-29,雷雨,29.7,21.5,25.6,20.9,87.7,4.4
1251,3,2022-07-29,雨,25.7,17.3,21.5,7.1,93.2,1.1
1252,4,2022-07-29,雨,27.9,19.5,23.7,16.5,90.6,2.7
1253,1,2022-07-30,雨,28.7,20.6,24.6,3.6,97.0,4.3
1254,2,2022-07-30,雨,30.6,22.2,26.4,1.1,99.0,1.4
1255,3,2022-07-30,雨,25.4,17.0,21.2,1.0,85.7,2.9
1256,4,2022-07-30,雨,28.3,19.8,24.1,12.1,90.9,1.7
1257,1,2022-07-31,晴れ,30.1,21.7,25.9,0.0,65.7,2.7
1258,2,2022-07-31,晴れ,33.0,24.2,28.6,0.0,65.8,2.9
1259,3,2022-07-31,曇り,26.2,17.8,22.0,0.0,74.1,2.2
1260,4,2022-07-31,曇り,28.3,19.9,24.1,0.0,71.6,2.1
1261,1,2022-08-01,晴れ,29.5,21.2,25.4,0.0,73.7,0.7
1262,2,2022-08-01,晴れ,31.4,22.9,27.1,0.0,56.1,1.4
1263,3,2022-08-01,晴れ,28.6,19.6,24.1,0.0,64.8,2.2
1264,4,2022-08-01,晴れ,28.5,20.0,24.2,0.0,59.1,3.8
1265,1,2022-08-02,雨,28.5,19.9,24.2,2.1,87.6,4.1
1266,2,2022-08-02,雨,29.0,20.4,24.7,12.6,89.5,2.6
1267,3,2022-08-02,雷雨,23.0,14.6,18.8,56.2,92.7,2.5
1268,4,2022-08-02,雨,28.4,19.4,23.9,6.2,90.4,5.2
1269,1,2022-08-03,雷雨,27.1,18.7,22.9,1.0,96.4,4.0
1270,2,2022-08-03,雨,30.4,21.5,25.9,7.0,89.8,4.5
1271,3,2022-08-03,雷雨,26.0,16.9,21.4,1.0,99.0,3.9
1272,4,2022-08-03,雨,25.8,17.2,21.5,13.5,98.9,3.4
1273,1,2022-08-04,曇り,30.8,22.1,26.5,0.0,70.6,1.7
1274,2,2022-08-04,晴れ,30.9,22.3,26.6,0.0,68.7,3.1
1275,3,2022-08-04,晴れ,26.7,17.9,22.3,0.0,62.3,1.5
1276,4,2022-08-04,曇り,28.5,19.8,24.1,0.0,68.6,2.6
1277,1,2022-08-05,雷雨,32.4,23.7,28.0,27.5,99.0,4.0
1278,2,2022-08-05,雨,32.5,23.9,28.2,15.3,93.2,3.3
1279,3,2022-08-05,雨,27.8,19.1,23.5,0.5,92.6,4.9
1280,4,2022-08-05,雨,28.6,20.2,24.4,10.0,81.0,4.0
1281,1,2022-08-06,晴れ,32.1,23.1,27.6,0.0,65.2,0.8
1282,2,2022-08-06,曇り,32.2,23.3,27.8,0.0,80.1,2.4
1283,3,2022-08-06,晴れ,26.5,17.7,22.1,0.0,68.7,3.6
1284,4,2022-08-06,晴れ,28.0,19.4,23.7,0.0,55.9,1.5
1285,1,2022-08-07,曇り,33.0,23.9,28.4,0.0,75.9,3.1
1286,2,2022-08-07,曇り,33.4,24.3,28.9,0.0,92.5,0.5
1287,3,2022-08-07,曇り,28.7,19.6,24.1,0.0,84.5,0.7
1288,4,2022-08-07,晴れ,29.2,20.4,24.8,0.0,66.5,2.3
1289,1,2022-08-08,曇り,32.0,23.2,27.6,0.0,84.3,1.7
1290,2,2022-08-08,晴れ,31.8,23.2,27.5,0.0,63.4,2.4
1291,3,2022-08-08,曇り,28.3,19.3,23.8,0.0,79.4,1.0
1292,4,2022-08-08,曇り,30.8,21.8,26.3,0.0,78.6,2.3
1293,1,2022-08-09,晴れ,34.0,25.2,29.6,0.0,61.3,3.1
1294,2,2022-08-09,晴れ,36.0,26.9,31.4,0.0,65.0,1.6
1295,3,2022-08-09,曇り,30.2,21.2,25.7,0.0,74.2,2.1
1296,4,2022-08-09,晴れ,33.4,24.2,28.8,0.0,68.5,3.0
1297,1,2022-08-10,曇り,30.6,21.9,26.2,0.0,74.5,0.5
1298,2,2022-08-10,晴れ,32.2,23.3,27.8,0.0,55.9,1.7
1299,3,2022-08-10,晴れ,28.0,18.9,23.4,0.0,70.4,2.2
1300,4,2022-08-10,晴れ,28.7,19.9,24.3,0.0,66.4,3.2
1301,1,2022-08-11,晴れ,31.8,22.9,27.4,0.0,55.9,0.2
1302,2,2022-08-11,晴れ,31.6,22.8,27.2,0.0,66.7,0.7
1303,3,2022-08-11,曇り,26.8,17.9,22.4,0.0,68.5,1.5
1304,4,2022-08-11,曇り,29.3,20.4,24.9,0.0,78.9,1.7
1305,1,2022-08-12,晴れ,32.0,22.9,27.4,0.0,59.1,1.1
1306,2,2022-08-12,曇り,30.5,21.8,26.1,0.0,80.6,2.5
1307,3,2022-08-12,晴れ,25.4,16.7,21.0,0.0,65.0,2.1
1308,4,2022-08-12,晴れ,27.3,18.7,23.0,0.0,62.4,4.0
1309,1,2022-08-13,雷雨,28.8,20.3,24.6,69.4,93.1,3.9
1310,2,2022-08-13,雷雨,33.5,24.2,28.9,1.0,99.0,4.0
1311,3,2022-08-13,雨,26.8,17.8,22.3,0.5,99.0,3.0
1312,4,2022-08-13,雨,30.4,21.2,25.8,15.1,85.1,4.8
1313,1,2022-08-14,晴れ,28.9,20.3,24.6,0.0,70.5,0.7
1314,2,2022-08-14,晴れ,32.1,22.9,27.5,0.0,67.7,1.7
1315,3,2022-08-14,晴れ,26.1,17.2,21.6,0.0,71.6,2.8
1316,4,2022-08-14,晴れ,30.1,20.8,25.5,0.0,63.6,1.4
1317,1,2022-08-15,曇り,28.7,20.0,24.4,0.0,81.8,3.1
1318,2,2022-08-15,晴れ,29.4,20.7,25.0,0.0,61.0,1.7
1319,3,2022-08-15,晴れ,26.3,17.2,21.8,0.0,75.3,4.2
1320,4,2022-08-15,晴れ,27.9,18.9,23.4,0.0,55.8,2.0
1321,1,2022-08-16,曇り,31.4,22.0,26.7,0.0,67.2,2.2
1322,2,2022-08-16,晴れ,28.6,20.0,24.3,0.0,62.8,1.3
1323,3,2022-08-16,曇り,25.0,16.0,20.5,0.0,73.5,2.9
1324,4,2022-08-16,晴れ,27.1,18.2,22.6,0.0,74.9,2.3
1325,1,2022-08-17,曇り,29.6,20.8,25.2,0.0,74.3,3.2
1326,2,2022-08-17,曇り,31.1,22.0,26.6,0.0,82.7,3.5
1327,3,2022-08-17,晴れ,25.2,16.4,20.8,0.0,68.3,2.6
1328,4,2022-08-17,晴れ,27.2,18.4,22.8,0.0,72.4,2.8
1329,1,2022-08-18,晴れ,30.6,21.8,26.2,0.0,74.7,2.1
1330,2,2022-08-18,曇り,30.4,21.8,26.1,0.0,84.9,3.4
1331,3,2022-08-18,曇り,27.3,18.3,22.8,0.0,77.6,2.3
1332,4,2022-08-18,晴れ,30.3,21.1,25.7,0.0,75.5,2.5
1333,1,2022-08-19,晴れ,29.0,20.3,24.6,0.0,62.5,2.5
1334,2,2022-08-19,晴れ,30.9,22.0,26.4,0.0,63.7,2.4
1335,3,2022-08-19,晴れ,25.0,16.2,20.6,0.0,56.1,2.7
1336,4,2022-08-19,曇り,28.9,19.9,24.4,0.0,71.7,1.7
1337,1,2022-08-20,晴れ,28.9,19.9,24.4,0.0,65.0,2.2
1338,2,2022-08-20,晴れ,27.7,19.1,23.4,0.0,68.0,2.3
1339,3,2022-08-20,晴れ,23.9,15.0,19.4,0.0,67.8,1.4
1340,4,2022-08-20,曇り,27.8,18.7,23.2,0.0,85.0,2.7
1341,1,2022-08-21,晴れ,30.4,21.6,26.0,0.0,65.3,3.8
1342,2,2022-08-21,曇り,29.7,21.2,25.4,0.0,67.2,3.0
1343,3,2022-08-21,晴れ,26.5,17.5,22.0,0.0,67.3,2.3
1344,4,2022-08-21,曇り,28.5,19.7,24.1,0.0,75.9,2.1
1345,1,2022-08-22,曇り,32.3,23.2,27.8,0.0,64.9,2.6
1346,2,2022-08-22,曇り,34.5,25.1,29.8,0.0,80.4,3.1
1347,3,2022-08-22,晴れ,27.7,18.7,23.2,0.0,61.4,1.9
1348,4,2022-08-22,晴れ,27.7,19.2,23.4,0.0,71.3,1.4
1349,1,2022-08-23,晴れ,27.9,19.2,23.5,0.0,64.9,1.4
1350,2,2022-08-23,晴れ,29.6,20.7,25.1,0.0,61.3,0.2
1351,3,2022-08-23,晴れ,22.8,14.2,18.5,0.0,62.8,3.3
1352,4,2022-08-23,曇り,25.2,16.6,20.9,0.0,73.6,3.4
1353,1,2022-08-24,雨,28.4,19.9,24.1,40.7,99.0,0.2
1354,2,2022-08-24,雨,31.0,22.1,26.6,11.9,89.1,6.1
1355,3,2022-08-24,雨,25.0,16.3,20.6,1.7,89.9,3.4
1356,4,2022-08-24,雨,26.9,18.3,22.6,8.3,92.2,4.0
1357,1,2022-08-25,曇り,31.3,22.0,26.6,0.0,87.6,2.0
1358,2,2022-08-25,晴れ,29.5,20.8,25.1,0.0,71.9,0.7
1359,3,2022-08-25,曇り,25.3,16.3,20.8,0.0,83.8,2.7
1360,4,2022-08-25,曇り,25.8,17.2,21.5,0.0,86.3,3.2
1361,1,2022-08-26,晴れ,30.2,21.4,25.8,0.0,70.4,4.3
1362,2,2022-08-26,曇り,31.0,22.2,26.6,0.0,72.4,2.1
1363,3,2022-08-26,曇り,26.9,17.9,22.4,0.0,75.7,0.8
1364,4,2022-08-26,晴れ,28.4,19.6,24.0,0.0,61.1,2.8
1365,1,2022-08-27,雨,32.8,23.9,28.3,52.4,89.4,4.0
1366,2,2022-08-27,雷雨,32.9,24.0,28.4,4.6,90.4,5.0
1367,3,2022-08-27,雨,25.5,17.2,21.4,4.1,91.4,3.3
1368,4,2022-08-27,雨,31.0,22.0,26.5,10.4,91.3,4.6
1369,1,2022-08-28,雨,31.1,22.7,26.9,7.9,91.6,2.4
1370,2,2022-08-28,雨,33.0,24.4,28.7,4.2,92.4,4.0
1371,3,2022-08-28,雷雨,27.2,18.6,22.9,27.8,99.0,4.8
1372,4,2022-08-28,雨,30.1,21.5,25.8,6.6,99.0,4.0
1373,1,2022-08-29,晴れ,30.6,22.0,26.3,0.0,60.8,2.1
1374,2,2022-08-29,晴れ,29.2,21.0,25.1,0.0,59.5,1.4
1375,3,2022-08-29,曇り,26.8,18.0,22.4,0.0,73.8,3.3
1376,4,2022-08-29,晴れ,27.3,18.9,23.1,0.0,68.7,2.7
1377,1,2022-08-30,雨,30.1,21.4,25.8,0.5,98.5,2.9
1378,2,2022-08-30,雷雨,29.9,21.3,25.6,61.9,97.8,3.9
1379,3,2022-08-30,雨,24.0,15.6,19.8,7.6,99.0,4.0
1380,4,2022-08-30,雨,27.4,18.7,23.0,10.4,80.6,4.1
1381,1,2022-08-31,晴れ,29.4,20.8,25.1,0.0,61.1,2.0
1382,2,2022-08-31,曇り,29.2,20.8,25.0,0.0,77.9,2.2
1383,3,2022-08-31,曇り,25.4,16.8,21.1,0.0,74.2,3.9
1384,4,2022-08-31,晴れ,25.9,17.7,21.8,0.0,65.5,1.4
1385,1,2022-09-01,雨,27.9,19.7,23.8,8.5,97.3,3.7
1386,2,2022-09-01,雨,31.3,22.5,26.9,8.1,98.3,5.7
1387,3,2022-09-01,雨,25.1,16.6,20.9,6.9,81.5,5.3
1388,4,2022-09-01,雨,25.7,17.5,21.6,6.7,99.0,6.1
1389,1,2022-09-02,雨,29.0,20.6,24.8,0.7,98.6,5.0
1390,2,2022-09-02,雨,29.6,21.2,25.4,10.9,96.9,5.5
1391,3,2022-09-02,雨,25.1,16.5,20.8,10.8,89.4,5.3
1392,4,2022-09-02,雨,29.0,20.1,24.6,8.5,86.2,4.4
1393,1,2022-09-03,曇り,26.2,18.2,22.2,0.0,72.5,6.1
1394,2,2022-09-03,晴れ,28.3,20.0,24.1,0.0,62.9,5.7
1395,3,2022-09-03,曇り,23.6,15.2,19.4,0.0,75.7,4.0
1396,4,2022-09-03,曇り,26.2,17.7,21.9,0.0,85.1,2.8
1397,1,2022-09-04,曇り,28.7,20.0,24.4,0.0,83.7,4.3
1398,2,2022-09-04,曇り,27.9,19.6,23.8,0.0,74.8,4.6
1399,3,2022-09-04,晴れ,22.4,14.1,18.2,0.0,61.3,4.0
1400,4,2022-09-04,晴れ,26.0,17.5,21.8,0.0,77.7,5.0
1401,1,2022-09-05,晴れ,26.8,18.6,22.7,0.0,61.9,5.5
1402,2,2022-09-05,曇り,27.3,19.1,23.2,0.0,89.7,3.0
1403,3,2022-09-05,晴れ,22.1,13.9,18.0,0.0,66.3,5.9
1404,4,2022-09-05,晴れ,25.2,16.8,21.0,0.0,67.8,4.4
1405,1,2022-09-06,雨,23.9,16.1,20.0,7.5,92.1,5.7
1406,2,2022-09-06,雨,26.9,18.7,22.8,5.7,83.5,5.4
1407,3,2022-09-06,雨,20.8,12.8,16.8,61.8,98.2,3.2
1408,4,2022-09-06,雨,22.8,14.8,18.8,6.4,90.2,5.2
1409,1,2022-09-07,晴れ,24.1,16.0,20.1,0.0,58.3,5.1
1410,2,2022-09-07,曇り,24.4,16.3,20.4,0.0,76.9,3.5
1411,3,2022-09-07,曇り,18.8,10.8,14.8,0.0,77.4,3.7
1412,4,2022-09-07,晴れ,22.9,14.6,18.8,0.0,69.2,6.4
1413,1,2022-09-08,晴れ,24.1,16.1,20.1,0.0,82.4,3.2
1414,2,2022-09-08,曇り,26.3,18.0,22.1,0.0,72.1,1.6
1415,3,2022-09-08,晴れ,20.5,12.4,16.4,0.0,65.9,4.6
1416,4,2022-09-08,曇り,22.2,14.2,18.2,0.0,85.0,3.6
1417,1,2022-09-09,晴れ,24.1,16.1,20.1,0.0,65.4,2.1
1418,2,2022-09-09,曇り,26.0,17.7,21.9,0.0,84.8,5.6
1419,3,2022-09-09,晴れ,21.7,13.3,17.5,0.0,68.3,4.2
1420,4,2022-09-09,晴れ,21.7,13.7,17.7,0.0,60.0,3.4
1421,1,2022-09-10,曇り,28.1,19.9,24.0,0.0,74.3,3.8
1422,2,2022-09-10,晴れ,28.3,20.2,24.2,0.0,79.4,4.3
1423,3,2022-09-10,曇り,22.7,14.7,18.7,0.0,75.2,4.2
1424,4,2022-09-10,晴れ,25.2,17.2,21.2,0.0,61.5,3.6
1425,1,2022-09-11,晴れ,26.9,18.9,22.9,0.0,70.3,5.1
1426,2,2022-09-11,晴れ,29.0,20.7,24.9,0.0,70.1,4.3
1427,3,2022-09-11,曇り,23.8,15.5,19.6,0.0,79.7,5.9
1428,4,2022-09-11,晴れ,24.5,16.6,20.6,0.0,66.0,4.3
1429,1,2022-09-12,晴れ,26.6,18.8,22.7,0.0,67.2,3.0
1430,2,2022-09-12,曇り,30.1,21.7,25.9,0.0,69.8,4.2
1431,3,2022-09-12,晴れ,22.1,14.3,18.2,0.0,64.3,2.3
1432,4,2022-09-12,晴れ,25.1,17.2,21.1,0.0,72.1,0.9
1433,1,2022-09-13,晴れ,27.7,19.6,23.6,0.0,56.9,3.7
1434,2,2022-09-13,晴れ,26.2,18.5,22.4,0.0,67.5,3.2
1435,3,2022-09-13,曇り,22.6,14.6,18.6,0.0,75.9,3.9
1436,4,2022-09-13,曇り,23.6,15.8,19.7,0.0,83.8,4.3
1437,1,2022-09-14,雨,26.8,18.8,22.8,10.7,93.7,3.9
1438,2,2022-09-14,雨,26.7,18.8,22.8,15.8,97.7,4.6
1439,3,2022-09-14,雨,22.2,14.2,18.2,10.3,90.1,5.1
1440,4,2022-09-14,雨,24.5,16.5,20.5,2.2,87.8,3.9
1441,1,2022-09-15,雨,26.7,18.8,22.8,45.3,88.3,5.7
1442,2,2022-09-15,雨,26.2,18.5,22.4,11.6,99.0,6.2
1443,3,2022-09-15,雨,23.0,14.9,18.9,14.7,98.9,4.6
1444,4,2022-09-15,雨,25.3,17.2,21.2,7.3,96.6,5.0
1445,1,2022-09-16,曇り,27.2,19.2,23.2,0.0,78.9,3.4
1446,2,2022-09-16,晴れ,27.0,19.2,23.1,0.0,54.7,4.0
1447,3,2022-09-16,晴れ,24.7,16.3,20.5,0.0,65.1,4.0
1448,4,2022-09-16,曇り,25.5,17.4,21.4,0.0,77.9,5.1
1449,1,2022-09-17,晴れ,26.1,18.2,22.1,0.0,70.4,3.9
1450,2,2022-09-17,曇り,27.3,19.3,23.3,0.0,88.7,2.1
1451,3,2022-09-17,曇り,23.2,15.0,19.1,0.0,77.3,2.6
1452,4,2022-09-17,曇り,24.9,16.8,20.9,0.0,85.6,1.7
1453,1,2022-09-18,曇り,27.9,19.6,23.8,0.0,86.0,2.7
1454,2,2022-09-18,晴れ,26.8,18.9,22.9,0.0,62.2,5.0
1455,3,2022-09-18,晴れ,23.2,15.0,19.1,0.0,65.1,3.6
1456,4,2022-09-18,晴れ,25.0,16.9,20.9,0.0,63.0,3.3
1457,1,2022-09-19,晴れ,24.6,17.0,20.8,0.0,63.6,1.7
1458,2,2022-09-19,晴れ,26.9,18.9,22.9,0.0,56.9,3.5
1459,3,2022-09-19,曇り,22.9,14.7,18.8,0.0,78.2,4.2
1460,4,2022-09-19,曇り,24.1,16.1,20.1,0.0,77.3,3.8
1461,1,2022-09-20,曇り,29.2,21.0,25.1,0.0,88.7,4.1
1462,2,2022-09-20,晴れ,28.5,20.6,24.6,0.0,69.2,3.7
1463,3,2022-09-20,曇り,24.9,16.7,20.8,0.0,90.0,5.3
1464,4,2022-09-20,晴れ,25.6,17.7,21.6,0.0,60.3,1.6
1465,1,2022-09-21,雨,27.6,19.5,23.6,1.4,95.8,4.7
1466,2,2022-09-21,雨,27.7,19.7,23.7,4.0,99.0,3.7
1467,3,2022-09-21,雨,23.3,15.2,19.2,8.5,99.0,4.5
1468,4,2022-09-21,雨,27.3,18.8,23.1,10.3,91.3,4.5
1469,1,2022-09-22,曇り,27.3,19.0,23.1,0.0,82.5,4.1
1470,2,2022-09-22,曇り,27.8,19.5,23.6,0.0,76.5,3.6
1471,3,2022-09-22,晴れ,19.8,12.1,15.9,0.0,63.8,3.7
1472,4,2022-09-22,曇り,24.4,16.2,20.3,0.0,83.3,3.2
1473,1,2022-09-23,晴れ,23.3,15.6,19.4,0.0,60.5,3.4
1474,2,2022-09-23,曇り,26.3,18.1,22.2,0.0,84.9,3.2
1475,3,2022-09-23,曇り,20.8,12.6,16.7,0.0,82.8,2.2
1476,4,2022-09-23,曇り,25.2,16.6,20.9,0.0,88.4,3.5
1477,1,2022-09-24,雨,27.7,19.4,23.5,4.9,99.0,4.4
1478,2,2022-09-24,雨,25.9,18.1,22.0,9.4,98.1,3.7
1479,3,2022-09-24,雨,20.4,12.7,16.5,68.0,92.8,4.2
1480,4,2022-09-24,雨,24.0,15.9,19.9,5.7,99.0,5.8
1481,1,2022-09-25,曇り,24.7,16.7,20.7,0.0,80.4,1.9
1482,2,2022-09-25,曇り,26.6,18.3,22.5,0.0,74.5,3.3
1483,3,2022-09-25,曇り,22.5,14.0,18.2,0.0,75.7,4.4
1484,4,2022-09-25,曇り,23.8,15.5,19.6,0.0,71.8,5.3
1485,1,2022-09-26,晴れ,24.7,16.5,20.6,0.0,62.7,4.7
1486,2,2022-09-26,晴れ,26.0,17.6,21.8,0.0,50.2,4.3
1487,3,2022-09-26,曇り,19.6,11.5,15.6,0.0,78.4,3.2
1488,4,2022-09-26,晴れ,22.7,14.5,18.6,0.0,56.3,4.0
1489,1,2022-09-27,晴れ,25.7,17.4,21.5,0.0,58.2,3.1
1490,2,2022-09-27,曇り,26.0,17.8,21.9,0.0,74.2,3.1
1491,3,2022-09-27,曇り,20.7,12.5,16.6,0.0,77.2,3.5
1492,4,2022-09-27,曇り,25.2,16.6,20.9,0.0,89.8,2.3
1493,1,2022-09-28,晴れ,25.2,16.8,21.0,0.0,64.1,3.8
1494,2,2022-09-28,晴れ,25.1,16.8,21.0,0.0,64.3,3.5
1495,3,2022-09-28,曇り,20.0,11.8,15.9,0.0,82.3,4.2
1496,4,2022-09-28,晴れ,24.0,15.4,19.7,0.0,53.7,4.5
1497,1,2022-09-29,雨,28.2,19.3,23.8,10.1,99.0,5.3
1498,2,2022-09-29,雨,26.8,18.3,22.6,10.0,87.2,4.5
1499,3,2022-09-29,雨,20.0,11.9,15.9,4.6,99.0,4.4
1500,4,2022-09-29,雨,24.5,16.0,20.2,10.3,97.0,4.8
1501,1,2022-09-30,雨,23.4,15.2,19.3,11.5,95.2,4.5
1502,2,2022-09-30,雨,26.5,17.7,22.1,10.7,90.4,3.8
1503,3,2022-09-30,雨,19.1,10.9,15.0,8.7,92.0,5.1
1504,4,2022-09-30,雨,22.3,13.8,18.1,0.5,96.6,5.1
1505,1,2022-10-01,雨,24.1,15.6,19.9,7.3,80.2,3.8
1506,2,2022-10-01,雨,24.8,16.3,20.6,0.5,94.8,5.5
1507,3,2022-10-01,雨,20.6,11.9,16.2,8.7,79.8,3.6
1508,4,2022-10-01,雨,22.2,13.6,17.9,7.1,87.7,3.8
1509,1,2022-10-02,晴れ,24.3,15.7,20.0,0.0,52.7,2.4
1510,2,2022-10-02,晴れ,23.9,15.5,19.7,0.0,56.2,3.0
1511,3,2022-10-02,晴れ,20.7,11.8,16.2,0.0,53.3,2.8
1512,4,2022-10-02,晴れ,24.0,15.0,19.5,0.0,62.9,4.3
1513,1,2022-10-03,曇り,23.4,14.8,19.1,0.0,74.1,2.8
1514,2,2022-10-03,晴れ,23.6,15.1,19.4,0.0,52.8,2.0
1515,3,2022-10-03,晴れ,19.8,11.0,15.4,0.0,53.0,1.6
1516,4,2022-10-03,晴れ,20.7,12.2,16.4,0.0,54.9,1.8
1517,1,2022-10-04,曇り,27.6,18.3,23.0,0.0,78.3,2.8
1518,2,2022-10-04,晴れ,25.7,16.9,21.3,0.0,49.4,2.0
1519,3,2022-10-04,晴れ,18.7,10.3,14.5,0.0,52.3,2.5
1520,4,2022-10-04,曇り,21.0,12.6,16.8,0.0,57.6,1.8
1521,1,2022-10-05,雨,23.2,14.5,18.9,9.3,90.7,3.0
1522,2,2022-10-05,雨,23.5,14.9,19.2,11.9,75.7,4.5
1523,3,2022-10-05,雨,18.8,10.1,14.4,13.4,93.6,3.2
1524,4,2022-10-05,雨,19.9,11.4,15.6,6.5,83.5,5.5
1525,1,2022-10-06,晴れ,21.0,12.3,16.6,0.0,54.4,2.5
1526,2,2022-10-06,晴れ,22.1,13.2,17.6,0.0,50.4,3.8
1527,3,2022-10-06,曇り,16.0,7.3,11.7,0.0,65.2,1.4
1528,4,2022-10-06,晴れ,18.8,10.0,14.4,0.0,64.3,2.0
1529,1,2022-10-07,晴れ,21.2,12.4,16.8,0.0,49.3,2.2
1530,2,2022-10-07,晴れ,22.0,13.2,17.6,0.0,46.5,0.4
1531,3,2022-10-07,晴れ,16.9,8.0,12.4,0.0,62.1,0.6
1532,4,2022-10-07,晴れ,20.1,11.1,15.6,0.0,51.9,0.9
1533,1,2022-10-08,晴れ,21.2,12.1,16.6,0.0,58.4,2.5
1534,2,2022-10-08,晴れ,18.5,10.1,14.3,0.0,48.9,3.2
1535,3,2022-10-08,曇り,16.6,7.5,12.1,0.0,69.5,2.6
1536,4,2022-10-08,曇り,17.9,9.0,13.4,0.0,57.6,2.5
1537,1,2022-10-09,晴れ,19.2,10.6,14.9,0.0,53.4,2.2
1538,2,2022-10-09,曇り,19.2,10.8,15.0,0.0,60.2,0.2
1539,3,2022-10-09,晴れ,16.0,7.2,11.6,0.0,50.5,2.8
1540,4,2022-10-09,晴れ,18.6,9.7,14.2,0.0,47.8,4.8
1541,1,2022-10-10,晴れ,19.2,10.6,14.9,0.0,57.2,2.4
1542,2,2022-10-10,晴れ,22.9,13.8,18.4,0.0,52.2,1.3
1543,3,2022-10-10,晴れ,16.0,7.2,11.6,0.0,46.6,0.3
1544,4,2022-10-10,晴れ,19.6,10.5,15.1,0.0,50.7,1.6
1545,1,2022-10-11,雨,18.8,10.1,14.4,0.5,83.9,2.5
1546,2,2022-10-11,雨,20.8,11.8,16.3,35.8,82.9,4.6
1547,3,2022-10-11,雨,16.2,7.1,11.6,16.4,86.8,3.2
1548,4,2022-10-11,雨,17.4,8.6,13.0,1.9,75.3,4.2
1549,1,2022-10-12,晴れ,18.1,9.2,13.7,0.0,59.5,2.9
1550,2,2022-10-12,曇り,19.7,10.6,15.1,0.0,65.6,1.9
1551,3,2022-10-12,晴れ,14.5,5.5,10.0,0.0,62.8,2.4
1552,4,2022-10-12,曇り,15.8,6.9,11.4,0.0,78.0,0.2
1553,1,2022-10-13,曇り,19.0,10.0,14.5,0.0,63.9,3.4
1554,2,2022-10-13,曇り,20.8,11.6,16.2,0.0,79.4,4.1
1555,3,2022-10-13,晴れ,15.0,6.0,10.5,0.0,56.4,2.7
1556,4,2022-10-13,曇り,17.8,8.6,13.2,0.0,63.5,3.1
1557,1,2022-10-14,晴れ,18.9,9.9,14.4,0.0,56.4,1.2
1558,2,2022-10-14,晴れ,18.5,9.7,14.1,0.0,54.1,3.1
1559,3,2022-10-14,晴れ,13.7,4.8,9.2,0.0,48.7,3.5
1560,4,2022-10-14,晴れ,16.8,7.8,12.3,0.0,61.4,1.2
1561,1,2022-10-15,雨,19.5,10.3,14.9,10.9,83.3,1.9
1562,2,2022-10-15,雨,18.4,9.6,14.0,20.9,84.8,3.6
1563,3,2022-10-15,雨,13.8,4.9,9.4,13.0,81.1,4.5
1564,4,2022-10-15,雨,15.8,7.0,11.4,38.3,83.2,3.2
1565,1,2022-10-16,雨,18.7,10.0,14.3,8.0,79.2,4.2
1566,2,2022-10-16,雨,21.4,12.3,16.9,8.0,84.2,2.8
1567,3,2022-10-16,雨,16.0,7.0,11.5,6.9,97.5,3.4
1568,4,2022-10-16,雨,18.1,9.1,13.6,4.3,78.6,2.5
1569,1,2022-10-17,晴れ,21.2,12.2,16.7,0.0,40.6,2.1
1570,2,2022-10-17,曇り,20.7,12.0,16.4,0.0,74.6,1.6
1571,3,2022-10-17,曇り,16.1,7.2,11.7,0.0,67.9,2.4
1572,4,2022-10-17,晴れ,17.4,8.7,13.0,0.0,57.5,3.1
1573,1,2022-10-18,曇り,17.6,8.7,13.2,0.0,64.6,3.3
1574,2,2022-10-18,曇り,19.2,10.1,14.6,0.0,77.1,1.2
1575,3,2022-10-18,曇り,14.0,4.9,9.4,0.0,54.9,3.1
1576,4,2022-10-18,晴れ,17.2,7.9,12.6,0.0,56.1,1.2
1577,1,2022-10-19,晴れ,21.4,12.1,16.8,0.0,41.4,2.2
1578,2,2022-10-19,晴れ,21.4,12.2,16.8,0.0,51.8,2.7
1579,3,2022-10-19,晴れ,15.9,6.8,11.3,0.0,53.4,2.6
1580,4,2022-10-19,晴れ,19.5,10.1,14.8,0.0,52.3,1.7
1581,1,2022-10-20,曇り,20.5,11.2,15.8,0.0,64.5,2.0
1582,2,2022-10-20,晴れ,18.7,9.8,14.2,0.0,53.9,1.0
1583,3,2022-10-20,曇り,15.2,6.0,10.6,0.0,74.7,2.0
1584,4,2022-10-20,曇り,17.2,8.1,12.6,0.0,59.5,1.5
1585,1,2022-10-21,曇り,19.9,10.6,15.2,0.0,71.6,3.1
1586,2,2022-10-21,晴れ,19.1,10.0,14.6,0.0,59.7,2.8
1587,3,2022-10-21,晴れ,15.7,6.3,11.0,0.0,50.7,0.4
1588,4,2022-10-21,晴れ,17.8,8.4,13.1,0.0,56.8,1.3
1589,1,2022-10-22,晴れ,21.8,12.6,17.2,0.0,60.5,3.1
1590,2,2022-10-22,曇り,23.5,14.1,18.8,0.0,73.6,2.9
1591,3,2022-10-22,晴れ,17.2,8.0,12.6,0.0,59.2,2.3
1592,4,2022-10-22,晴れ,19.7,10.5,15.1,0.0,50.6,2.5
1593,1,2022-10-23,晴れ,23.6,14.4,19.0,0.0,55.4,0.7
1594,2,2022-10-23,晴れ,25.0,15.6,20.3,0.0,51.8,1.8
1595,3,2022-10-23,曇り,20.2,10.7,15.4,0.0,52.3,2.2
1596,4,2022-10-23,晴れ,23.0,13.5,18.2,0.0,53.3,1.3
1597,1,2022-10-24,雨,21.4,12.4,16.9,5.6,95.0,4.7
1598,2,2022-10-24,雨,22.6,13.5,18.1,0.5,76.8,2.2
1599,3,2022-10-24,雨,19.8,10.3,15.1,2.3,94.1,4.9
1600,4,2022-10-24,雨,21.6,12.1,16.9,35.2,90.3,5.4
1601,1,2022-10-25,雨,21.3,11.7,16.5,10.4,83.4,2.1
1602,2,2022-10-25,雨,23.5,13.7,18.6,10.2,91.3,3.6
1603,3,2022-10-25,雨,17.9,8.1,13.0,6.6,78.6,3.9
1604,4,2022-10-25,雨,18.4,9.0,13.7,7.8,84.9,4.3
1605,1,2022-10-26,晴れ,19.3,9.8,14.6,0.0,43.0,2.3
1606,2,2022-10-26,晴れ,19.9,10.4,15.1,0.0,45.4,1.1
1607,3,2022-10-26,晴れ,14.5,5.1,9.8,0.0,44.8,3.4
1608,4,2022-10-26,晴れ,16.6,7.2,11.9,0.0,56.8,2.2
1609,1,2022-10-27,晴れ,20.3,10.6,15.4,0.0,56.1,3.8
1610,2,2022-10-27,晴れ,18.4,9.2,13.8,0.0,50.8,2.1
1611,3,2022-10-27,晴れ,15.9,6.2,11.1,0.0,57.0,2.1
1612,4,2022-10-27,晴れ,18.5,8.7,13.6,0.0,46.0,1.5
1613,1,2022-10-28,晴れ,20.1,10.2,15.2,0.0,48.8,2.0
1614,2,2022-10-28,晴れ,19.9,10.1,15.0,0.0,61.1,2.8
1615,3,2022-10-28,晴れ,13.8,4.3,9.1,0.0,59.1,2.3
1616,4,2022-10-28,晴れ,14.9,5.6,10.2,0.0,56.4,3.0
1617,1,2022-10-29,晴れ,17.7,7.8,12.8,0.0,51.4,2.0
1618,2,2022-10-29,晴れ,16.2,6.7,11.4,0.0,58.2,0.3
1619,3,2022-10-29,晴れ,14.2,4.1,9.1,0.0,55.0,2.2
1620,4,2022-10-29,晴れ,14.9,5.1,10.0,0.0,53.3,2.0
1621,1,2022-10-30,晴れ,18.6,8.3,13.5,0.0,55.9,4.0
1622,2,2022-10-30,曇り,20.0,9.6,14.8,0.0,60.2,2.7
1623,3,2022-10-30,晴れ,11.6,1.9,6.8,0.0,54.0,0.3
1624,4,2022-10-30,晴れ,16.5,6.2,11.3,0.0,59.2,3.2
1625,1,2022-10-31,曇り,17.2,6.8,12.0,0.0,79.3,2.5
1626,2,2022-10-31,晴れ,17.1,6.9,12.0,0.0,62.7,1.2
1627,3,2022-10-31,曇り,12.6,2.2,7.4,0.0,70.7,2.4
1628,4,2022-10-31,晴れ,12.8,2.9,7.9,0.0,58.5,3.3
1629,1,2022-11-01,晴れ,15.9,5.7,10.8,0.0,54.4,1.9
1630,2,2022-11-01,晴れ,16.2,6.0,11.1,0.0,48.6,2.4
1631,3,2022-11-01,曇り,10.5,0.5,5.5,0.0,69.2,3.2
1632,4,2022-11-01,晴れ,11.2,1.5,6.3,0.0,51.0,1.1
1633,1,2022-11-02,雨,18.9,8.4,13.6,6.9,83.0,3.5
1634,2,2022-11-02,雨,21.4,10.6,16.0,7.3,97.9,2.5
1635,3,2022-11-02,雪,12.8,2.7,7.8,8.3,75.4,2.9
1636,4,2022-11-02,雨,14.7,4.7,9.7,0.5,83.4,1.1
1637,1,2022-11-03,曇り,16.7,6.6,11.6,0.0,68.0,2.6
1638,2,2022-11-03,晴れ,16.9,6.9,11.9,0.0,57.0,1.3
1639,3,2022-11-03,晴れ,14.9,4.3,9.6,0.0,46.4,3.4
1640,4,2022-11-03,晴れ,14.6,4.5,9.6,0.0,52.1,0.5
1641,1,2022-11-04,雨,15.7,5.6,10.6,7.0,88.2,4.5
1642,2,2022-11-04,雨,18.7,8.1,13.4,6.9,84.3,5.6
1643,3,2022-11-04,雪,13.1,2.6,7.8,7.6,81.5,1.8
1644,4,2022-11-04,雨,14.0,3.8,8.9,17.6,87.5,3.0
1645,1,2022-11-05,晴れ,14.4,4.0,9.2,0.0,53.0,3.0
1646,2,2022-11-05,曇り,14.0,3.8,8.9,0.0,72.3,2.4
1647,3,2022-11-05,晴れ,11.2,0.5,5.8,0.0,53.9,2.1
1648,4,2022-11-05,曇り,12.7,2.2,7.4,0.0,77.0,3.1
1649,1,2022-11-06,晴れ,15.7,4.9,10.3,0.0,56.7,2.5
1650,2,2022-11-06,曇り,13.0,2.9,8.0,0.0,74.5,2.1
1651,3,2022-11-06,曇り,8.9,-1.4,3.8,0.0,72.8,1.8
1652,4,2022-11-06,曇り,12.1,1.7,6.9,0.0,71.5,3.4
1653,1,2022-11-07,晴れ,14.8,4.2,9.5,0.0,49.4,4.7
1654,2,2022-11-07,曇り,16.7,5.8,11.2,0.0,67.9,3.0
1655,3,2022-11-07,曇り,10.3,-0.3,5.0,0.0,61.6,3.0
1656,4,2022-11-07,曇り,14.8,3.7,9.2,0.0,62.9,3.7
1657,1,2022-11-08,晴れ,17.9,7.0,12.4,0.0,65.8,2.2
1658,2,2022-11-08,晴れ,16.8,6.2,11.5,0.0,54.6,2.9
1659,3,2022-11-08,晴れ,12.5,1.7,7.1,0.0,54.1,2.1
1660,4,2022-11-08,晴れ,14.0,3.4,8.7,0.0,63.5,1.9
1661,1,2022-11-09,雨,18.5,7.3,12.9,7.9,78.8,4.6
1662,2,2022-11-09,雨,18.0,7.0,12.5,4.1,82.5,4.0
1663,3,2022-11-09,雨,12.9,1.9,7.4,1.0,88.7,4.7
1664,4,2022-11-09,雨,14.7,3.8,9.2,11.1,99.0,3.3
1665,1,2022-11-10,晴れ,19.1,8.0,13.6,0.0,60.6,2.5
1666,2,2022-11-10,晴れ,17.9,7.2,12.5,0.0,48.2,3.9
1667,3,2022-11-10,晴れ,14.2,3.2,8.7,0.0,47.2,2.0
1668,4,2022-11-10,曇り,15.7,4.9,10.3,0.0,60.6,3.4
1669,1,2022-11-11,晴れ,18.4,7.6,13.0,0.0,61.8,4.6
1670,2,2022-11-11,晴れ,19.2,8.4,13.8,0.0,53.6,4.2
1671,3,2022-11-11,曇り,15.4,4.3,9.8,0.0,67.8,3.5
1672,4,2022-11-11,曇り,19.4,7.9,13.6,0.0,63.3,2.0
1673,1,2022-11-12,晴れ,17.5,6.6,12.1,0.0,51.4,1.3
1674,2,2022-11-12,曇り,20.2,8.9,14.6,0.0,85.7,3.3
1675,3,2022-11-12,晴れ,13.1,2.2,7.7,0.0,46.8,1.5
1676,4,2022-11-12,曇り,15.4,4.5,9.9,0.0,65.0,2.0
1677,1,2022-11-13,雨,14.1,3.3,8.7,3.3,88.9,3.4
1678,2,2022-11-13,雨,15.4,4.4,9.9,3.0,82.9,2.7
1679,3,2022-11-13,雪,10.4,-0.6,4.9,8.5,78.2,2.9
1680,4,2022-11-13,雪,12.4,1.5,7.0,7.1,78.1,1.5
1681,1,2022-11-14,晴れ,16.7,5.5,11.1,0.0,49.4,2.5
1682,2,2022-11-14,晴れ,14.9,4.2,9.6,0.0,54.8,1.0
1683,3,2022-11-14,晴れ,10.7,-0.2,5.2,0.0,59.2,3.4
1684,4,2022-11-14,晴れ,13.8,2.8,8.3,0.0,48.3,1.6
1685,1,2022-11-15,雨,13.3,2.6,8.0,1.1,76.9,2.9
1686,2,2022-11-15,雨,14.6,3.8,9.2,11.4,83.3,4.8
1687,3,2022-11-15,雪,8.8,-1.9,3.5,5.7,71.9,0.8
1688,4,2022-11-15,雪,12.5,1.6,7.0,0.9,72.0,3.0
1689,1,2022-11-16,曇り,15.3,3.9,9.6,0.0,63.0,2.4
1690,2,2022-11-16,晴れ,13.0,2.2,7.6,0.0,49.0,4.1
1691,3,2022-11-16,晴れ,10.7,-0.6,5.0,0.0,55.3,2.7
1692,4,2022-11-16,晴れ,11.7,0.6,6.1,0.0,63.2,3.1
1693,1,2022-11-17,曇り,11.1,0.3,5.7,0.0,59.8,1.6
1694,2,2022-11-17,晴れ,13.2,2.1,7.6,0.0,62.1,2.0
1695,3,2022-11-17,晴れ,8.2,-3.0,2.6,0.0,66.8,2.6
1696,4,2022-11-17,晴れ,9.5,-1.5,4.0,0.0,49.5,2.0
1697,1,2022-11-18,晴れ,15.2,3.8,9.5,0.0,64.3,4.0
1698,2,2022-11-18,晴れ,13.6,2.6,8.1,0.0,55.7,4.5
1699,3,2022-11-18,曇り,7.6,-3.2,2.2,0.0,68.9,2.2
1700,4,2022-11-18,晴れ,11.2,0.2,5.7,0.0,57.0,3.6
1701,1,2022-11-19,晴れ,14.6,3.8,9.2,0.0,64.3,1.7
1702,2,2022-11-19,晴れ,17.8,6.5,12.2,0.0,63.3,2.2
1703,3,2022-11-19,曇り,10.0,-0.7,4.7,0.0,63.8,3.0
1704,4,2022-11-19,晴れ,14.3,3.1,8.7,0.0,55.5,2.6
1705,1,2022-11-20,雨,16.7,5.5,11.1,10.0,75.5,3.8
1706,2,2022-11-20,雨,17.0,5.9,11.4,25.1,83.0,3.0
1707,3,2022-11-20,雪,10.7,-0.2,5.2,8.3,73.8,2.6
1708,4,2022-11-20,雨,13.3,2.4,7.9,5.9,92.3,4.8
1709,1,2022-11-21,晴れ,18.8,7.5,13.2,0.0,57.3,2.0
1710,2,2022-11-21,晴れ,17.0,6.2,11.6,0.0,53.6,3.6
1711,3,2022-11-21,晴れ,12.6,1.6,7.1,0.0,53.5,2.4
1712,4,2022-11-21,晴れ,16.0,4.8,10.4,0.0,64.0,2.4
1713,1,2022-11-22,雨,15.4,4.6,10.0,8.5,86.7,3.4
1714,2,2022-11-22,雨,16.7,5.7,11.2,0.5,72.3,3.6
1715,3,2022-11-22,雨,11.4,0.4,5.9,0.5,89.8,3.3
1716,4,2022-11-22,雨,12.8,2.0,7.4,18.8,88.5,5.0
1717,1,2022-11-23,曇り,13.2,2.6,7.9,0.0,69.7,2.3
1718,2,2022-11-23,晴れ,16.0,5.0,10.5,0.0,47.4,0.8
1719,3,2022-11-23,晴れ,11.1,0.0,5.5,0.0,46.4,1.4
1720,4,2022-11-23,晴れ,10.6,0.1,5.3,0.0,63.1,2.6
1721,1,2022-11-24,雨,14.4,3.3,8.8,0.5,92.8,4.2
1722,2,2022-11-24,雨,13.5,2.8,8.2,9.7,82.0,3.9
1723,3,2022-11-24,雨,9.3,-1.7,3.8,3.6,73.1,4.6
1724,4,2022-11-24,雨,13.0,1.7,7.3,1.8,77.4,4.0
1725,1,2022-11-25,曇り,16.5,5.3,10.9,0.0,70.2,3.2
1726,2,2022-11-25,曇り,14.1,3.5,8.8,0.0,60.5,2.8
1727,3,2022-11-25,曇り,9.8,-1.0,4.4,0.0,69.8,3.0
1728,4,2022-11-25,曇り,11.7,1.0,6.3,0.0,80.8,0.2
1729,1,2022-11-26,曇り,16.4,5.2,10.8,0.0,70.5,2.9
1730,2,2022-11-26,晴れ,15.2,4.4,9.8,0.0,50.1,2.2
1731,3,2022-11-26,晴れ,9.9,-0.9,4.5,0.0,45.9,3.1
1732,4,2022-11-26,曇り,12.3,1.5,6.9,0.0,59.4,2.5
1733,1,2022-11-27,曇り,15.1,3.9,9.5,0.0,74.1,1.5
1734,2,2022-11-27,晴れ,14.3,3.5,8.9,0.0,55.3,2.9
1735,3,2022-11-27,曇り,10.5,-0.6,5.0,0.0,64.5,2.6
1736,4,2022-11-27,晴れ,11.5,0.6,6.0,0.0,56.3,3.0
1737,1,2022-11-28,晴れ,14.9,3.7,9.3,0.0,54.4,3.6
1738,2,2022-11-28,晴れ,13.1,2.4,7.8,0.0,49.8,3.0
1739,3,2022-11-28,曇り,9.6,-1.4,4.1,0.0,55.8,1.5
1740,4,2022-11-28,曇り,12.4,1.3,6.9,0.0,78.2,2.1
1741,1,2022-11-29,晴れ,16.3,5.1,10.7,0.0,48.1,1.7
1742,2,2022-11-29,晴れ,16.3,5.2,10.8,0.0,63.5,2.0
1743,3,2022-11-29,晴れ,9.9,-0.9,4.5,0.0,49.5,1.7
1744,4,2022-11-29,曇り,12.5,1.6,7.0,0.0,70.7,3.2
1745,1,2022-11-30,雨,14.2,3.0,8.6,82.8,85.1,3.0
1746,2,2022-11-30,雨,11.6,1.0,6.3,8.0,78.2,4.3
1747,3,2022-11-30,雨,9.0,-2.1,3.5,31.7,93.3,2.8
1748,4,2022-11-30,雪,9.6,-1.2,4.2,9.2,74.8,2.7
1749,1,2022-12-01,雨,9.5,-1.1,4.2,4.8,72.4,5.0
1750,2,2022-12-01,雪,12.6,1.6,7.1,7.5,64.3,2.2
1751,3,2022-12-01,雨,7.9,-3.3,2.3,82.3,76.7,3.7
1752,4,2022-12-01,雨,9.6,-1.5,4.0,0.5,74.9,3.8
1753,1,2022-12-02,雨,9.7,-1.1,4.3,20.3,78.0,2.8
1754,2,2022-12-02,雨,11.8,0.7,6.2,5.2,79.9,4.6
1755,3,2022-12-02,雪,5.1,-5.7,-0.3,6.0,62.8,2.0
1756,4,2022-12-02,雨,6.8,-3.8,1.5,0.5,74.1,3.2
1757,1,2022-12-03,雨,9.6,-0.9,4.3,5.7,79.4,5.3
1758,2,2022-12-03,雪,13.6,2.4,8.0,1.5,63.5,2.2
1759,3,2022-12-03,雨,7.4,-3.6,1.9,29.1,83.3,2.8
1760,4,2022-12-03,雨,11.4,0.1,5.8,9.9,70.8,3.2
1761,1,2022-12-04,晴れ,11.5,0.6,6.0,0.0,45.6,1.3
1762,2,2022-12-04,晴れ,13.9,2.6,8.2,0.0,52.4,1.7
1763,3,2022-12-04,晴れ,7.3,-3.6,1.8,0.0,46.6,2.7
1764,4,2022-12-04,晴れ,8.5,-2.3,3.1,0.0,48.1,0.3
1765,1,2022-12-05,晴れ,12.2,1.1,6.6,0.0,37.6,1.5
1766,2,2022-12-05,曇り,12.9,1.8,7.4,0.0,63.6,2.3
1767,3,2022-12-05,晴れ,7.2,-3.8,1.7,0.0,56.3,2.2
1768,4,2022-12-05,晴れ,10.3,-0.8,4.8,0.0,42.8,2.4
1769,1,2022-12-06,雨,10.6,-0.4,5.1,7.2,75.8,1.6
1770,2,2022-12-06,雨,10.8,-0.1,5.4,41.9,62.2,2.8
1771,3,2022-12-06,雨,5.6,-5.3,0.1,13.3,74.4,4.6
1772,4,2022-12-06,雨,8.2,-2.7,2.7,23.7,80.6,2.0
1773,1,2022-12-07,晴れ,9.9,-1.2,4.4,0.0,43.6,2.7
1774,2,2022-12-07,晴れ,10.0,-1.0,4.5,0.0,45.6,3.6
1775,3,2022-12-07,晴れ,5.6,-5.5,0.0,0.0,45.6,2.1
1776,4,2022-12-07,晴れ,7.4,-3.6,1.9,0.0,49.3,3.7
1777,1,2022-12-08,晴れ,9.2,-1.9,3.6,0.0,55.3,2.3
1778,2,2022-12-08,晴れ,10.1,-1.1,4.5,0.0,53.4,4.4
1779,3,2022-12-08,曇り,3.6,-7.3,-1.8,0.0,51.3,0.7
1780,4,2022-12-08,晴れ,6.7,-4.3,1.2,0.0,47.7,2.3
1781,1,2022-12-09,曇り,5.9,-4.8,0.6,0.0,63.6,1.0
1782,2,2022-12-09,晴れ,7.7,-3.3,2.2,0.0,51.4,3.0
1783,3,2022-12-09,晴れ,1.9,-8.9,-3.5,0.0,36.9,2.3
1784,4,2022-12-09,晴れ,6.5,-4.8,0.9,0.0,47.1,3.2
1785,1,2022-12-10,雨,7.7,-3.5,2.1,10.9,69.2,2.2
1786,2,2022-12-10,雨,4.9,-5.6,-0.3,12.9,85.7,3.6
1787,3,2022-12-10,雪,-1.1,-11.4,-6.2,4.9,63.7,3.1
1788,4,2022-12-10,雪,3.9,-7.0,-1.6,7.3,68.7,2.1
1789,1,2022-12-11,晴れ,8.5,-2.6,3.0,0.0,54.5,2.0
1790,2,2022-12-11,晴れ,7.8,-2.9,2.5,0.0,46.4,1.7
1791,3,2022-12-11,晴れ,5.9,-5.5,0.2,0.0,52.0,3.2
1792,4,2022-12-11,曇り,5.1,-5.6,-0.2,0.0,71.7,3.0
1793,1,2022-12-12,晴れ,5.7,-5.2,0.2,0.0,42.8,1.9
1794,2,2022-12-12,晴れ,5.5,-5.2,0.1,0.0,46.3,3.1
1795,3,2022-12-12,晴れ,2.6,-8.5,-3.0,0.0,49.6,1.9
1796,4,2022-12-12,晴れ,2.2,-8.4,-3.1,0.0,50.0,2.0
1797,1,2022-12-13,晴れ,5.2,-5.7,-0.2,0.0,51.6,3.9
1798,2,2022-12-13,晴れ,5.3,-5.5,-0.1,0.0,49.6,3.5
1799,3,2022-12-13,晴れ,2.2,-9.0,-3.4,0.0,39.8,2.4
1800,4,2022-12-13,曇り,4.2,-6.9,-1.4,0.0,50.1,2.5
1801,1,2022-12-14,曇り,6.7,-4.2,1.2,0.0,59.4,3.2
1802,2,2022-12-14,晴れ,7.6,-3.4,2.1,0.0,39.7,3.5
1803,3,2022-12-14,曇り,3.7,-7.5,-1.9,0.0,54.1,3.2
1804,4,2022-12-14,晴れ,4.4,-6.5,-1.0,0.0,47.2,0.6
1805,1,2022-12-15,晴れ,10.7,-0.5,5.1,0.0,51.2,2.0
1806,2,2022-12-15,曇り,9.5,-1.4,4.0,0.0,57.6,1.7
1807,3,2022-12-15,曇り,5.7,-5.5,0.1,0.0,55.6,2.2
1808,4,2022-12-15,曇り,6.4,-4.4,1.0,0.0,55.4,0.2
1809,1,2022-12-16,晴れ,11.9,0.7,6.3,0.0,47.1,4.4
1810,2,2022-12-16,曇り,10.6,-0.2,5.2,0.0,62.2,1.2
1811,3,2022-12-16,晴れ,8.5,-2.9,2.8,0.0,47.7,0.2
1812,4,2022-12-16,晴れ,9.5,-1.7,3.9,0.0,46.1,1.5
1813,1,2022-12-17,晴れ,11.3,0.4,5.9,0.0,44.0,0.9
1814,2,2022-12-17,晴れ,12.6,1.6,7.1,0.0,54.2,2.6
1815,3,2022-12-17,曇り,7.3,-3.7,1.8,0.0,56.3,1.4
1816,4,2022-12-17,曇り,7.6,-3.0,2.3,0.0,55.2,2.6
1817,1,2022-12-18,晴れ,13.6,2.2,7.9,0.0,58.3,1.8
1818,2,2022-12-18,晴れ,11.1,0.3,5.7,0.0,49.1,1.6
1819,3,2022-12-18,晴れ,7.0,-4.0,1.5,0.0,53.6,1.3
1820,4,2022-12-18,晴れ,7.3,-3.3,2.0,0.0,45.4,2.2
1821,1,2022-12-19,雨,14.1,2.7,8.4,6.0,81.0,3.6
1822,2,2022-12-19,雪,13.0,1.9,7.5,4.5,71.1,3.0
1823,3,2022-12-19,雪,7.6,-3.5,2.0,6.8,65.1,1.0
1824,4,2022-12-19,雪,11.0,-0.3,5.3,6.1,61.5,2.9
1825,1,2022-12-20,晴れ,10.7,-0.4,5.1,0.0,46.7,3.3
1826,2,2022-12-20,曇り,8.5,-2.0,3.2,0.0,60.3,2.3
1827,3,2022-12-20,晴れ,6.2,-4.9,0.6,0.0,34.0,1.9
1828,4,2022-12-20,晴れ,9.6,-1.7,3.9,0.0,34.6,2.0
1829,1,2022-12-21,雨,9.2,-1.6,3.8,3.1,81.8,3.2
1830,2,2022-12-21,雨,11.1,0.0,5.5,3.5,82.4,4.9
1831,3,2022-12-21,雪,5.5,-5.5,0.0,7.6,70.6,1.3
1832,4,2022-12-21,雨,7.6,-3.4,2.1,8.7,86.4,4.5
1833,1,2022-12-22,雨,9.1,-1.8,3.6,50.2,81.1,2.6
1834,2,2022-12-22,雨,11.9,0.6,6.2,2.0,73.7,4.2
1835,3,2022-12-22,雨,5.0,-6.0,-0.5,6.1,77.8,0.7
1836,4,2022-12-22,雨,9.1,-2.2,3.4,7.9,74.4,5.2
1837,1,2022-12-23,晴れ,10.7,-0.5,5.1,0.0,45.7,1.8
1838,2,2022-12-23,晴れ,9.4,-1.5,4.0,0.0,52.7,4.1
1839,3,2022-12-23,晴れ,5.8,-5.3,0.2,0.0,48.9,1.1
1840,4,2022-12-23,晴れ,8.9,-2.5,3.2,0.0,48.7,2.7
1841,1,2022-12-24,雪,9.4,-1.5,4.0,1.1,65.9,1.9
1842,2,2022-12-24,雪,11.9,0.6,6.2,3.0,64.5,2.2
1843,3,2022-12-24,雪,4.4,-6.4,-1.0,4.9,64.7,2.3
1844,4,2022-12-24,雨,8.1,-3.0,2.5,4.9,71.6,3.8
1845,1,2022-12-25,曇り,8.9,-1.9,3.5,0.0,66.3,1.1
1846,2,2022-12-25,晴れ,10.5,-0.5,5.0,0.0,43.8,1.4
1847,3,2022-12-25,晴れ,3.5,-7.1,-1.8,0.0,50.2,1.0
1848,4,2022-12-25,晴れ,9.0,-2.3,3.4,0.0,53.9,2.5
1849,1,2022-12-26,晴れ,10.8,-0.3,5.2,0.0,45.7,3.4
1850,2,2022-12-26,晴れ,11.0,0.0,5.5,0.0,51.6,2.4
1851,3,2022-12-26,晴れ,7.3,-4.0,1.6,0.0,52.7,1.0
1852,4,2022-12-26,曇り,9.1,-2.0,3.5,0.0,62.2,1.5
1853,1,2022-12-27,曇り,10.8,-0.4,5.2,0.0,46.6,2.0
1854,2,2022-12-27,曇り,10.3,-0.7,4.8,0.0,59.5,1.1
1855,3,2022-12-27,曇り,3.5,-7.2,-1.9,0.0,47.7,1.7
1856,4,2022-12-27,晴れ,5.2,-5.4,-0.1,0.0,49.5,0.9
1857,1,2022-12-28,晴れ,8.0,-2.9,2.5,0.0,50.3,1.3
1858,2,2022-12-28,晴れ,8.3,-2.5,2.9,0.0,51.4,4.0
1859,3,2022-12-28,晴れ,3.1,-7.7,-2.3,0.0,48.8,3.3
1860,4,2022-12-28,晴れ,6.9,-4.2,1.4,0.0,44.5,2.5
1861,1,2022-12-29,雨,9.4,-1.8,3.8,45.6,76.5,3.1
1862,2,2022-12-29,雨,8.7,-2.2,3.2,9.6,76.9,3.2
1863,3,2022-12-29,雨,4.5,-6.6,-1.0,12.3,70.8,4.2
1864,4,2022-12-29,雪,6.4,-4.6,0.9,6.0,65.4,2.5
1865,1,2022-12-30,晴れ,8.6,-2.2,3.2,0.0,34.0,3.7
1866,2,2022-12-30,晴れ,10.5,-0.7,4.9,0.0,44.3,3.9
1867,3,2022-12-30,曇り,4.7,-6.3,-0.8,0.0,57.1,2.8
1868,4,2022-12-30,晴れ,7.3,-3.8,1.8,0.0,40.3,4.0
1869,1,2022-12-31,曇り,9.9,-1.4,4.2,0.0,69.0,2.6
1870,2,2022-12-31,晴れ,8.9,-2.0,3.5,0.0,48.3,2.4
1871,3,2022-12-31,晴れ,3.9,-7.0,-1.6,0.0,44.4,3.0
1872,4,2022-12-31,曇り,5.4,-5.4,0.0,0.0,67.9,2.6
1873,1,2023-01-01,晴れ,7.8,-3.0,2.4,0.0,42.9,3.8
1874,2,2023-01-01,晴れ,9.4,-1.6,3.9,0.0,49.0,2.5
1875,3,2023-01-01,晴れ,5.4,-5.8,-0.2,0.0,61.1,0.2
1876,4,2023-01-01,晴れ,6.3,-4.7,0.8,0.0,50.1,1.6
1877,1,2023-01-02,晴れ,8.5,-2.5,3.0,0.0,47.0,2.0
1878,2,2023-01-02,晴れ,7.8,-2.9,2.5,0.0,56.7,2.5
1879,3,2023-01-02,晴れ,3.4,-7.5,-2.0,0.0,42.2,3.2
1880,4,2023-01-02,晴れ,4.6,-6.1,-0.8,0.0,50.9,3.1
1881,1,2023-01-03,雨,8.8,-2.1,3.4,0.5,74.9,2.8
1882,2,2023-01-03,雨,10.2,-0.9,4.6,20.8,81.9,3.1
1883,3,2023-01-03,雪,4.6,-6.3,-0.9,11.3,68.9,3.5
1884,4,2023-01-03,雨,6.9,-4.1,1.4,11.2,70.1,4.1
1885,1,2023-01-04,晴れ,10.0,-1.1,4.5,0.0,43.6,1.3
1886,2,2023-01-04,晴れ,12.2,0.7,6.4,0.0,47.7,1.5
1887,3,2023-01-04,晴れ,3.3,-7.4,-2.1,0.0,48.4,3.3
1888,4,2023-01-04,晴れ,6.4,-4.5,1.0,0.0,38.5,2.7
1889,1,2023-01-05,晴れ,8.5,-2.1,3.2,0.0,40.4,3.0
1890,2,2023-01-05,曇り,11.9,0.8,6.4,0.0,55.3,0.4
1891,3,2023-01-05,晴れ,6.5,-4.5,1.0,0.0,50.6,2.1
1892,4,2023-01-05,晴れ,9.9,-1.3,4.3,0.0,42.6,1.1
1893,1,2023-01-06,晴れ,8.8,-2.0,3.4,0.0,47.8,1.7
1894,2,2023-01-06,晴れ,10.9,-0.2,5.4,0.0,35.5,4.5
1895,3,2023-01-06,晴れ,4.5,-6.3,-0.9,0.0,45.1,0.2
1896,4,2023-01-06,晴れ,6.0,-4.6,0.7,0.0,46.5,4.9
1897,1,2023-01-07,晴れ,9.3,-1.7,3.8,0.0,42.6,2.7
1898,2,2023-01-07,晴れ,9.9,-1.1,4.4,0.0,52.8,2.3
1899,3,2023-01-07,晴れ,5.2,-5.9,-0.4,0.0,55.8,2.4
1900,4,2023-01-07,曇り,7.1,-3.9,1.6,0.0,63.4,2.3
1901,1,2023-01-08,晴れ,10.9,-0.6,5.2,0.0,57.8,2.4
1902,2,2023-01-08,晴れ,10.5,-0.9,4.8,0.0,44.2,2.8
1903,3,2023-01-08,晴れ,3.9,-7.1,-1.6,0.0,43.4,1.6
1904,4,2023-01-08,晴れ,5.4,-5.5,0.0,0.0,41.7,2.6
1905,1,2023-01-09,晴れ,5.9,-5.0,0.5,0.0,39.9,1.6
1906,2,2023-01-09,晴れ,6.5,-4.4,1.0,0.0,39.8,2.2
1907,3,2023-01-09,晴れ,1.7,-9.2,-3.7,0.0,40.1,3.3
1908,4,2023-01-09,晴れ,2.9,-7.8,-2.5,0.0,41.8,1.5
1909,1,2023-01-10,曇り,6.4,-4.2,1.1,0.0,65.3,1.6
1910,2,2023-01-10,晴れ,8.5,-2.5,3.0,0.0,42.1,3.8
1911,3,2023-01-10,曇り,2.7,-8.1,-2.7,0.0,62.9,3.6
1912,4,2023-01-10,晴れ,7.2,-4.1,1.6,0.0,48.0,0.2
1913,1,2023-01-11,晴れ,8.0,-3.0,2.5,0.0,47.3,4.6
1914,2,2023-01-11,晴れ,7.1,-3.6,1.7,0.0,50.2,2.9
1915,3,2023-01-11,晴れ,4.9,-6.4,-0.8,0.0,50.4,1.5
1916,4,2023-01-11,曇り,3.6,-6.9,-1.7,0.0,60.6,2.7
1917,1,2023-01-12,晴れ,8.0,-3.0,2.5,0.0,41.3,1.2
1918,2,2023-01-12,晴れ,9.1,-2.0,3.5,0.0,50.1,1.7
1919,3,2023-01-12,晴れ,3.6,-7.4,-1.9,0.0,36.6,3.5
1920,4,2023-01-12,曇り,6.6,-4.6,1.0,0.0,65.7,3.3
1921,1,2023-01-13,雪,9.8,-1.4,4.2,8.2,66.8,7.6
1922,2,2023-01-13,雪,8.2,-2.6,2.8,8.2,70.1,3.0
1923,3,2023-01-13,雨,3.3,-7.5,-2.1,12.2,66.6,4.2
1924,4,2023-01-13,雨,9.3,-2.3,3.5,11.7,83.7,2.9
1925,1,2023-01-14,晴れ,7.7,-3.4,2.2,0.0,49.9,1.3
1926,2,2023-01-14,曇り,7.3,-3.5,1.9,0.0,63.0,2.9
1927,3,2023-01-14,曇り,2.0,-8.8,-3.4,0.0,52.8,1.4
1928,4,2023-01-14,晴れ,3.7,-7.0,-1.6,0.0,39.7,2.8
1929,1,2023-01-15,曇り,7.0,-3.8,1.6,0.0,59.8,3.4
1930,2,2023-01-15,晴れ,9.6,-1.7,3.9,0.0,39.2,1.6
1931,3,2023-01-15,晴れ,3.2,-7.8,-2.3,0.0,44.4,1.2
1932,4,2023-01-15,晴れ,5.3,-5.7,-0.2,0.0,51.4,0.8
1933,1,2023-01-16,晴れ,10.9,-0.5,5.2,0.0,42.9,2.8
1934,2,2023-01-16,晴れ,9.1,-1.8,3.6,0.0,34.8,1.2
1935,3,2023-01-16,晴れ,3.4,-7.3,-1.9,0.0,46.6,2.2
1936,4,2023-01-16,晴れ,5.8,-5.0,0.4,0.0,48.5,3.2
1937,1,2023-01-17,曇り,10.8,-0.5,5.2,0.0,56.6,2.7
1938,2,2023-01-17,曇り,8.3,-2.4,3.0,0.0,60.0,2.3
1939,3,2023-01-17,晴れ,4.8,-6.2,-0.7,0.0,54.1,1.8
1940,4,2023-01-17,晴れ,5.1,-5.6,-0.2,0.0,47.9,3.7
1941,1,2023-01-18,晴れ,13.2,1.9,7.5,0.0,45.5,1.1
1942,2,2023-01-18,晴れ,10.4,-0.2,5.1,0.0,55.1,3.3
1943,3,2023-01-18,曇り,6.5,-4.4,1.0,0.0,62.5,3.1
1944,4,2023-01-18,晴れ,9.2,-1.7,3.7,0.0,43.7,1.0
1945,1,2023-01-19,雨,8.4,-2.2,3.1,4.3,77.1,1.8
1946,2,2023-01-19,雨,9.3,-1.4,4.0,7.6,78.9,3.1
1947,3,2023-01-19,雪,4.6,-6.2,-0.8,8.1,69.6,1.3
1948,4,2023-01-19,雨,7.4,-3.4,2.0,6.5,76.3,4.3
1949,1,2023-01-20,曇り,8.0,-2.9,2.5,0.0,62.4,1.6
1950,2,2023-01-20,晴れ,9.6,-1.4,4.1,0.0,46.0,2.1
1951,3,2023-01-20,晴れ,5.4,-5.8,-0.2,0.0,47.4,2.5
1952,4,2023-01-20,晴れ,5.3,-5.4,-0.1,0.0,45.4,3.4
1953,1,2023-01-21,晴れ,10.2,-0.8,4.7,0.0,38.8,3.6
1954,2,2023-01-21,晴れ,11.8,0.6,6.2,0.0,37.5,0.2
1955,3,2023-01-21,曇り,5.8,-5.2,0.3,0.0,67.6,2.9
1956,4,2023-01-21,晴れ,7.8,-3.1,2.3,0.0,54.3,2.7
1957,1,2023-01-22,晴れ,10.1,-1.0,4.5,0.0,48.3,1.1
1958,2,2023-01-22,曇り,9.4,-1.4,4.0,0.0,60.1,0.8
1959,3,2023-01-22,晴れ,6.2,-5.1,0.6,0.0,34.3,0.4
1960,4,2023-01-22,晴れ,8.2,-3.0,2.6,0.0,40.7,3.1
1961,1,2023-01-23,晴れ,10.0,-1.1,4.5,0.0,47.5,3.3
1962,2,2023-01-23,晴れ,10.7,-0.4,5.1,0.0,39.7,3.3
1963,3,2023-01-23,晴れ,5.6,-5.5,0.0,0.0,41.8,2.3
1964,4,2023-01-23,晴れ,8.8,-2.5,3.2,0.0,36.3,2.7
1965,1,2023-01-24,雨,9.5,-1.4,4.0,8.3,70.1,4.5
1966,2,2023-01-24,雨,11.3,0.2,5.8,10.5,67.5,4.1
1967,3,2023-01-24,雨,4.7,-6.1,-0.7,5.0,81.7,3.1
1968,4,2023-01-24,雨,8.2,-2.9,2.6,20.7,75.2,3.2
1969,1,2023-01-25,雪,7.0,-3.8,1.6,3.6,67.3,3.2
1970,2,2023-01-25,雨,9.2,-1.9,3.6,13.3,83.1,3.9
1971,3,2023-01-25,雨,4.1,-7.1,-1.5,6.1,73.4,4.3
1972,4,2023-01-25,雨,8.5,-3.1,2.7,3.6,85.8,4.5
1973,1,2023-01-26,曇り,8.1,-2.8,2.6,0.0,69.4,1.5
1974,2,2023-01-26,晴れ,9.2,-1.9,3.6,0.0,48.2,1.4
1975,3,2023-01-26,晴れ,4.2,-6.8,-1.3,0.0,36.9,0.9
1976,4,2023-01-26,曇り,4.7,-6.0,-0.6,0.0,54.9,3.9
1977,1,2023-01-27,曇り,8.7,-2.4,3.1,0.0,62.8,3.1
1978,2,2023-01-27,曇り,8.7,-2.3,3.2,0.0,50.6,2.8
1979,3,2023-01-27,曇り,3.4,-7.6,-2.1,0.0,67.9,2.3
1980,4,2023-01-27,晴れ,5.6,-5.3,0.1,0.0,47.0,3.4
1981,1,2023-01-28,晴れ,8.9,-2.0,3.5,0.0,47.2,1.6
1982,2,2023-01-28,晴れ,9.1,-1.7,3.7,0.0,33.9,2.5
1983,3,2023-01-28,晴れ,5.2,-5.8,-0.3,0.0,49.5,2.7
1984,4,2023-01-28,曇り,7.9,-3.2,2.4,0.0,60.9,3.8
1985,1,2023-01-29,雨,10.3,-0.8,4.8,7.2,77.8,3.6
1986,2,2023-01-29,雨,10.1,-0.9,4.6,8.8,72.4,3.7
1987,3,2023-01-29,雨,4.4,-6.5,-1.0,85.4,89.4,2.7
1988,4,2023-01-29,雨,6.4,-4.4,1.0,30.9,84.6,3.7
1989,1,2023-01-30,晴れ,10.5,-0.6,5.0,0.0,50.3,2.0
1990,2,2023-01-30,晴れ,10.2,-0.8,4.7,0.0,41.9,2.6
1991,3,2023-01-30,曇り,5.4,-5.6,-0.1,0.0,66.5,4.0
1992,4,2023-01-30,晴れ,8.8,-2.4,3.2,0.0,49.1,1.5
1993,1,2023-01-31,曇り,11.0,-0.4,5.3,0.0,66.8,1.5
1994,2,2023-01-31,曇り,10.3,-0.7,4.8,0.0,58.8,3.7
1995,3,2023-01-31,晴れ,4.5,-6.5,-1.0,0.0,45.8,2.8
1996,4,2023-01-31,晴れ,6.1,-4.7,0.7,0.0,49.9,2.8
1997,1,2023-02-01,晴れ,10.8,-0.3,5.2,0.0,52.1,2.5
1998,2,2023-02-01,曇り,12.1,0.8,6.5,0.0,56.0,2.7
1999,3,2023-02-01,晴れ,6.5,-4.7,0.9,0.0,50.5,2.6
2000,4,2023-02-01,曇り,8.9,-2.3,3.3,0.0,64.3,2.9
2001,1,2023-02-02,雨,10.2,-0.5,4.8,17.3,81.3,3.9
2002,2,2023-02-02,雪,12.2,1.3,6.8,7.2,61.0,4.6
2003,3,2023-02-02,雨,7.8,-3.3,2.2,17.5,56.3,2.6
2004,4,2023-02-02,雨,7.8,-2.8,2.5,2.0,77.1,4.8
2005,1,2023-02-03,曇り,10.0,-0.8,4.6,0.0,63.4,2.9
2006,2,2023-02-03,晴れ,10.6,-0.3,5.1,0.0,49.8,3.4
2007,3,2023-02-03,曇り,6.4,-4.6,0.9,0.0,59.7,0.7
2008,4,2023-02-03,晴れ,9.2,-1.9,3.6,0.0,53.8,3.0
2009,1,2023-02-04,曇り,12.3,1.1,6.7,0.0,56.4,2.5
2010,2,2023-02-04,晴れ,11.7,0.7,6.2,0.0,46.7,3.0
2011,3,2023-02-04,晴れ,6.6,-4.4,1.1,0.0,48.0,2.5
2012,4,2023-02-04,曇り,8.4,-2.5,3.0,0.0,61.8,2.4
2013,1,2023-02-05,雨,9.9,-1.0,4.5,8.7,77.0,3.4
2014,2,2023-02-05,雨,12.2,1.0,6.6,0.5,69.7,3.4
2015,3,2023-02-05,雨,5.1,-5.7,-0.3,11.5,79.3,3.1
2016,4,2023-02-05,雨,8.5,-2.5,3.0,15.7,77.9,4.2
2017,1,2023-02-06,曇り,14.0,2.7,8.3,0.0,55.9,1.8
2018,2,2023-02-06,曇り,14.1,2.9,8.5,0.0,52.8,0.2
2019,3,2023-02-06,曇り,7.6,-3.3,2.1,0.0,62.3,1.6
2020,4,2023-02-06,曇り,10.4,-0.6,4.9,0.0,60.0,1.8
2021,1,2023-02-07,曇り,10.9,0.0,5.5,0.0,61.1,1.3
2022,2,2023-02-07,晴れ,13.5,2.1,7.8,0.0,53.4,0.2
2023,3,2023-02-07,晴れ,6.7,-4.3,1.2,0.0,49.1,2.2
2024,4,2023-02-07,晴れ,9.3,-1.7,3.8,0.0,47.1,4.2
2025,1,2023-02-08,曇り,9.3,-1.4,4.0,0.0,56.9,1.9
2026,2,2023-02-08,曇り,10.5,-0.3,5.1,0.0,62.1,3.5
2027,3,2023-02-08,晴れ,5.3,-5.5,-0.1,0.0,52.1,2.1
2028,4,2023-02-08,曇り,10.4,-1.0,4.7,0.0,59.4,3.2
2029,1,2023-02-09,雪,10.6,-0.2,5.2,8.8,75.0,2.3
2030,2,2023-02-09,雨,11.6,0.7,6.1,14.9,76.8,4.3
2031,3,2023-02-09,雨,8.6,-2.7,2.9,10.0,71.1,3.1
2032,4,2023-02-09,雨,9.7,-1.3,4.2,3.6,75.4,3.0
2033,1,2023-02-10,雨,12.9,1.9,7.4,23.1,69.8,2.7
2034,2,2023-02-10,雨,13.6,2.5,8.1,1.8,84.2,5.3
2035,3,2023-02-10,雨,9.4,-1.9,3.8,20.2,76.9,4.3
2036,4,2023-02-10,雪,11.1,-0.1,5.5,3.2,64.7,3.0
2037,1,2023-02-11,雪,10.5,-0.3,5.1,8.3,58.7,3.2
2038,2,2023-02-11,雨,14.2,2.9,8.5,9.1,77.0,2.2
2039,3,2023-02-11,雨,7.2,-3.8,1.7,34.2,73.7,4.9
2040,4,2023-02-11,雪,10.0,-1.1,4.5,7.9,72.7,3.3
2041,1,2023-02-12,晴れ,14.2,3.0,8.6,0.0,34.6,5.1
2042,2,2023-02-12,晴れ,15.8,4.4,10.1,0.0,46.8,2.6
2043,3,2023-02-12,晴れ,8.6,-2.4,3.1,0.0,50.6,2.3
2044,4,2023-02-12,晴れ,11.8,0.6,6.2,0.0,45.9,2.5
2045,1,2023-02-13,晴れ,11.0,0.4,5.7,0.0,50.1,0.3
2046,2,2023-02-13,曇り,12.1,1.5,6.8,0.0,64.9,2.8
2047,3,2023-02-13,晴れ,8.5,-2.4,3.0,0.0,44.5,4.0
2048,4,2023-02-13,晴れ,11.9,0.7,6.3,0.0,46.5,2.3
2049,1,2023-02-14,晴れ,15.8,4.4,10.1,0.0,44.6,1.7
2050,2,2023-02-14,曇り,13.6,2.8,8.2,0.0,55.2,1.1
2051,3,2023-02-14,晴れ,9.2,-1.8,3.7,0.0,45.9,1.4
2052,4,2023-02-14,曇り,10.0,-0.7,4.7,0.0,54.6,3.5
2053,1,2023-02-15,晴れ,14.3,3.3,8.8,0.0,53.2,3.5
2054,2,2023-02-15,晴れ,13.5,2.7,8.1,0.0,55.8,3.6
2055,3,2023-02-15,曇り,9.1,-1.7,3.7,0.0,63.1,2.9
2056,4,2023-02-15,曇り,12.5,1.4,7.0,0.0,64.8,1.6
2057,1,2023-02-16,曇り,13.8,2.8,8.3,0.0,63.5,1.4
2058,2,2023-02-16,晴れ,14.2,3.3,8.8,0.0,44.5,2.9
2059,3,2023-02-16,晴れ,7.6,-3.0,2.3,0.0,33.6,3.5
2060,4,2023-02-16,晴れ,10.1,-0.5,4.8,0.0,52.1,3.3
2061,1,2023-02-17,晴れ,13.7,2.7,8.2,0.0,42.9,2.4
2062,2,2023-02-17,晴れ,14.5,3.4,8.9,0.0,42.3,2.4
2063,3,2023-02-17,曇り,8.0,-2.8,2.6,0.0,63.0,3.2
2064,4,2023-02-17,曇り,10.8,-0.2,5.3,0.0,55.6,2.6
2065,1,2023-02-18,晴れ,11.5,0.6,6.0,0.0,47.1,1.9
2066,2,2023-02-18,晴れ,13.9,2.7,8.3,0.0,46.8,0.8
2067,3,2023-02-18,晴れ,9.7,-1.7,4.0,0.0,47.6,1.6
2068,4,2023-02-18,曇り,10.8,-0.4,5.2,0.0,74.7,4.5
2069,1,2023-02-19,晴れ,11.0,-0.2,5.4,0.0,60.2,2.0
2070,2,2023-02-19,曇り,10.2,-0.7,4.8,0.0,62.7,3.6
2071,3,2023-02-19,晴れ,5.9,-5.2,0.4,0.0,58.4,1.2
2072,4,2023-02-19,晴れ,8.4,-2.7,2.9,0.0,46.8,3.9
2073,1,2023-02-20,雪,9.6,-1.1,4.2,2.0,71.4,2.7
2074,2,2023-02-20,雨,12.0,0.9,6.5,0.5,72.6,3.6
2075,3,2023-02-20,雪,7.3,-3.9,1.7,11.1,66.1,2.8
2076,4,2023-02-20,雨,9.1,-2.0,3.5,10.8,79.4,5.0
2077,1,2023-02-21,晴れ,13.2,1.8,7.5,0.0,56.9,1.7
2078,2,2023-02-21,晴れ,12.9,1.7,7.3,0.0,43.8,4.7
2079,3,2023-02-21,曇り,7.8,-3.4,2.2,0.0,52.5,2.9
2080,4,2023-02-21,晴れ,9.2,-1.8,3.7,0.0,46.6,2.4
2081,1,2023-02-22,晴れ,10.8,-0.2,5.3,0.0,40.5,1.8
2082,2,2023-02-22,晴れ,11.2,0.2,5.7,0.0,43.4,2.3
2083,3,2023-02-22,晴れ,7.1,-4.1,1.5,0.0,56.4,3.4
2084,4,2023-02-22,曇り,9.2,-2.0,3.6,0.0,51.9,1.4
2085,1,2023-02-23,曇り,10.3,-0.8,4.8,0.0,61.9,1.6
2086,2,2023-02-23,曇り,12.2,0.9,6.5,0.0,60.1,4.1
2087,3,2023-02-23,曇り,5.6,-5.4,0.1,0.0,60.4,1.2
2088,4,2023-02-23,曇り,6.6,-4.2,1.2,0.0,54.9,4.4
2089,1,2023-02-24,曇り,11.1,-0.1,5.5,0.0,49.5,3.6
2090,2,2023-02-24,曇り,13.5,2.0,7.8,0.0,61.4,1.7
2091,3,2023-02-24,曇り,8.2,-3.3,2.4,0.0,60.2,4.2
2092,4,2023-02-24,晴れ,8.5,-2.6,3.0,0.0,46.5,2.9
2093,1,2023-02-25,雨,11.8,0.7,6.2,10.1,75.6,3.0
2094,2,2023-02-25,雪,10.9,0.0,5.5,6.4,65.3,2.2
2095,3,2023-02-25,雨,8.4,-3.0,2.7,0.5,79.2,2.2
2096,4,2023-02-25,雨,9.0,-2.1,3.5,2.1,72.1,4.8
2097,1,2023-02-26,雨,11.7,0.3,6.0,49.4,73.1,4.0
2098,2,2023-02-26,雨,12.9,1.4,7.2,13.3,79.8,4.0
2099,3,2023-02-26,雪,6.8,-4.5,1.1,4.0,72.0,3.0
2100,4,2023-02-26,雨,9.9,-1.6,4.2,5.7,70.8,2.3
2101,1,2023-02-27,雨,13.8,2.4,8.1,14.1,81.7,2.9
2102,2,2023-02-27,雨,12.8,1.8,7.3,7.8,67.8,5.1
2103,3,2023-02-27,雨,8.8,-2.4,3.2,9.0,76.0,3.7
2104,4,2023-02-27,雨,13.8,2.0,7.9,16.3,75.1,4.9
2105,1,2023-02-28,曇り,13.9,2.4,8.2,0.0,61.7,1.0
2106,2,2023-02-28,晴れ,15.3,3.6,9.5,0.0,47.8,2.1
2107,3,2023-02-28,曇り,8.1,-3.2,2.4,0.0,58.8,4.0
2108,4,2023-02-28,曇り,12.0,0.4,6.2,0.0,66.2,4.3
2109,1,2023-03-01,晴れ,13.0,1.3,7.2,0.0,58.6,0.3
2110,2,2023-03-01,晴れ,12.2,0.8,6.5,0.0,54.5,1.8
2111,3,2023-03-01,曇り,6.4,-4.9,0.8,0.0,62.2,2.2
2112,4,2023-03-01,晴れ,9.9,-1.7,4.1,0.0,60.8,2.5
2113,1,2023-03-02,晴れ,15.6,4.0,9.8,0.0,55.5,4.0
2114,2,2023-03-02,晴れ,18.0,6.1,12.1,0.0,59.5,1.9
2115,3,2023-03-02,晴れ,9.0,-2.1,3.5,0.0,53.5,1.7
2116,4,2023-03-02,曇り,12.9,1.4,7.2,0.0,75.4,2.4
2117,1,2023-03-03,晴れ,15.3,3.8,9.6,0.0,57.6,1.8
2118,2,2023-03-03,曇り,16.3,4.8,10.6,0.0,64.1,3.9
2119,3,2023-03-03,曇り,11.7,0.1,5.9,0.0,76.7,1.7
2120,4,2023-03-03,晴れ,13.8,2.2,8.0,0.0,51.8,2.3
2121,1,2023-03-04,曇り,16.0,4.6,10.3,0.0,69.7,2.1
2122,2,2023-03-04,晴れ,18.8,7.0,12.9,0.0,52.2,3.5
2123,3,2023-03-04,晴れ,12.3,0.7,6.5,0.0,66.2,3.4
2124,4,2023-03-04,曇り,14.2,2.7,8.4,0.0,56.9,3.0
2125,1,2023-03-05,晴れ,16.8,4.9,10.9,0.0,47.3,1.0
2126,2,2023-03-05,曇り,16.6,4.9,10.8,0.0,66.8,1.3
2127,3,2023-03-05,晴れ,10.8,-0.8,5.0,0.0,50.3,4.0
2128,4,2023-03-05,曇り,15.1,3.1,9.1,0.0,60.5,1.3
2129,1,2023-03-06,雨,12.4,0.8,6.6,0.5,88.5,2.9
2130,2,2023-03-06,雪,12.7,1.2,6.9,0.5,80.1,2.0
2131,3,2023-03-06,雪,7.6,-3.9,1.8,13.7,73.3,2.9
2132,4,2023-03-06,雨,9.9,-1.7,4.1,9.1,79.7,4.6
2133,1,2023-03-07,曇り,11.2,-0.3,5.4,0.0,68.4,1.6
2134,2,2023-03-07,晴れ,13.4,1.6,7.5,0.0,48.9,1.5
2135,3,2023-03-07,曇り,7.3,-4.3,1.5,0.0,75.3,0.9
2136,4,2023-03-07,曇り,10.8,-1.0,4.9,0.0,68.1,1.3
2137,1,2023-03-08,曇り,15.3,3.5,9.4,0.0,65.8,3.4
2138,2,2023-03-08,晴れ,15.2,3.5,9.3,0.0,62.0,5.0
2139,3,2023-03-08,晴れ,9.7,-1.9,3.9,0.0,60.8,2.0
2140,4,2023-03-08,晴れ,11.1,-0.4,5.3,0.0,55.7,3.9
2141,1,2023-03-09,晴れ,15.9,4.0,9.9,0.0,55.5,2.2
2142,2,2023-03-09,晴れ,15.9,4.2,10.1,0.0,56.7,2.4
2143,3,2023-03-09,曇り,10.5,-1.2,4.7,0.0,72.0,1.9
2144,4,2023-03-09,晴れ,14.7,2.6,8.7,0.0,65.5,2.3
2145,1,2023-03-10,曇り,11.8,0.0,5.9,0.0,65.7,0.6
2146,2,2023-03-10,曇り,13.4,1.5,7.5,0.0,61.8,2.7
2147,3,2023-03-10,晴れ,7.9,-3.9,2.0,0.0,54.7,2.4
2148,4,2023-03-10,晴れ,11.0,-1.0,5.0,0.0,65.7,2.7
2149,1,2023-03-11,晴れ,16.5,4.3,10.4,0.0,57.6,4.0
2150,2,2023-03-11,曇り,15.5,3.6,9.6,0.0,71.1,2.7
2151,3,2023-03-11,晴れ,10.8,-1.2,4.8,0.0,44.8,2.1
2152,4,2023-03-11,晴れ,12.5,0.7,6.6,0.0,58.0,0.9
2153,1,2023-03-12,晴れ,14.0,2.0,8.0,0.0,50.3,4.3
2154,2,2023-03-12,晴れ,12.5,0.9,6.7,0.0,53.7,4.4
2155,3,2023-03-12,晴れ,10.0,-2.2,3.9,0.0,49.3,3.5
2156,4,2023-03-12,曇り,11.3,-0.7,5.3,0.0,64.9,0.6
2157,1,2023-03-13,晴れ,12.6,0.8,6.7,0.0,50.8,2.0
2158,2,2023-03-13,晴れ,12.9,1.1,7.0,0.0,63.9,1.6
2159,3,2023-03-13,曇り,9.7,-2.4,3.6,0.0,65.1,2.2
2160,4,2023-03-13,曇り,11.5,-0.5,5.5,0.0,75.1,1.9
2161,1,2023-03-14,曇り,13.5,1.5,7.5,0.0,62.1,1.7
2162,2,2023-03-14,晴れ,13.9,1.9,7.9,0.0,57.0,1.7
2163,3,2023-03-14,晴れ,9.2,-2.8,3.2,0.0,43.0,2.1
2164,4,2023-03-14,曇り,12.6,0.4,6.5,0.0,66.4,2.7
2165,1,2023-03-15,曇り,15.2,3.0,9.1,0.0,67.1,1.1
2166,2,2023-03-15,晴れ,12.4,0.9,6.7,0.0,55.2,2.2
2167,3,2023-03-15,晴れ,10.6,-1.6,4.5,0.0,53.3,3.3
2168,4,2023-03-15,曇り,12.9,0.8,6.9,0.0,73.1,2.0
2169,1,2023-03-16,曇り,17.2,4.6,10.9,0.0,70.4,0.8
2170,2,2023-03-16,晴れ,13.9,2.1,8.0,0.0,51.6,2.3
2171,3,2023-03-16,曇り,8.2,-3.5,2.3,0.0,65.0,2.3
2172,4,2023-03-16,曇り,12.1,0.1,6.1,0.0,73.2,2.0
2173,1,2023-03-17,晴れ,15.3,3.2,9.2,0.0,52.3,1.6
2174,2,2023-03-17,曇り,15.8,3.7,9.8,0.0,63.3,2.6
2175,3,2023-03-17,晴れ,12.4,0.0,6.2,0.0,55.0,3.1
2176,4,2023-03-17,晴れ,14.1,1.8,8.0,0.0,53.7,3.8
2177,1,2023-03-18,晴れ,12.2,0.2,6.2,0.0,64.3,1.0
2178,2,2023-03-18,曇り,13.8,1.6,7.7,0.0,66.7,1.5
2179,3,2023-03-18,曇り,8.0,-4.0,2.0,0.0,64.9,1.4
2180,4,2023-03-18,晴れ,9.3,-2.5,3.4,0.0,56.4,1.9
2181,1,2023-03-19,晴れ,13.2,1.1,7.1,0.0,49.8,1.9
2182,2,2023-03-19,曇り,14.1,1.9,8.0,0.0,76.8,1.9
2183,3,2023-03-19,曇り,6.8,-4.9,0.9,0.0,73.7,2.7
2184,4,2023-03-19,曇り,9.3,-2.5,3.4,0.0,66.2,1.4
2185,1,2023-03-20,晴れ,11.0,-1.0,5.0,0.0,56.9,2.5
2186,2,2023-03-20,晴れ,12.8,0.5,6.7,0.0,63.7,1.4
2187,3,2023-03-20,曇り,4.7,-6.9,-1.1,0.0,58.6,1.9
2188,4,2023-03-20,曇り,7.9,-3.9,2.0,0.0,67.3,2.4
2189,1,2023-03-21,曇り,14.8,2.7,8.8,0.0,68.1,1.6
2190,2,2023-03-21,晴れ,15.2,3.2,9.2,0.0,48.5,4.2
2191,3,2023-03-21,曇り,11.3,-1.0,5.2,0.0,65.7,1.8
2192,4,2023-03-21,晴れ,11.2,-0.6,5.3,0.0,49.3,3.2
2193,1,2023-03-22,雨,18.7,6.5,12.6,7.3,85.8,2.7
2194,2,2023-03-22,雨,16.7,5.1,10.9,3.8,81.0,4.6
2195,3,2023-03-22,雪,10.1,-1.3,4.4,1.1,75.8,2.4
2196,4,2023-03-22,雨,12.2,0.8,6.5,5.4,72.5,1.7
2197,1,2023-03-23,晴れ,13.5,1.9,7.7,0.0,50.8,2.9
2198,2,2023-03-23,晴れ,15.5,3.5,9.5,0.0,63.8,2.9
2199,3,2023-03-23,晴れ,9.0,-2.7,3.1,0.0,47.5,2.0
2200,4,2023-03-23,曇り,13.4,1.3,7.4,0.0,91.6,3.7
2201,1,2023-03-24,晴れ,15.7,3.7,9.7,0.0,58.4,3.0
2202,2,2023-03-24,曇り,16.0,4.1,10.1,0.0,67.2,4.8
2203,3,2023-03-24,晴れ,11.5,-0.6,5.5,0.0,62.4,0.9
2204,4,2023-03-24,晴れ,11.5,0.0,5.8,0.0,53.3,1.2
2205,1,2023-03-25,雨,14.2,2.6,8.4,8.5,78.1,3.6
2206,2,2023-03-25,雨,15.2,3.6,9.4,9.8,71.2,3.1
2207,3,2023-03-25,雨,11.3,-0.6,5.4,7.7,86.4,3.9
2208,4,2023-03-25,雪,13.1,1.3,7.2,5.6,64.3,3.0
2209,1,2023-03-26,雪,12.8,1.4,7.1,10.4,77.8,1.9
2210,2,2023-03-26,雨,16.6,4.5,10.6,7.9,80.6,4.9
2211,3,2023-03-26,雨,9.5,-2.1,3.7,16.2,99.0,1.9
2212,4,2023-03-26,雪,13.4,1.4,7.4,2.9,69.3,1.9
2213,1,2023-03-27,晴れ,15.6,3.8,9.7,0.0,55.6,2.0
2214,2,2023-03-27,曇り,14.9,3.4,9.2,0.0,58.8,3.3
2215,3,2023-03-27,曇り,9.5,-2.0,3.8,0.0,75.3,3.4
2216,4,2023-03-27,晴れ,13.3,1.5,7.4,0.0,54.9,3.8
2217,1,2023-03-28,雨,14.1,2.9,8.5,0.5,78.8,3.6
2218,2,2023-03-28,雨,17.3,5.6,11.4,11.3,81.9,3.7
2219,3,2023-03-28,雪,11.5,0.0,5.8,1.1,72.5,1.9
2220,4,2023-03-28,雨,14.9,3.1,9.0,9.6,77.8,3.3
2221,1,2023-03-29,雨,15.6,4.1,9.8,4.2,86.3,3.2
2222,2,2023-03-29,雨,17.3,5.6,11.4,15.3,87.0,2.8
2223,3,2023-03-29,雪,10.5,-0.9,4.8,0.5,81.7,4.5
2224,4,2023-03-29,雨,15.0,3.2,9.1,44.9,95.2,3.4
2225,1,2023-03-30,晴れ,14.7,3.4,9.0,0.0,52.1,3.8
2226,2,2023-03-30,晴れ,16.1,4.6,10.4,0.0,67.1,1.3
2227,3,2023-03-30,曇り,12.6,0.8,6.7,0.0,68.2,3.0
2228,4,2023-03-30,晴れ,13.0,1.6,7.3,0.0,53.4,1.9
2229,1,2023-03-31,晴れ,17.5,6.0,11.8,0.0,51.5,1.7
2230,2,2023-03-31,曇り,19.8,8.0,13.9,0.0,73.5,3.1
2231,3,2023-03-31,晴れ,13.9,2.2,8.1,0.0,55.9,2.5
2232,4,2023-03-31,晴れ,14.4,3.1,8.8,0.0,54.0,0.8
2233,1,2023-04-01,晴れ,17.0,5.9,11.4,0.0,48.7,2.3
2234,2,2023-04-01,曇り,19.0,7.7,13.3,0.0,73.5,4.6
2235,3,2023-04-01,晴れ,12.5,1.5,7.0,0.0,58.0,3.0
2236,4,2023-04-01,晴れ,18.3,6.5,12.4,0.0,54.1,3.2
2237,1,2023-04-02,曇り,19.7,8.1,13.9,0.0,66.2,0.8
2238,2,2023-04-02,晴れ,20.2,8.6,14.4,0.0,57.8,2.2
2239,3,2023-04-02,晴れ,14.8,3.3,9.1,0.0,64.8,2.8
2240,4,2023-04-02,晴れ,16.1,4.8,10.5,0.0,47.3,2.2
2241,1,2023-04-03,晴れ,19.8,8.1,13.9,0.0,51.7,0.8
2242,2,2023-04-03,晴れ,19.9,8.4,14.1,0.0,40.8,2.7
2243,3,2023-04-03,晴れ,13.2,2.0,7.6,0.0,58.3,0.8
2244,4,2023-04-03,晴れ,14.5,3.5,9.0,0.0,57.0,2.3
2245,1,2023-04-04,曇り,18.9,7.5,13.2,0.0,74.7,2.1
2246,2,2023-04-04,曇り,17.7,6.7,12.2,0.0,58.9,2.1
2247,3,2023-04-04,晴れ,13.3,2.2,7.8,0.0,55.8,1.4
2248,4,2023-04-04,晴れ,17.5,6.0,11.8,0.0,59.6,1.8
2249,1,2023-04-05,雨,18.6,7.4,13.0,7.0,78.2,2.7
2250,2,2023-04-05,雨,20.9,9.3,15.1,2.9,96.0,5.1
2251,3,2023-04-05,雨,13.3,2.3,7.8,9.2,92.4,2.5
2252,4,2023-04-05,雨,16.3,5.1,10.7,12.1,85.3,1.9
2253,1,2023-04-06,雨,19.3,8.1,13.7,65.6,80.4,3.5
2254,2,2023-04-06,雨,20.2,8.9,14.6,8.2,88.1,5.4
2255,3,2023-04-06,雨,13.1,2.2,7.7,0.5,82.9,3.9
2256,4,2023-04-06,雨,18.0,6.6,12.3,11.0,73.9,4.9
2257,1,2023-04-07,曇り,18.5,7.2,12.8,0.0,65.5,2.5
2258,2,2023-04-07,晴れ,18.7,7.5,13.1,0.0,49.3,2.7
2259,3,2023-04-07,晴れ,14.7,3.3,9.0,0.0,55.7,2.9
2260,4,2023-04-07,晴れ,17.3,5.8,11.6,0.0,56.9,3.1
2261,1,2023-04-08,雨,15.7,4.7,10.2,2.3,71.4,3.2
2262,2,2023-04-08,雨,16.1,5.2,10.7,44.5,88.1,2.4
2263,3,2023-04-08,雨,11.3,0.3,5.8,9.5,84.4,3.5
2264,4,2023-04-08,雨,15.1,3.8,9.4,4.1,79.5,4.4
2265,1,2023-04-09,雨,16.1,5.1,10.6,1.0,73.1,3.5
2266,2,2023-04-09,雨,19.1,7.6,13.4,0.5,81.9,1.2
2267,3,2023-04-09,雨,11.5,0.5,6.0,0.5,80.6,4.0
2268,4,2023-04-09,雨,14.4,3.3,8.8,11.3,76.7,5.5
2269,1,2023-04-10,晴れ,14.0,3.1,8.6,0.0,43.0,2.0
2270,2,2023-04-10,曇り,15.9,4.7,10.3,0.0,68.7,1.4
2271,3,2023-04-10,晴れ,9.1,-1.7,3.7,0.0,66.4,1.6
2272,4,2023-04-10,晴れ,13.9,2.6,8.2,0.0,57.2,1.3
2273,1,2023-04-11,雨,14.5,3.7,9.1,10.9,93.7,3.6
2274,2,2023-04-11,雨,15.6,4.7,10.2,11.8,86.7,5.8
2275,3,2023-04-11,雨,10.9,-0.1,5.4,23.4,79.7,2.7
2276,4,2023-04-11,雨,14.5,3.3,8.9,17.7,97.9,2.0
2277,1,2023-04-12,晴れ,16.7,5.7,11.2,0.0,50.1,0.6
2278,2,2023-04-12,曇り,17.1,6.1,11.6,0.0,68.9,1.1
2279,3,2023-04-12,晴れ,12.0,1.0,6.5,0.0,44.9,3.3
2280,4,2023-04-12,晴れ,14.5,3.5,9.0,0.0,48.4,2.4
2281,1,2023-04-13,晴れ,19.7,8.6,14.1,0.0,62.0,1.7
2282,2,2023-04-13,曇り,19.5,8.5,14.0,0.0,62.3,1.1
2283,3,2023-04-13,曇り,15.9,4.7,10.3,0.0,72.6,1.5
2284,4,2023-04-13,曇り,16.3,5.5,10.9,0.0,56.3,3.5
2285,1,2023-04-14,曇り,20.4,9.2,14.8,0.0,71.7,4.2
2286,2,2023-04-14,晴れ,18.1,7.5,12.8,0.0,53.7,3.8
2287,3,2023-04-14,晴れ,15.2,4.1,9.6,0.0,51.5,3.3
2288,4,2023-04-14,晴れ,17.1,6.0,11.6,0.0,61.7,2.8
2289,1,2023-04-15,晴れ,18.2,7.3,12.8,0.0,64.4,1.5
2290,2,2023-04-15,晴れ,19.7,8.6,14.1,0.0,50.8,1.7
2291,3,2023-04-15,晴れ,11.5,1.0,6.2,0.0,58.7,3.2
2292,4,2023-04-15,曇り,17.0,5.9,11.4,0.0,80.0,2.9
2293,1,2023-04-16,雨,19.0,7.8,13.4,10.9,93.6,2.7
2294,2,2023-04-16,雨,19.3,8.2,13.8,48.9,90.6,2.1
2295,3,2023-04-16,雨,12.5,1.7,7.1,7.5,82.1,3.2
2296,4,2023-04-16,雨,16.3,5.2,10.8,8.8,89.6,2.8
2297,1,2023-04-17,曇り,21.3,10.2,15.8,0.0,63.8,2.8
2298,2,2023-04-17,曇り,20.9,10.0,15.4,0.0,63.9,2.4
2299,3,2023-04-17,曇り,14.9,4.1,9.5,0.0,68.3,2.7
2300,4,2023-04-17,晴れ,18.3,7.4,12.9,0.0,52.6,1.4
2301,1,2023-04-18,晴れ,20.4,9.3,14.8,0.0,56.6,1.4
2302,2,2023-04-18,曇り,18.9,8.2,13.5,0.0,53.6,2.3
2303,3,2023-04-18,晴れ,14.2,3.5,8.8,0.0,45.4,2.1
2304,4,2023-04-18,晴れ,17.6,6.7,12.2,0.0,51.3,1.9
2305,1,2023-04-19,晴れ,19.7,8.8,14.2,0.0,46.1,1.5
2306,2,2023-04-19,晴れ,21.3,10.2,15.8,0.0,44.6,2.5
2307,3,2023-04-19,曇り,16.4,5.2,10.8,0.0,70.6,2.6
2308,4,2023-04-19,晴れ,14.3,4.0,9.2,0.0,64.6,3.5
2309,1,2023-04-20,曇り,21.4,10.2,15.8,0.0,63.5,1.3
2310,2,2023-04-20,曇り,20.3,9.5,14.9,0.0,65.2,2.4
2311,3,2023-04-20,晴れ,14.9,4.1,9.5,0.0,59.4,3.1
2312,4,2023-04-20,曇り,17.7,6.8,12.2,0.0,68.3,2.2
2313,1,2023-04-21,雨,21.2,10.5,15.8,2.0,89.1,3.9
2314,2,2023-04-21,雨,21.6,11.0,16.3,11.3,79.6,2.4
2315,3,2023-04-21,雨,17.8,6.9,12.4,15.3,84.4,3.8
2316,4,2023-04-21,雨,18.8,8.2,13.5,2.6,77.5,3.6
2317,1,2023-04-22,曇り,18.9,8.4,13.6,0.0,69.5,3.3
2318,2,2023-04-22,晴れ,21.8,10.9,16.4,0.0,51.7,1.9
2319,3,2023-04-22,曇り,16.0,5.2,10.6,0.0,59.4,1.1
2320,4,2023-04-22,晴れ,20.5,9.3,14.9,0.0,51.8,3.1
2321,1,2023-04-23,曇り,21.2,10.5,15.8,0.0,73.9,1.3
2322,2,2023-04-23,曇り,22.2,11.4,16.8,0.0,63.3,4.4
2323,3,2023-04-23,曇り,14.2,4.0,9.1,0.0,80.6,2.5
2324,4,2023-04-23,晴れ,19.9,8.9,14.4,0.0,56.4,1.3
2325,1,2023-04-24,雨,20.8,10.2,15.5,6.2,80.2,3.6
2326,2,2023-04-24,雨,23.0,12.0,17.5,1.0,89.3,4.2
2327,3,2023-04-24,雨,18.5,7.5,13.0,12.5,87.6,2.1
2328,4,2023-04-24,雨,19.6,8.8,14.2,69.8,81.8,2.9
2329,1,2023-04-25,晴れ,22.1,11.4,16.8,0.0,65.5,2.9
2330,2,2023-04-25,晴れ,22.4,11.7,17.0,0.0,58.3,3.0
2331,3,2023-04-25,曇り,18.4,7.5,12.9,0.0,70.7,2.2
2332,4,2023-04-25,曇り,19.7,9.0,14.3,0.0,64.5,1.4
2333,1,2023-04-26,曇り,22.5,11.7,17.1,0.0,73.2,2.6
2334,2,2023-04-26,晴れ,21.9,11.3,16.6,0.0,55.4,5.2
2335,3,2023-04-26,晴れ,19.4,8.3,13.8,0.0,60.7,3.8
2336,4,2023-04-26,曇り,19.6,8.9,14.2,0.0,60.6,1.8
2337,1,2023-04-27,晴れ,20.5,9.8,15.2,0.0,54.6,3.4
2338,2,2023-04-27,曇り,20.2,9.7,14.9,0.0,63.9,1.1
2339,3,2023-04-27,晴れ,15.9,5.2,10.6,0.0,52.3,3.2
2340,4,2023-04-27,曇り,18.7,8.0,13.3,0.0,70.0,1.8
2341,1,2023-04-28,雨,20.7,10.2,15.4,0.5,89.1,2.8
2342,2,2023-04-28,雨,21.6,11.1,16.4,5.8,84.6,4.1
2343,3,2023-04-28,雨,18.2,7.4,12.8,3.9,85.3,5.2
2344,4,2023-04-28,雨,20.1,9.3,14.7,7.7,82.0,3.3
2345,1,2023-04-29,雨,22.3,11.9,17.1,11.5,84.8,2.3
2346,2,2023-04-29,雨,22.5,12.2,17.4,0.5,86.2,2.2
2347,3,2023-04-29,雨,16.1,6.0,11.1,15.5,77.8,2.7
2348,4,2023-04-29,雨,21.4,10.7,16.0,8.7,71.1,3.9
2349,1,2023-04-30,曇り,21.5,11.4,16.4,0.0,67.3,2.9
2350,2,2023-04-30,晴れ,24.6,13.9,19.2,0.0,55.8,2.6
2351,3,2023-04-30,晴れ,17.7,7.4,12.6,0.0,51.4,1.8
2352,4,2023-04-30,晴れ,20.8,10.3,15.6,0.0,61.2,2.0
2353,1,2023-05-01,雨,21.5,10.9,16.2,0.5,86.2,4.1
2354,2,2023-05-01,雨,22.4,11.8,17.1,0.5,83.3,1.8
2355,3,2023-05-01,雨,18.6,7.8,13.2,6.7,87.2,3.1
2356,4,2023-05-01,雨,20.2,9.5,14.8,39.5,83.7,1.5
2357,1,2023-05-02,曇り,23.9,13.2,18.5,0.0,77.4,3.3
2358,2,2023-05-02,曇り,24.8,14.1,19.4,0.0,63.7,2.6
2359,3,2023-05-02,晴れ,19.0,8.4,13.7,0.0,49.9,2.0
2360,4,2023-05-02,晴れ,20.9,10.4,15.6,0.0,47.4,1.9
2361,1,2023-05-03,晴れ,24.5,14.0,19.2,0.0,52.1,3.6
2362,2,2023-05-03,曇り,22.8,12.8,17.8,0.0,71.1,3.2
2363,3,2023-05-03,晴れ,16.1,6.4,11.2,0.0,54.7,2.7
2364,4,2023-05-03,曇り,21.4,11.1,16.2,0.0,65.3,0.8
2365,1,2023-05-04,晴れ,23.0,12.5,17.8,0.0,56.3,2.4
2366,2,2023-05-04,曇り,23.6,13.1,18.4,0.0,66.3,3.8
2367,3,2023-05-04,曇り,17.9,7.5,12.7,0.0,66.4,0.2
2368,4,2023-05-04,晴れ,18.8,8.7,13.8,0.0,56.4,2.4
2369,1,2023-05-05,晴れ,21.8,11.7,16.8,0.0,61.4,3.8
2370,2,2023-05-05,晴れ,23.5,13.1,18.3,0.0,61.6,2.8
2371,3,2023-05-05,曇り,17.8,7.6,12.7,0.0,75.3,1.3
2372,4,2023-05-05,晴れ,18.3,8.5,13.4,0.0,51.5,1.1
2373,1,2023-05-06,曇り,24.0,13.9,18.9,0.0,59.2,1.5
2374,2,2023-05-06,晴れ,23.8,13.8,18.8,0.0,56.4,4.3
2375,3,2023-05-06,曇り,20.2,9.9,15.1,0.0,65.8,3.2
2376,4,2023-05-06,晴れ,21.5,11.5,16.5,0.0,54.6,1.2
2377,1,2023-05-07,曇り,23.3,13.1,18.2,0.0,79.4,3.0
2378,2,2023-05-07,曇り,23.5,13.4,18.4,0.0,72.1,3.0
2379,3,2023-05-07,曇り,18.4,8.2,13.3,0.0,57.7,1.6
2380,4,2023-05-07,曇り,20.4,10.3,15.3,0.0,68.8,3.3
2381,1,2023-05-08,晴れ,24.8,14.3,19.6,0.0,56.6,1.6
2382,2,2023-05-08,晴れ,26.3,15.6,20.9,0.0,52.0,3.4
2383,3,2023-05-08,曇り,16.8,7.0,11.9,0.0,56.2,2.9
2384,4,2023-05-08,曇り,21.1,10.9,16.0,0.0,71.3,1.7
2385,1,2023-05-09,雨,22.7,12.7,17.7,9.8,87.4,2.8
2386,2,2023-05-09,雨,22.6,12.7,17.6,14.3,85.2,3.2
2387,3,2023-05-09,雨,17.5,7.7,12.6,6.8,77.4,3.3
2388,4,2023-05-09,雨,21.0,10.9,15.9,5.1,86.2,3.8
2389,1,2023-05-10,雨,24.2,13.9,19.1,14.5,89.7,3.7
2390,2,2023-05-10,雨,24.5,14.3,19.4,9.6,91.9,4.1
2391,3,2023-05-10,雨,19.1,8.9,14.0,9.6,91.4,3.2
2392,4,2023-05-10,雨,20.8,10.7,15.8,5.9,76.7,2.8
2393,1,2023-05-11,曇り,23.6,13.3,18.5,0.0,51.1,0.2
2394,2,2023-05-11,曇り,21.4,11.7,16.5,0.0,69.8,1.9
2395,3,2023-05-11,曇り,17.6,7.6,12.6,0.0,61.3,2.0
2396,4,2023-05-11,曇り,20.6,10.5,15.6,0.0,64.0,1.2
2397,1,2023-05-12,雨,24.0,13.9,18.9,21.2,92.8,3.6
2398,2,2023-05-12,雨,25.0,14.8,19.9,11.5,92.1,3.3
2399,3,2023-05-12,雨,21.8,11.2,16.5,58.4,92.5,5.0
2400,4,2023-05-12,雨,21.9,11.8,16.9,0.5,78.3,4.0
2401,1,2023-05-13,晴れ,23.1,13.0,18.1,0.0,57.1,3.2
2402,2,2023-05-13,晴れ,22.5,12.7,17.6,0.0,49.8,3.4
2403,3,2023-05-13,晴れ,20.8,10.2,15.5,0.0,64.4,2.7
2404,4,2023-05-13,曇り,20.6,10.6,15.6,0.0,58.3,1.2
2405,1,2023-05-14,曇り,21.3,11.2,16.2,0.0,62.6,3.8
2406,2,2023-05-14,晴れ,19.7,10.0,14.8,0.0,58.9,2.9
2407,3,2023-05-14,曇り,15.1,5.4,10.2,0.0,69.5,1.3
2408,4,2023-05-14,曇り,19.2,9.1,14.1,0.0,60.1,2.9
2409,1,2023-05-15,晴れ,20.5,10.5,15.5,0.0,54.7,1.5
2410,2,2023-05-15,曇り,21.3,11.2,16.2,0.0,67.6,2.7
2411,3,2023-05-15,晴れ,15.9,5.9,10.9,0.0,58.1,1.5
2412,4,2023-05-15,曇り,18.1,8.1,13.1,0.0,53.3,1.3
2413,1,2023-05-16,雨,22.1,12.3,17.2,10.3,85.1,4.4
2414,2,2023-05-16,雨,26.1,15.6,20.9,20.7,99.0,4.3
2415,3,2023-05-16,雨,17.7,7.9,12.8,89.5,87.9,3.5
2416,4,2023-05-16,雨,23.0,12.6,17.8,3.8,79.3,3.2
2417,1,2023-05-17,晴れ,22.2,12.1,17.1,0.0,59.3,2.9
2418,2,2023-05-17,曇り,23.8,13.6,18.7,0.0,59.6,2.9
2419,3,2023-05-17,晴れ,18.2,8.1,13.1,0.0,49.3,1.9
2420,4,2023-05-17,晴れ,19.2,9.3,14.2,0.0,70.2,2.0
2421,1,2023-05-18,雨,22.4,12.3,17.4,8.7,84.7,2.5
2422,2,2023-05-18,雨,23.1,12.9,18.0,11.2,81.6,3.0
2423,3,2023-05-18,雨,16.3,6.5,11.4,19.5,79.9,2.2
2424,4,2023-05-18,雨,17.3,7.7,12.5,33.8,92.5,3.1
2425,1,2023-05-19,曇り,23.0,13.0,18.0,0.0,73.6,2.3
2426,2,2023-05-19,曇り,21.0,11.4,16.2,0.0,69.5,1.8
2427,3,2023-05-19,晴れ,17.1,7.3,12.2,0.0,52.5,0.2
2428,4,2023-05-19,晴れ,20.3,10.4,15.4,0.0,61.3,1.9
2429,1,2023-05-20,雨,21.5,11.6,16.6,10.2,96.7,3.7
2430,2,2023-05-20,雨,20.4,10.8,15.6,3.8,79.6,2.4
2431,3,2023-05-20,雨,15.8,6.2,11.0,22.2,88.1,4.6
2432,4,2023-05-20,雨,19.4,9.5,14.4,23.8,70.6,2.3
2433,1,2023-05-21,曇り,21.7,11.9,16.8,0.0,73.6,1.7
2434,2,2023-05-21,曇り,21.9,12.1,17.0,0.0,71.7,1.9
2435,3,2023-05-21,晴れ,17.3,7.4,12.4,0.0,61.4,2.8
2436,4,2023-05-21,曇り,19.1,9.3,14.2,0.0,65.7,2.1
2437,1,2023-05-22,晴れ,21.4,11.8,16.6,0.0,55.2,0.6
2438,2,2023-05-22,曇り,22.9,13.1,18.0,0.0,74.2,2.1
2439,3,2023-05-22,晴れ,18.5,8.5,13.5,0.0,51.3,1.3
2440,4,2023-05-22,曇り,20.2,10.4,15.3,0.0,65.2,2.1
2441,1,2023-05-23,曇り,19.9,10.2,15.0,0.0,68.1,1.6
2442,2,2023-05-23,曇り,20.3,10.5,15.4,0.0,64.5,4.3
2443,3,2023-05-23,曇り,14.6,5.0,9.8,0.0,59.8,2.9
2444,4,2023-05-23,曇り,18.1,8.2,13.2,0.0,57.8,1.3
2445,1,2023-05-24,曇り,20.1,10.4,15.2,0.0,63.1,2.2
2446,2,2023-05-24,曇り,21.0,11.3,16.1,0.0,55.3,1.8
2447,3,2023-05-24,晴れ,17.7,7.6,12.6,0.0,50.1,1.6
2448,4,2023-05-24,曇り,18.1,8.3,13.2,0.0,53.7,4.4
2449,1,2023-05-25,雨,22.5,12.8,17.6,3.9,93.5,1.5
2450,2,2023-05-25,雨,21.5,12.2,16.9,3.1,85.5,4.3
2451,3,2023-05-25,雨,17.6,7.9,12.8,2.2,80.1,2.6
2452,4,2023-05-25,雨,19.4,9.8,14.6,0.5,84.8,2.7
2453,1,2023-05-26,雨,24.4,14.9,19.6,12.1,96.7,2.6
2454,2,2023-05-26,雨,24.2,14.8,19.5,4.3,91.2,4.1
2455,3,2023-05-26,雨,19.3,9.9,14.6,15.4,91.3,5.2
2456,4,2023-05-26,雨,23.3,13.6,18.4,3.7,74.6,4.5
2457,1,2023-05-27,雨,27.8,18.2,23.0,26.7,87.2,3.9
2458,2,2023-05-27,雨,26.6,17.4,22.0,0.5,89.1,4.5
2459,3,2023-05-27,雨,22.1,12.8,17.5,8.4,82.1,4.3
2460,4,2023-05-27,雨,23.5,14.3,18.9,14.7,88.9,4.5
2461,1,2023-05-28,雨,29.7,20.3,25.0,0.5,79.9,3.4
2462,2,2023-05-28,雨,29.0,19.8,24.4,0.5,74.3,2.9
2463,3,2023-05-28,雨,22.4,13.6,18.0,4.7,85.7,3.7
2464,4,2023-05-28,雨,28.2,18.6,23.4,0.5,77.0,4.3
2465,1,2023-05-29,雨,24.9,15.9,20.4,17.7,84.5,3.9
2466,2,2023-05-29,雨,26.5,17.3,21.9,12.6,88.1,4.9
2467,3,2023-05-29,雨,21.1,11.9,16.5,10.9,82.8,0.9
2468,4,2023-05-29,雨,23.3,14.1,18.7,12.6,91.8,3.9
2469,1,2023-05-30,雨,25.9,16.7,21.3,4.8,99.0,4.4
2470,2,2023-05-30,雨,26.7,17.4,22.0,8.9,84.5,4.0
2471,3,2023-05-30,雨,20.6,11.5,16.1,7.3,88.3,3.5
2472,4,2023-05-30,雨,21.5,12.7,17.1,28.5,84.4,4.2
2473,1,2023-05-31,晴れ,24.2,14.9,19.6,0.0,47.9,2.6
2474,2,2023-05-31,晴れ,21.4,12.8,17.1,0.0,52.7,1.6
2475,3,2023-05-31,晴れ,17.2,8.4,12.8,0.0,61.5,3.0
2476,4,2023-05-31,曇り,21.0,11.9,16.4,0.0,77.1,1.5
2477,1,2023-06-01,雨,21.7,12.9,17.3,5.0,99.0,3.5
2478,2,2023-06-01,雷雨,24.5,15.3,19.9,28.8,95.8,3.1
2479,3,2023-06-01,雨,18.1,9.1,13.6,58.1,99.0,3.3
2480,4,2023-06-01,雷雨,19.1,10.4,14.8,1.0,90.1,4.2
2481,1,2023-06-02,雨,22.0,13.2,17.6,29.4,97.1,3.5
2482,2,2023-06-02,雨,21.6,13.0,17.3,13.3,90.2,3.2
2483,3,2023-06-02,雨,16.9,8.2,12.5,12.7,94.1,3.9
2484,4,2023-06-02,雷雨,18.8,10.1,14.4,46.7,94.5,4.3
2485,1,2023-06-03,晴れ,22.5,13.7,18.1,0.0,68.9,0.2
2486,2,2023-06-03,曇り,22.5,13.8,18.1,0.0,82.0,3.7
2487,3,2023-06-03,曇り,16.4,8.0,12.2,0.0,81.5,0.9
2488,4,2023-06-03,曇り,20.7,11.8,16.2,0.0,87.2,3.8
2489,1,2023-06-04,雨,24.7,16.1,20.4,7.5,93.7,4.2
2490,2,2023-06-04,雨,24.7,16.2,20.4,10.9,94.3,3.4
2491,3,2023-06-04,雨,18.5,10.3,14.4,8.4,93.6,3.0
2492,4,2023-06-04,雨,21.3,13.0,17.1,18.4,99.0,2.7
2493,1,2023-06-05,曇り,27.5,18.9,23.2,0.0,75.5,2.5
2494,2,2023-06-05,晴れ,27.1,18.7,22.9,0.0,59.0,3.1
2495,3,2023-06-05,晴れ,23.5,14.7,19.1,0.0,61.7,1.3
2496,4,2023-06-05,晴れ,23.7,15.4,19.6,0.0,65.6,2.4
2497,1,2023-06-06,曇り,23.5,15.3,19.4,0.0,74.6,2.6
2498,2,2023-06-06,晴れ,25.2,16.8,21.0,0.0,65.5,3.5
2499,3,2023-06-06,晴れ,19.6,11.3,15.5,0.0,67.5,2.4
2500,4,2023-06-06,曇り,21.7,13.4,17.6,0.0,81.1,3.1
2501,1,2023-06-07,曇り,23.2,15.0,19.1,0.0,73.6,1.2
2502,2,2023-06-07,晴れ,23.8,15.6,19.7,0.0,63.5,1.9
2503,3,2023-06-07,曇り,19.7,11.3,15.5,0.0,82.6,3.0
2504,4,2023-06-07,曇り,23.0,14.4,18.7,0.0,78.9,2.3
2505,1,2023-06-08,曇り,24.2,16.1,20.1,0.0,77.1,2.6
2506,2,2023-06-08,曇り,24.6,16.5,20.6,0.0,77.3,2.1
2507,3,2023-06-08,曇り,20.2,11.9,16.1,0.0,81.7,4.0
2508,4,2023-06-08,曇り,22.4,14.2,18.3,0.0,86.5,2.6
2509,1,2023-06-09,曇り,24.0,15.8,19.9,0.0,79.0,3.7
2510,2,2023-06-09,曇り,24.8,16.6,20.7,0.0,72.9,0.8
2511,3,2023-06-09,曇り,19.7,11.5,15.6,0.0,73.1,2.9
2512,4,2023-06-09,晴れ,23.2,14.8,19.0,0.0,65.8,2.0
2513,1,2023-06-10,雨,20.4,12.7,16.5,1.1,95.8,4.0
2514,2,2023-06-10,雷雨,22.9,14.8,18.9,27.8,99.0,3.2
2515,3,2023-06-10,雨,17.9,9.8,13.8,2.8,93.8,3.5
2516,4,2023-06-10,雷雨,18.9,11.1,15.0,1.0,96.7,3.5
2517,1,2023-06-11,雨,23.6,15.6,19.6,10.1,92.7,4.1
2518,2,2023-06-11,雨,24.9,16.7,20.8,4.4,94.4,4.5
2519,3,2023-06-11,雨,18.5,10.6,14.6,9.8,93.0,4.7
2520,4,2023-06-11,雨,21.7,13.6,17.6,11.9,92.7,3.3
2521,1,2023-06-12,晴れ,20.7,12.9,16.8,0.0,71.9,3.4
2522,2,2023-06-12,曇り,21.1,13.3,17.2,0.0,74.5,3.8
2523,3,2023-06-12,曇り,18.9,10.5,14.7,0.0,71.9,2.6
2524,4,2023-06-12,晴れ,18.3,10.5,14.4,0.0,68.4,1.4
2525,1,2023-06-13,晴れ,21.0,13.5,17.2,0.0,57.0,1.0
2526,2,2023-06-13,曇り,23.8,15.8,19.8,0.0,85.5,2.1
2527,3,2023-06-13,晴れ,19.4,11.3,15.3,0.0,65.7,1.1
2528,4,2023-06-13,曇り,21.6,13.5,17.6,0.0,74.1,2.4
2529,1,2023-06-14,雨,23.9,15.6,19.8,1.4,92.9,3.7
2530,2,2023-06-14,雨,24.1,15.8,20.0,3.3,99.0,2.8
2531,3,2023-06-14,雨,16.8,9.0,12.9,17.1,96.7,3.2
2532,4,2023-06-14,雷雨,21.2,13.0,17.1,6.0,93.7,4.0
2533,1,2023-06-15,曇り,23.1,15.0,19.1,0.0,78.8,3.3
2534,2,2023-06-15,曇り,22.5,14.6,18.6,0.0,76.3,2.0
2535,3,2023-06-15,曇り,18.4,10.3,14.3,0.0,85.6,0.7
2536,4,2023-06-15,晴れ,21.5,13.3,17.4,0.0,65.5,1.5
2537,1,2023-06-16,晴れ,23.0,15.0,19.0,0.0,60.7,2.2
2538,2,2023-06-16,曇り,23.4,15.4,19.4,0.0,88.1,3.0
2539,3,2023-06-16,曇り,18.1,10.2,14.2,0.0,70.8,1.3
2540,4,2023-06-16,曇り,21.1,13.0,17.1,0.0,81.5,3.0
2541,1,2023-06-17,曇り,23.4,15.6,19.5,0.0,82.2,1.7
2542,2,2023-06-17,曇り,25.2,17.2,21.2,0.0,76.8,0.2
2543,3,2023-06-17,曇り,19.9,11.9,15.9,0.0,87.9,3.0
2544,4,2023-06-17,曇り,22.9,14.8,18.9,0.0,85.5,1.0
2545,1,2023-06-18,晴れ,25.4,17.5,21.4,0.0,52.9,2.9
2546,2,2023-06-18,晴れ,26.3,18.4,22.4,0.0,64.3,3.6
2547,3,2023-06-18,晴れ,21.2,13.3,17.2,0.0,59.7,3.7
2548,4,2023-06-18,晴れ,23.4,15.5,19.4,0.0,63.6,3.1
2549,1,2023-06-19,晴れ,25.3,17.2,21.2,0.0,61.1,2.5
2550,2,2023-06-19,曇り,25.7,17.7,21.7,0.0,76.7,2.7
2551,3,2023-06-19,曇り,20.6,12.6,16.6,0.0,78.4,3.6
2552,4,2023-06-19,曇り,22.9,14.9,18.9,0.0,78.1,3.3
2553,1,2023-06-20,雨,25.8,17.7,21.8,77.4,98.7,4.0
2554,2,2023-06-20,雨,28.0,19.6,23.8,2.5,92.4,3.6
2555,3,2023-06-20,雨,21.3,13.2,17.2,5.9,94.1,2.9
2556,4,2023-06-20,雨,22.3,14.5,18.4,12.5,99.0,2.8
2557,1,2023-06-21,曇り,28.7,20.7,24.7,0.0,72.8,2.1
2558,2,2023-06-21,曇り,28.9,20.9,24.9,0.0,79.5,4.0
2559,3,2023-06-21,曇り,23.4,15.5,19.4,0.0,84.9,2.5
2560,4,2023-06-21,曇り,25.9,18.0,21.9,0.0,77.6,2.7
2561,1,2023-06-22,晴れ,29.8,21.4,25.6,0.0,56.0,0.5
2562,2,2023-06-22,曇り,30.0,21.7,25.9,0.0,71.5,1.1
2563,3,2023-06-22,曇り,23.8,15.7,19.8,0.0,82.0,2.6
2564,4,2023-06-22,曇り,26.6,18.4,22.5,0.0,84.4,1.8
2565,1,2023-06-23,曇り,28.6,20.8,24.7,0.0,78.8,3.1
2566,2,2023-06-23,晴れ,28.0,20.4,24.2,0.0,64.3,1.7
2567,3,2023-06-23,曇り,24.5,16.6,20.6,0.0,80.0,3.1
2568,4,2023-06-23,曇り,27.0,19.1,23.1,0.0,86.6,2.6
2569,1,2023-06-24,雨,27.2,19.3,23.2,19.7,99.0,5.1
2570,2,2023-06-24,雨,29.5,21.2,25.4,7.9,89.4,3.2
2571,3,2023-06-24,雨,24.0,15.8,19.9,80.6,99.0,2.9
2572,4,2023-06-24,雨,26.0,17.9,21.9,12.5,99.0,3.4
2573,1,2023-06-25,雨,30.2,22.0,26.1,81.9,94.6,2.0
2574,2,2023-06-25,雷雨,29.1,21.2,25.1,50.5,88.9,2.3
2575,3,2023-06-25,雨,24.1,16.2,20.1,5.9,92.8,5.0
2576,4,2023-06-25,雨,26.2,18.4,22.3,17.1,95.5,3.8
2577,1,2023-06-26,雨,27.7,20.0,23.9,108.5,99.0,3.6
2578,2,2023-06-26,雨,29.6,21.6,25.6,10.0,87.8,2.7
2579,3,2023-06-26,雨,25.4,17.2,21.3,4.3,98.1,3.2
2580,4,2023-06-26,雨,25.3,17.6,21.5,4.8,93.0,3.4
2581,1,2023-06-27,晴れ,31.3,23.0,27.1,0.0,65.6,0.8
2582,2,2023-06-27,曇り,30.4,22.4,26.4,0.0,81.1,2.2
2583,3,2023-06-27,晴れ,23.5,15.9,19.7,0.0,57.5,2.6
2584,4,2023-06-27,曇り,27.2,19.3,23.2,0.0,78.7,2.3
2585,1,2023-06-28,曇り,30.1,22.0,26.1,0.0,73.5,1.6
2586,2,2023-06-28,曇り,29.5,21.6,25.6,0.0,71.2,3.3
2587,3,2023-06-28,曇り,25.2,17.2,21.2,0.0,86.3,2.1
2588,4,2023-06-28,晴れ,27.5,19.5,23.5,0.0,61.7,1.4
2589,1,2023-06-29,曇り,30.9,22.9,26.9,0.0,91.8,2.5
2590,2,2023-06-29,晴れ,31.4,23.5,27.4,0.0,53.5,3.2
2591,3,2023-06-29,曇り,26.1,18.2,22.1,0.0,86.8,2.3
2592,4,2023-06-29,晴れ,28.9,20.9,24.9,0.0,65.6,3.1
2593,1,2023-06-30,雨,29.6,21.7,25.6,2.8,99.0,3.8
2594,2,2023-06-30,雨,29.8,22.0,25.9,0.9,97.0,2.3
2595,3,2023-06-30,雨,25.8,17.8,21.8,0.5,93.2,3.1
2596,4,2023-06-30,雨,26.6,18.9,22.8,26.8,96.7,2.6
2597,1,2023-07-01,曇り,32.1,24.1,28.1,0.0,71.3,1.9
2598,2,2023-07-01,晴れ,32.9,24.9,28.9,0.0,59.1,4.2
2599,3,2023-07-01,曇り,26.5,18.7,22.6,0.0,77.2,1.4
2600,4,2023-07-01,晴れ,28.3,20.6,24.5,0.0,61.4,3.1
2601,1,2023-07-02,曇り,33.2,24.8,29.0,0.0,68.9,2.6
2602,2,2023-07-02,晴れ,33.2,25.0,29.1,0.0,61.4,1.4
2603,3,2023-07-02,晴れ,25.8,18.0,21.9,0.0,61.4,2.9
2604,4,2023-07-02,曇り,28.4,20.6,24.5,0.0,73.6,0.9
2605,1,2023-07-03,曇り,30.7,22.9,26.8,0.0,74.9,0.9
2606,2,2023-07-03,晴れ,31.1,23.2,27.1,0.0,68.6,3.6
2607,3,2023-07-03,晴れ,25.4,17.7,21.5,0.0,66.7,1.6
2608,4,2023-07-03,曇り,26.1,18.7,22.4,0.0,82.5,1.7
2609,1,2023-07-04,曇り,30.6,22.4,26.5,0.0,73.8,2.7
2610,2,2023-07-04,晴れ,30.0,22.1,26.1,0.0,63.5,1.8
2611,3,2023-07-04,曇り,26.0,17.9,21.9,0.0,77.2,3.2
2612,4,2023-07-04,曇り,29.1,20.9,25.0,0.0,83.5,2.2
2613,1,2023-07-05,曇り,30.1,21.7,25.9,0.0,77.1,4.1
2614,2,2023-07-05,曇り,29.0,21.0,25.0,0.0,82.4,4.1
2615,3,2023-07-05,曇り,24.3,16.2,20.2,0.0,67.8,0.2
2616,4,2023-07-05,曇り,25.5,17.6,21.6,0.0,80.3,1.8
2617,1,2023-07-06,雨,30.9,22.8,26.9,0.5,98.3,3.8
2618,2,2023-07-06,雨,27.7,20.3,24.0,32.5,94.3,4.2
2619,3,2023-07-06,雷雨,24.8,17.0,20.9,43.3,99.0,3.9
2620,4,2023-07-06,雨,27.1,19.2,23.1,9.0,93.9,4.5
2621,1,2023-07-07,晴れ,28.0,19.9,23.9,0.0,68.2,1.6
2622,2,2023-07-07,曇り,28.0,20.0,24.0,0.0,79.8,3.0
2623,3,2023-07-07,曇り,24.1,16.0,20.1,0.0,76.2,1.8
2624,4,2023-07-07,曇り,26.0,18.0,22.0,0.0,72.2,1.1
2625,1,2023-07-08,曇り,29.0,20.8,24.9,0.0,71.5,2.9
2626,2,2023-07-08,晴れ,27.7,19.8,23.8,0.0,70.3,2.8
2627,3,2023-07-08,晴れ,23.8,15.7,19.8,0.0,72.2,3.7
2628,4,2023-07-08,曇り,27.6,19.2,23.4,0.0,77.9,1.1
2629,1,2023-07-09,晴れ,30.5,22.5,26.5,0.0,71.7,2.3
2630,2,2023-07-09,晴れ,32.9,24.5,28.7,0.0,70.3,1.9
2631,3,2023-07-09,晴れ,26.5,18.4,22.4,0.0,66.7,2.3
2632,4,2023-07-09,曇り,29.2,21.0,25.1,0.0,68.6,1.6
2633,1,2023-07-10,曇り,29.3,21.5,25.4,0.0,73.7,1.6
2634,2,2023-07-10,晴れ,32.0,23.9,27.9,0.0,76.5,3.2
2635,3,2023-07-10,晴れ,24.8,17.0,20.9,0.0,69.5,2.1
2636,4,2023-07-10,晴れ,29.6,21.4,25.5,0.0,68.3,0.2
2637,1,2023-07-11,雨,30.2,22.2,26.2,3.8,90.2,3.8
2638,2,2023-07-11,雷雨,31.1,23.0,27.1,8.6,99.0,2.3
2639,3,2023-07-11,雨,27.0,18.6,22.8,0.5,95.9,4.6
2640,4,2023-07-11,雷雨,28.1,20.0,24.1,39.2,88.5,2.9
2641,1,2023-07-12,雨,32.0,23.5,27.8,6.4,99.0,4.0
2642,2,2023-07-12,雨,29.8,21.8,25.8,5.0,99.0,2.9
2643,3,2023-07-12,雨,25.1,17.0,21.1,32.1,94.0,3.9
2644,4,2023-07-12,雨,26.7,18.8,22.8,15.5,99.0,4.5
2645,1,2023-07-13,晴れ,31.5,23.4,27.4,0.0,65.1,4.1
2646,2,2023-07-13,晴れ,32.6,24.4,28.5,0.0,61.1,1.4
2647,3,2023-07-13,曇り,26.3,18.3,22.3,0.0,81.2,3.0
2648,4,2023-07-13,晴れ,27.6,19.8,23.7,0.0,69.2,3.8
2649,1,2023-07-14,雨,30.1,22.1,26.1,9.7,98.8,4.6
2650,2,2023-07-14,雨,30.6,22.6,26.6,11.9,99.0,4.0
2651,3,2023-07-14,雨,27.8,19.4,23.6,3.0,99.0,4.2
2652,4,2023-07-14,雨,29.2,20.9,25.0,14.3,90.3,3.8
2653,1,2023-07-15,雨,33.4,25.2,29.3,3.7,91.4,2.5
2654,2,2023-07-15,雨,33.5,25.3,29.4,23.0,99.0,4.5
2655,3,2023-07-15,雨,29.4,21.1,25.2,0.5,97.0,3.4
2656,4,2023-07-15,雨,29.9,22.0,25.9,13.0,86.2,3.1
2657,1,2023-07-16,雨,30.0,22.4,26.2,24.6,95.8,2.7
2658,2,2023-07-16,雨,32.3,24.3,28.3,15.4,87.0,3.6
2659,3,2023-07-16,雨,28.3,20.1,24.2,5.4,91.1,2.9
2660,4,2023-07-16,雨,29.4,21.4,25.4,0.5,99.0,4.1
2661,1,2023-07-17,雨,28.6,21.1,24.9,3.9,91.3,1.6
2662,2,2023-07-17,雨,30.0,22.3,26.1,6.4,95.3,2.9
2663,3,2023-07-17,雨,26.8,18.7,22.8,6.8,99.0,1.8
2664,4,2023-07-17,雷雨,29.9,21.7,25.8,31.6,99.0,3.6
2665,1,2023-07-18,晴れ,31.0,22.9,26.9,0.0,61.6,2.9
2666,2,2023-07-18,晴れ,31.6,23.5,27.6,0.0,65.3,1.1
2667,3,2023-07-18,曇り,25.8,17.9,21.9,0.0,80.4,2.9
2668,4,2023-07-18,晴れ,27.2,19.5,23.4,0.0,57.3,2.1
2669,1,2023-07-19,曇り,31.9,23.8,27.9,0.0,84.3,2.1
2670,2,2023-07-19,晴れ,32.3,24.2,28.2,0.0,79.0,2.2
2671,3,2023-07-19,晴れ,26.6,18.7,22.6,0.0,56.8,2.0
2672,4,2023-07-19,晴れ,28.9,21.0,24.9,0.0,59.2,3.6
2673,1,2023-07-20,曇り,33.0,24.6,28.8,0.0,59.0,0.2
2674,2,2023-07-20,曇り,33.0,24.7,28.9,0.0,87.6,1.2
2675,3,2023-07-20,曇り,28.4,20.0,24.2,0.0,70.0,0.4
2676,4,2023-07-20,晴れ,28.9,20.9,24.9,0.0,67.5,4.0
2677,1,2023-07-21,曇り,31.6,23.9,27.8,0.0,85.9,3.3
2678,2,2023-07-21,晴れ,34.8,26.5,30.6,0.0,59.2,2.2
2679,3,2023-07-21,曇り,29.1,21.0,25.1,0.0,88.4,4.9
2680,4,2023-07-21,晴れ,31.4,23.3,27.4,0.0,61.5,0.2
2681,1,2023-07-22,晴れ,32.0,23.8,27.9,0.0,58.8,3.1
2682,2,2023-07-22,曇り,31.3,23.4,27.4,0.0,79.4,1.3
2683,3,2023-07-22,晴れ,26.9,18.8,22.9,0.0,70.4,0.9
2684,4,2023-07-22,晴れ,28.9,20.9,24.9,0.0,73.6,5.1
2685,1,2023-07-23,雨,32.2,24.1,28.2,3.4,88.7,4.6
2686,2,2023-07-23,雷雨,31.9,23.9,27.9,26.4,92.1,3.7
2687,3,2023-07-23,雨,28.1,19.9,24.0,1.8,91.0,3.5
2688,4,2023-07-23,雨,28.5,20.6,24.6,8.6,92.9,5.2
2689,1,2023-07-24,曇り,29.1,21.1,25.1,0.0,73.8,1.4
2690,2,2023-07-24,晴れ,30.4,22.2,26.3,0.0,59.7,1.7
2691,3,2023-07-24,晴れ,24.9,16.8,20.9,0.0,72.4,1.3
2692,4,2023-07-24,晴れ,28.3,20.1,24.2,0.0,77.0,1.0
2693,1,2023-07-25,曇り,32.8,24.4,28.6,0.0,72.3,3.0
2694,2,2023-07-25,曇り,32.7,24.4,28.6,0.0,80.3,1.2
2695,3,2023-07-25,晴れ,28.0,19.6,23.8,0.0,63.3,4.9
2696,4,2023-07-25,晴れ,28.6,20.5,24.6,0.0,56.2,2.6
2697,1,2023-07-26,曇り,28.8,20.6,24.7,0.0,81.7,1.2
2698,2,2023-07-26,晴れ,29.5,21.3,25.4,0.0,60.0,2.1
2699,3,2023-07-26,曇り,22.5,14.7,18.6,0.0,80.7,2.3
2700,4,2023-07-26,晴れ,29.2,20.5,24.9,0.0,62.2,4.0
2701,1,2023-07-27,曇り,30.0,21.5,25.8,0.0,80.3,1.7
2702,2,2023-07-27,曇り,29.4,21.2,25.3,0.0,72.5,1.7
2703,3,2023-07-27,晴れ,26.0,17.4,21.7,0.0,66.0,3.2
2704,4,2023-07-27,曇り,27.1,18.8,23.0,0.0,82.0,1.7
2705,1,2023-07-28,雨,32.4,23.9,28.1,13.5,86.8,3.7
2706,2,2023-07-28,雨,33.0,24.6,28.8,0.5,95.3,3.6
2707,3,2023-07-28,雨,27.4,19.0,23.2,4.7,99.0,2.1
2708,4,2023-07-28,雨,29.3,21.0,25.1,5.7,97.8,2.7
2709,1,2023-07-29,曇り,29.8,21.5,25.6,0.0,85.3,2.5
2710,2,2023-07-29,曇り,32.2,23.5,27.9,0.0,78.0,1.7
2711,3,2023-07-29,曇り,27.2,18.5,22.9,0.0,84.3,2.8
2712,4,2023-07-29,晴れ,26.3,18.2,22.2,0.0,60.7,0.7
2713,1,2023-07-30,雨,29.0,20.5,24.8,6.7,92.5,5.6
2714,2,2023-07-30,雨,28.5,20.3,24.4,12.9,95.8,2.0
2715,3,2023-07-30,雨,25.0,16.5,20.8,15.3,99.0,2.3
2716,4,2023-07-30,雨,29.2,20.3,24.8,0.5,95.5,3.1
2717,1,2023-07-31,晴れ,29.5,21.0,25.2,0.0,60.9,2.7
2718,2,2023-07-31,曇り,31.0,22.3,26.6,0.0,83.4,4.3
2719,3,2023-07-31,晴れ,23.7,15.4,19.6,0.0,73.2,2.7
2720,4,2023-07-31,曇り,26.5,18.2,22.4,0.0,79.1,3.1
2721,1,2023-08-01,晴れ,29.6,21.2,25.4,0.0,66.4,2.9
2722,2,2023-08-01,晴れ,31.1,22.5,26.8,0.0,62.7,1.2
2723,3,2023-08-01,晴れ,24.9,16.5,20.7,0.0,62.7,1.6
2724,4,2023-08-01,晴れ,26.5,18.2,22.4,0.0,66.1,1.2
2725,1,2023-08-02,晴れ,30.7,22.0,26.4,0.0,71.8,3.9
2726,2,2023-08-02,曇り,30.2,21.7,25.9,0.0,89.6,1.7
2727,3,2023-08-02,曇り,24.3,16.0,20.1,0.0,85.3,3.1
2728,4,2023-08-02,晴れ,27.7,19.1,23.4,0.0,59.3,4.3
2729,1,2023-08-03,曇り,32.4,23.6,28.0,0.0,73.2,3.1
2730,2,2023-08-03,曇り,30.4,22.1,26.2,0.0,87.8,3.4
2731,3,2023-08-03,晴れ,27.9,19.1,23.5,0.0,65.9,0.2
2732,4,2023-08-03,晴れ,28.8,20.3,24.6,0.0,58.6,3.1
2733,1,2023-08-04,晴れ,31.1,22.5,26.8,0.0,72.4,3.4
2734,2,2023-08-04,曇り,33.2,24.3,28.8,0.0,68.0,3.6
2735,3,2023-08-04,晴れ,28.4,19.4,23.9,0.0,65.1,0.3
2736,4,2023-08-04,晴れ,30.6,21.7,26.1,0.0,62.0,2.7
2737,1,2023-08-05,晴れ,32.7,23.8,28.2,0.0,65.4,1.9
2738,2,2023-08-05,曇り,31.6,23.0,27.3,0.0,77.2,1.9
2739,3,2023-08-05,晴れ,27.6,18.8,23.2,0.0,57.7,1.7
2740,4,2023-08-05,曇り,29.5,20.8,25.1,0.0,75.2,1.1
2741,1,2023-08-06,曇り,33.9,24.8,29.4,0.0,79.2,1.7
2742,2,2023-08-06,晴れ,33.2,24.4,28.8,0.0,57.9,2.8
2743,3,2023-08-06,曇り,26.9,18.4,22.6,0.0,90.4,3.0
2744,4,2023-08-06,晴れ,30.0,21.3,25.6,0.0,61.2,2.3
2745,1,2023-08-07,晴れ,33.5,24.7,29.1,0.0,82.2,1.3
2746,2,2023-08-07,曇り,32.7,24.1,28.4,0.0,84.6,1.1
2747,3,2023-08-07,曇り,29.4,20.4,24.9,0.0,78.5,1.8
2748,4,2023-08-07,晴れ,31.8,22.8,27.3,0.0,74.1,3.5
2749,1,2023-08-08,曇り,32.8,24.1,28.4,0.0,74.1,2.9
2750,2,2023-08-08,晴れ,35.4,26.3,30.9,0.0,53.4,0.4
2751,3,2023-08-08,晴れ,28.3,19.6,24.0,0.0,71.6,0.9
2752,4,2023-08-08,曇り,31.7,22.8,27.2,0.0,75.3,1.2
2753,1,2023-08-09,晴れ,33.9,25.0,29.4,0.0,61.4,2.3
2754,2,2023-08-09,曇り,37.5,28.0,32.8,0.0,79.8,1.5
2755,3,2023-08-09,曇り,30.1,21.1,25.6,0.0,70.3,1.9
2756,4,2023-08-09,曇り,32.5,23.5,28.0,0.0,79.4,2.1
2757,1,2023-08-10,晴れ,35.8,26.6,31.2,0.0,68.3,0.9
2758,2,2023-08-10,晴れ,33.6,24.9,29.2,0.0,60.8,2.2
2759,3,2023-08-10,晴れ,31.7,22.3,27.0,0.0,66.3,2.5
2760,4,2023-08-10,晴れ,30.8,22.1,26.5,0.0,70.9,2.4
2761,1,2023-08-11,雨,31.0,22.1,26.6,34.4,91.5,2.3
2762,2,2023-08-11,雷雨,30.5,21.7,26.1,18.7,94.5,4.4
2763,3,2023-08-11,雨,24.6,16.1,20.4,17.5,96.4,3.7
2764,4,2023-08-11,雨,27.6,18.9,23.2,12.9,90.0,3.6
2765,1,2023-08-12,雷雨,30.5,21.6,26.1,49.2,99.0,2.4
2766,2,2023-08-12,雨,32.0,22.8,27.4,4.3,99.0,2.6
2767,3,2023-08-12,雨,26.6,17.5,22.1,5.6,80.0,2.9
2768,4,2023-08-12,雨,28.5,19.6,24.1,58.4,90.3,3.0
2769,1,2023-08-13,晴れ,32.6,23.6,28.1,0.0,53.3,3.2
2770,2,2023-08-13,晴れ,33.8,24.7,29.2,0.0,66.9,2.2
2771,3,2023-08-13,曇り,27.8,18.9,23.4,0.0,77.5,2.8
2772,4,2023-08-13,晴れ,29.0,20.3,24.6,0.0,57.2,2.5
2773,1,2023-08-14,雷雨,32.2,23.0,27.6,49.1,99.0,4.6
2774,2,2023-08-14,雨,31.2,22.3,26.8,2.6,96.2,3.3
2775,3,2023-08-14,雨,28.6,19.2,23.9,11.8,83.4,2.8
2776,4,2023-08-14,雨,31.6,22.1,26.9,2.8,96.2,3.0
2777,1,2023-08-15,雷雨,30.6,21.6,26.1,44.4,94.8,5.3
2778,2,2023-08-15,雨,30.4,21.5,25.9,0.5,88.2,3.3
2779,3,2023-08-15,雨,26.8,17.6,22.2,22.1,99.0,3.2
2780,4,2023-08-15,雨,30.0,20.6,25.3,4.3,86.4,4.3
2781,1,2023-08-16,雷雨,31.3,22.3,26.8,15.8,99.0,5.0
2782,2,2023-08-16,雨,30.1,21.4,25.8,10.2,97.8,3.2
2783,3,2023-08-16,雷雨,28.3,19.0,23.6,24.0,99.0,4.1
2784,4,2023-08-16,雨,30.5,21.2,25.9,46.4,95.1,3.1
2785,1,2023-08-17,雷雨,32.6,23.3,28.0,58.2,99.0,3.3
2786,2,2023-08-17,雨,31.5,22.5,27.0,1.5,81.2,3.4
2787,3,2023-08-17,雨,28.6,19.2,23.9,6.3,88.5,2.7
2788,4,2023-08-17,雨,29.2,20.1,24.6,16.1,99.0,4.0
2789,1,2023-08-18,雨,29.1,20.3,24.7,4.5,98.6,2.6
2790,2,2023-08-18,雨,30.0,21.2,25.6,1.7,99.0,5.7
2791,3,2023-08-18,雨,25.7,16.7,21.2,12.7,96.4,1.9
2792,4,2023-08-18,雷雨,29.7,20.4,25.0,1.0,95.2,3.3
2793,1,2023-08-19,雨,29.1,20.2,24.6,16.4,95.2,2.8
2794,2,2023-08-19,雨,29.9,21.0,25.4,6.3,96.1,2.4
2795,3,2023-08-19,雨,25.7,16.6,21.1,14.9,98.7,3.3
2796,4,2023-08-19,雨,26.6,17.7,22.1,0.5,83.9,4.1
2797,1,2023-08-20,曇り,27.8,19.3,23.6,0.0,75.9,3.9
2798,2,2023-08-20,晴れ,30.6,21.7,26.1,0.0,62.6,1.5
2799,3,2023-08-20,晴れ,22.8,14.4,18.6,0.0,67.0,1.8
2800,4,2023-08-20,晴れ,27.0,18.2,22.6,0.0,80.9,2.1
2801,1,2023-08-21,晴れ,30.1,21.1,25.6,0.0,60.5,2.8
2802,2,2023-08-21,曇り,30.1,21.3,25.7,0.0,83.8,2.5
2803,3,2023-08-21,晴れ,27.3,18.0,22.6,0.0,75.9,2.3
2804,4,2023-08-21,晴れ,28.1,19.1,23.6,0.0,62.1,1.0
2805,1,2023-08-22,雨,30.8,21.9,26.4,11.1,99.0,3.1
2806,2,2023-08-22,雨,31.9,23.0,27.4,0.5,99.0,3.3
2807,3,2023-08-22,雨,27.2,18.2,22.7,10.3,92.7,3.1
2808,4,2023-08-22,雨,27.4,18.8,23.1,14.6,93.8,3.1
2809,1,2023-08-23,曇り,32.4,23.3,27.9,0.0,76.8,1.7
2810,2,2023-08-23,曇り,31.4,22.7,27.0,0.0,71.7,2.0
2811,3,2023-08-23,晴れ,27.3,18.3,22.8,0.0,62.1,0.2
2812,4,2023-08-23,晴れ,30.3,21.2,25.8,0.0,65.4,3.5
2813,1,2023-08-24,雨,35.2,26.2,30.7,0.5,93.0,2.7
2814,2,2023-08-24,雨,35.1,26.3,30.7,11.2,99.0,3.1
2815,3,2023-08-24,雨,29.9,21.1,25.5,10.4,98.7,3.1
2816,4,2023-08-24,雷雨,34.5,25.2,29.9,46.1,99.0,5.4
2817,1,2023-08-25,雨,32.4,23.8,28.1,2.5,98.9,3.6
2818,2,2023-08-25,雨,32.7,24.1,28.4,6.4,88.2,3.3
2819,3,2023-08-25,雨,29.1,20.3,24.7,0.5,92.7,3.3
2820,4,2023-08-25,雨,30.1,21.5,25.8,21.0,93.3,2.5
2821,1,2023-08-26,雷雨,32.2,23.6,27.9,30.6,99.0,1.4
2822,2,2023-08-26,雨,34.2,25.4,29.8,0.5,95.0,5.8
2823,3,2023-08-26,雨,27.8,19.2,23.5,1.9,94.2,3.2
2824,4,2023-08-26,雨,31.4,22.5,26.9,2.9,95.7,3.2
2825,1,2023-08-27,曇り,28.1,19.7,23.9,0.0,80.9,3.6
2826,2,2023-08-27,晴れ,30.0,21.3,25.6,0.0,67.8,0.7
2827,3,2023-08-27,晴れ,25.2,16.4,20.8,0.0,75.4,1.4
2828,4,2023-08-27,曇り,27.8,19.0,23.4,0.0,83.1,1.7
2829,1,2023-08-28,晴れ,28.9,20.3,24.6,0.0,55.0,2.8
2830,2,2023-08-28,曇り,28.6,20.2,24.4,0.0,64.5,2.6
2831,3,2023-08-28,晴れ,24.9,16.2,20.5,0.0,64.7,1.5
2832,4,2023-08-28,曇り,27.1,18.4,22.8,0.0,74.9,2.5
2833,1,2023-08-29,晴れ,29.5,20.9,25.2,0.0,65.3,2.9
2834,2,2023-08-29,晴れ,31.1,22.2,26.6,0.0,66.4,1.8
2835,3,2023-08-29,晴れ,22.8,14.6,18.7,0.0,59.6,3.2
2836,4,2023-08-29,曇り,27.4,18.8,23.1,0.0,69.9,3.3
2837,1,2023-08-30,雨,28.1,19.3,23.7,15.6,99.0,4.4
2838,2,2023-08-30,雨,26.7,18.3,22.5,10.6,99.0,3.7
2839,3,2023-08-30,雨,22.1,13.6,17.9,0.5,91.2,3.2
2840,4,2023-08-30,雷雨,23.2,15.0,19.1,25.3,91.0,3.7
2841,1,2023-08-31,晴れ,26.2,18.0,22.1,0.0,61.0,0.9
2842,2,2023-08-31,晴れ,27.9,19.6,23.8,0.0,57.2,3.2
2843,3,2023-08-31,晴れ,21.6,13.5,17.6,0.0,57.1,2.2
2844,4,2023-08-31,晴れ,25.9,17.4,21.6,0.0,64.0,0.7
2845,1,2023-09-01,雨,29.7,21.0,25.4,50.4,98.5,5.5
2846,2,2023-09-01,雨,29.1,20.6,24.9,12.4,99.0,5.3
2847,3,2023-09-01,雨,25.1,16.4,20.8,5.3,96.4,4.6
2848,4,2023-09-01,雨,26.1,17.7,21.9,10.8,99.0,6.0
2849,1,2023-09-02,晴れ,30.1,21.5,25.8,0.0,63.5,4.7
2850,2,2023-09-02,曇り,30.2,21.7,25.9,0.0,82.0,5.8
2851,3,2023-09-02,曇り,24.5,16.1,20.3,0.0,72.1,3.4
2852,4,2023-09-02,曇り,26.7,18.3,22.5,0.0,67.1,2.9
2853,1,2023-09-03,雨,30.6,21.9,26.2,53.5,99.0,5.8
2854,2,2023-09-03,雨,28.6,20.4,24.5,16.3,92.6,4.5
2855,3,2023-09-03,雨,23.0,14.9,18.9,19.0,92.3,5.3
2856,4,2023-09-03,雨,25.4,17.3,21.4,0.5,94.8,6.5
2857,1,2023-09-04,雨,27.6,19.1,23.4,5.1,92.6,5.9
2858,2,2023-09-04,雨,28.3,19.9,24.1,7.1,99.0,6.0
2859,3,2023-09-04,雨,21.4,13.3,17.4,4.8,99.0,5.8
2860,4,2023-09-04,雨,23.9,15.7,19.8,5.1,99.0,5.4
2861,1,2023-09-05,曇り,25.6,17.6,21.6,0.0,76.5,2.4
2862,2,2023-09-05,晴れ,26.0,18.0,22.0,0.0,67.8,2.8
2863,3,2023-09-05,曇り,22.1,13.9,18.0,0.0,81.6,3.5
2864,4,2023-09-05,曇り,24.2,16.0,20.1,0.0,79.2,2.7
2865,1,2023-09-06,晴れ,27.6,19.2,23.4,0.0,63.0,4.0
2866,2,2023-09-06,曇り,28.2,19.8,24.0,0.0,78.7,3.3
2867,3,2023-09-06,晴れ,23.9,15.3,19.6,0.0,74.8,3.5
2868,4,2023-09-06,曇り,24.3,16.1,20.2,0.0,77.2,2.5
2869,1,2023-09-07,雨,27.0,18.7,22.9,4.5,99.0,6.0
2870,2,2023-09-07,雨,27.1,18.9,23.0,0.5,96.0,4.4
2871,3,2023-09-07,雨,23.5,15.0,19.2,11.3,99.0,6.8
2872,4,2023-09-07,雨,24.5,16.3,20.4,14.6,91.7,6.3
2873,1,2023-09-08,雨,24.2,16.3,20.2,0.7,93.3,5.9
2874,2,2023-09-08,雨,27.4,19.0,23.2,8.7,99.0,6.4
2875,3,2023-09-08,雨,21.5,13.3,17.4,0.5,95.0,4.1
2876,4,2023-09-08,雨,23.1,15.1,19.1,0.5,95.6,4.5
2877,1,2023-09-09,晴れ,24.8,16.7,20.8,0.0,68.6,3.3
2878,2,2023-09-09,晴れ,24.0,16.2,20.1,0.0,68.4,3.7
2879,3,2023-09-09,曇り,20.7,12.5,16.6,0.0,79.6,4.3
2880,4,2023-09-09,曇り,22.9,14.8,18.9,0.0,82.3,3.2
2881,1,2023-09-10,雨,23.8,16.1,20.0,7.4,93.5,4.9
2882,2,2023-09-10,雨,25.9,17.9,21.9,15.7,99.0,5.9
2883,3,2023-09-10,雨,20.7,12.7,16.7,6.4,87.9,3.1
2884,4,2023-09-10,雨,25.0,16.7,20.9,61.1,95.7,3.5
2885,1,2023-09-11,雨,25.8,18.1,22.0,10.0,96.7,4.4
2886,2,2023-09-11,雨,28.9,20.7,24.8,13.0,91.3,4.3
2887,3,2023-09-11,雨,23.4,15.3,19.4,29.6,92.6,5.7
2888,4,2023-09-11,雨,24.6,16.8,20.7,36.9,99.0,5.1
2889,1,2023-09-12,晴れ,30.2,21.7,25.9,0.0,61.2,3.2
2890,2,2023-09-12,曇り,27.8,19.9,23.9,0.0,74.5,3.8
2891,3,2023-09-12,曇り,21.5,13.8,17.6,0.0,75.4,4.5
2892,4,2023-09-12,晴れ,26.0,17.9,21.9,0.0,65.4,4.0
2893,1,2023-09-13,晴れ,29.2,21.2,25.2,0.0,60.9,2.4
2894,2,2023-09-13,晴れ,29.8,21.9,25.9,0.0,79.7,5.4
2895,3,2023-09-13,曇り,24.7,16.7,20.7,0.0,74.9,4.0
2896,4,2023-09-13,晴れ,27.4,19.4,23.4,0.0,68.2,4.9
2897,1,2023-09-14,雨,26.2,18.7,22.4,6.8,89.5,5.6
2898,2,2023-09-14,雨,29.5,21.4,25.4,10.6,99.0,5.6
2899,3,2023-09-14,雨,22.2,14.6,18.4,3.4,98.6,3.9
2900,4,2023-09-14,雨,25.3,17.6,21.5,11.2,84.9,4.3
2901,1,2023-09-15,雨,29.3,21.3,25.3,19.8,90.5,6.9
2902,2,2023-09-15,雨,30.2,22.2,26.2,46.9,87.3,6.4
2903,3,2023-09-15,雨,22.9,15.3,19.1,39.7,99.0,4.7
2904,4,2023-09-15,雨,28.3,20.0,24.1,9.9,93.6,4.4
2905,1,2023-09-16,晴れ,27.4,19.6,23.5,0.0,63.9,2.7
2906,2,2023-09-16,晴れ,30.5,22.2,26.4,0.0,68.7,2.1
2907,3,2023-09-16,曇り,24.7,16.5,20.6,0.0,69.6,2.7
2908,4,2023-09-16,曇り,27.5,19.2,23.4,0.0,89.6,5.5
2909,1,2023-09-17,曇り,28.7,20.8,24.8,0.0,69.7,2.7
2910,2,2023-09-17,晴れ,29.2,21.3,25.2,0.0,70.8,3.8
2911,3,2023-09-17,晴れ,23.9,16.1,20.0,0.0,52.2,3.6
2912,4,2023-09-17,晴れ,27.0,19.0,23.0,0.0,72.2,4.2
2913,1,2023-09-18,晴れ,29.4,21.2,25.3,0.0,69.4,3.3
2914,2,2023-09-18,晴れ,28.9,20.9,24.9,0.0,62.8,5.8
2915,3,2023-09-18,曇り,23.9,15.9,19.9,0.0,76.2,3.2
2916,4,2023-09-18,曇り,26.9,18.7,22.8,0.0,76.5,1.9
2917,1,2023-09-19,雨,26.8,18.8,22.8,6.7,91.7,7.9
2918,2,2023-09-19,雨,27.4,19.4,23.4,14.4,92.9,4.5
2919,3,2023-09-19,雨,20.8,13.1,16.9,7.9,98.5,5.8
2920,4,2023-09-19,雨,23.5,15.7,19.6,17.7,96.8,4.4
2921,1,2023-09-20,晴れ,22.9,15.2,19.0,0.0,70.9,5.5
2922,2,2023-09-20,曇り,23.0,15.4,19.2,0.0,84.1,5.8
2923,3,2023-09-20,晴れ,20.1,12.1,16.1,0.0,61.7,4.1
2924,4,2023-09-20,曇り,22.7,14.6,18.6,0.0,80.1,1.9
2925,1,2023-09-21,雨,24.5,16.4,20.4,1.9,96.5,5.2
2926,2,2023-09-21,雨,23.0,15.3,19.1,10.9,93.3,5.6
2927,3,2023-09-21,雨,18.5,10.6,14.6,0.5,92.2,5.7
2928,4,2023-09-21,雨,22.6,14.4,18.5,7.8,99.0,5.6
2929,1,2023-09-22,雨,26.0,17.8,21.9,0.7,97.0,2.5
2930,2,2023-09-22,雨,25.6,17.6,21.6,14.6,90.8,4.2
2931,3,2023-09-22,雨,18.8,11.1,14.9,14.1,99.0,3.0
2932,4,2023-09-22,雨,22.7,14.6,18.6,7.6,91.5,5.2
2933,1,2023-09-23,晴れ,22.0,14.0,18.0,0.0,64.4,2.8
2934,2,2023-09-23,晴れ,24.3,15.9,20.1,0.0,69.4,3.5
2935,3,2023-09-23,晴れ,16.7,8.8,12.8,0.0,52.4,4.2
2936,4,2023-09-23,晴れ,22.0,13.5,17.8,0.0,67.1,3.8
2937,1,2023-09-24,曇り,22.0,13.8,17.9,0.0,72.6,3.1
2938,2,2023-09-24,晴れ,21.4,13.4,17.4,0.0,70.8,4.1
2939,3,2023-09-24,曇り,17.7,9.4,13.6,0.0,69.5,3.0
2940,4,2023-09-24,曇り,20.3,11.9,16.1,0.0,81.6,2.7
2941,1,2023-09-25,曇り,21.3,13.1,17.2,0.0,70.9,4.2
2942,2,2023-09-25,曇り,23.5,14.9,19.2,0.0,69.9,3.0
2943,3,2023-09-25,晴れ,16.2,8.1,12.1,0.0,66.3,3.9
2944,4,2023-09-25,曇り,19.8,11.4,15.6,0.0,71.9,3.3
2945,1,2023-09-26,晴れ,21.3,13.3,17.3,0.0,77.2,2.6
2946,2,2023-09-26,曇り,22.5,14.3,18.4,0.0,80.9,5.3
2947,3,2023-09-26,晴れ,18.8,10.3,14.6,0.0,62.1,3.7
2948,4,2023-09-26,曇り,20.9,12.5,16.7,0.0,81.3,4.4
2949,1,2023-09-27,曇り,23.1,14.4,18.8,0.0,84.9,4.0
2950,2,2023-09-27,晴れ,20.3,12.3,16.3,0.0,59.4,3.3
2951,3,2023-09-27,曇り,17.1,8.7,12.9,0.0,75.2,2.9
2952,4,2023-09-27,曇り,20.1,11.6,15.9,0.0,76.0,3.4
2953,1,2023-09-28,雨,22.1,13.9,18.0,63.1,99.0,5.5
2954,2,2023-09-28,雨,22.5,14.3,18.4,11.2,88.4,5.3
2955,3,2023-09-28,雨,17.1,9.1,13.1,10.5,99.0,4.2
2956,4,2023-09-28,雨,23.5,14.6,19.1,3.5,92.9,6.6
2957,1,2023-09-29,曇り,24.3,15.8,20.1,0.0,71.2,4.3
2958,2,2023-09-29,曇り,25.5,16.8,21.1,0.0,80.7,3.1
2959,3,2023-09-29,晴れ,19.9,11.3,15.6,0.0,60.7,3.1
2960,4,2023-09-29,曇り,20.7,12.4,16.6,0.0,70.2,3.9
2961,1,2023-09-30,雨,26.1,17.2,21.6,5.7,81.3,3.9
2962,2,2023-09-30,雨,24.8,16.2,20.5,37.1,99.0,4.1
2963,3,2023-09-30,雨,18.9,10.6,14.8,4.7,89.5,5.0
2964,4,2023-09-30,雨,21.4,13.0,17.2,13.8,97.6,6.1
2965,1,2023-10-01,雨,25.7,17.0,21.4,43.6,81.6,3.5
2966,2,2023-10-01,雨,25.2,16.7,20.9,94.6,87.1,1.2
2967,3,2023-10-01,雨,19.9,11.4,15.6,10.9,93.1,3.3
2968,4,2023-10-01,雨,22.2,13.7,17.9,0.5,99.0,4.7
2969,1,2023-10-02,雨,25.9,17.0,21.4,15.8,92.7,3.0
2970,2,2023-10-02,雨,23.6,15.2,19.4,7.3,76.7,2.9
2971,3,2023-10-02,雨,18.1,9.8,14.0,9.2,83.0,4.1
2972,4,2023-10-02,雨,21.4,12.9,17.1,9.9,87.3,3.4
2973,1,2023-10-03,曇り,23.4,14.9,19.1,0.0,67.7,2.0
2974,2,2023-10-03,晴れ,24.7,16.0,20.4,0.0,56.1,1.9
2975,3,2023-10-03,晴れ,19.7,11.0,15.3,0.0,56.1,3.0
2976,4,2023-10-03,曇り,21.3,12.7,17.0,0.0,72.5,3.2
2977,1,2023-10-04,雨,25.4,16.4,20.9,11.0,82.0,4.2
2978,2,2023-10-04,雨,23.8,15.3,19.6,8.8,87.0,3.7
2979,3,2023-10-04,雨,19.0,10.4,14.7,16.4,90.9,3.7
2980,4,2023-10-04,雨,22.3,13.5,17.9,9.5,76.8,5.9
2981,1,2023-10-05,晴れ,22.6,13.8,18.2,0.0,50.4,2.3
2982,2,2023-10-05,曇り,23.3,14.5,18.9,0.0,66.2,1.8
2983,3,2023-10-05,晴れ,17.7,9.0,13.3,0.0,58.2,1.8
2984,4,2023-10-05,曇り,21.2,12.3,16.8,0.0,76.1,2.0
2985,1,2023-10-06,雨,22.8,13.9,18.4,9.0,78.2,5.7
2986,2,2023-10-06,雨,21.6,13.0,17.3,0.5,91.8,1.8
2987,3,2023-10-06,雨,18.0,9.1,13.6,8.5,87.8,4.0
2988,4,2023-10-06,雨,18.8,10.2,14.5,7.6,99.0,3.5
2989,1,2023-10-07,雨,23.9,14.8,19.4,13.0,88.1,3.2
2990,2,2023-10-07,雨,23.7,14.8,19.2,0.5,87.7,4.2
2991,3,2023-10-07,雨,19.9,10.8,15.3,0.5,87.5,5.1
2992,4,2023-10-07,雨,21.8,12.8,17.3,8.0,82.7,3.9
2993,1,2023-10-08,雨,21.5,12.8,17.1,7.5,82.3,2.6
2994,2,2023-10-08,雨,22.3,13.5,17.9,6.3,86.8,4.2
2995,3,2023-10-08,雨,17.2,8.4,12.8,5.2,95.9,2.2
2996,4,2023-10-08,雨,22.1,12.8,17.5,81.4,87.5,4.3
2997,1,2023-10-09,晴れ,21.4,12.5,16.9,0.0,50.4,2.4
2998,2,2023-10-09,晴れ,22.5,13.5,18.0,0.0,45.1,2.2
2999,3,2023-10-09,曇り,18.2,9.1,13.6,0.0,79.2,3.5
3000,4,2023-10-09,曇り,17.6,9.0,13.3,0.0,78.3,3.5
3001,1,2023-10-10,晴れ,20.5,11.6,16.1,0.0,54.1,2.8
3002,2,2023-10-10,晴れ,20.8,12.1,16.4,0.0,52.2,1.5
3003,3,2023-10-10,晴れ,15.8,7.0,11.4,0.0,53.0,2.9
3004,4,2023-10-10,晴れ,18.9,10.0,14.4,0.0,58.8,1.2
3005,1,2023-10-11,曇り,22.3,13.1,17.7,0.0,57.2,2.9
3006,2,2023-10-11,曇り,21.6,12.7,17.1,0.0,60.5,3.1
3007,3,2023-10-11,曇り,17.8,8.7,13.2,0.0,68.0,4.2
3008,4,2023-10-11,晴れ,19.5,10.4,14.9,0.0,59.8,2.9
3009,1,2023-10-12,雨,19.7,10.8,15.2,8.5,82.3,3.9
3010,2,2023-10-12,雨,20.8,11.8,16.3,8.3,87.6,4.0
3011,3,2023-10-12,雨,17.2,7.9,12.6,4.1,83.5,3.5
3012,4,2023-10-12,雨,19.0,9.8,14.4,5.8,89.6,2.5
3013,1,2023-10-13,曇り,19.5,10.4,14.9,0.0,74.7,3.2
3014,2,2023-10-13,晴れ,21.4,12.0,16.7,0.0,60.8,3.3
3015,3,2023-10-13,晴れ,13.6,4.7,9.2,0.0,52.1,2.0
3016,4,2023-10-13,曇り,17.8,8.6,13.2,0.0,58.1,1.4
3017,1,2023-10-14,雨,20.0,11.1,15.6,46.1,78.9,4.2
3018,2,2023-10-14,雨,20.1,11.3,15.7,14.8,84.6,1.6
3019,3,2023-10-14,雨,15.3,6.4,10.9,13.0,84.3,2.5
3020,4,2023-10-14,雨,17.4,8.6,13.0,6.5,83.5,3.3
3021,1,2023-10-15,晴れ,19.5,10.4,14.9,0.0,52.3,1.2
3022,2,2023-10-15,晴れ,19.2,10.2,14.7,0.0,65.7,2.9
3023,3,2023-10-15,晴れ,15.1,5.9,10.5,0.0,54.6,1.4
3024,4,2023-10-15,晴れ,15.9,7.0,11.4,0.0,49.5,1.7
3025,1,2023-10-16,雨,17.4,8.5,12.9,21.2,93.8,4.0
3026,2,2023-10-16,雨,19.1,10.0,14.6,4.0,84.8,3.4
3027,3,2023-10-16,雨,12.7,3.9,8.3,8.7,85.3,3.8
3028,4,2023-10-16,雨,14.7,5.9,10.3,7.6,87.3,4.8
3029,1,2023-10-17,雨,18.1,8.9,13.5,11.2,79.2,3.6
3030,2,2023-10-17,雨,18.3,9.3,13.8,0.5,76.0,2.9
3031,3,2023-10-17,雨,13.3,4.2,8.8,9.0,99.0,4.1
3032,4,2023-10-17,雨,13.9,5.1,9.5,1.7,72.0,3.8
3033,1,2023-10-18,雨,19.3,10.1,14.7,67.2,94.0,3.7
3034,2,2023-10-18,雨,19.1,10.0,14.6,8.0,82.0,4.4
3035,3,2023-10-18,雨,14.2,5.2,9.7,6.5,90.9,4.3
3036,4,2023-10-18,雨,15.6,6.7,11.2,10.4,80.3,4.7
3037,1,2023-10-19,曇り,21.2,12.0,16.6,0.0,68.6,1.7
3038,2,2023-10-19,晴れ,21.2,12.1,16.6,0.0,61.8,1.9
3039,3,2023-10-19,晴れ,17.6,8.2,12.9,0.0,47.0,1.8
3040,4,2023-10-19,晴れ,18.7,9.6,14.1,0.0,57.2,3.3
3041,1,2023-10-20,晴れ,19.7,10.6,15.1,0.0,45.9,3.1
3042,2,2023-10-20,曇り,19.8,10.7,15.2,0.0,63.7,1.7
3043,3,2023-10-20,晴れ,13.2,4.5,8.8,0.0,55.8,1.7
3044,4,2023-10-20,曇り,16.8,7.8,12.3,0.0,60.9,1.8
3045,1,2023-10-21,晴れ,21.3,12.0,16.6,0.0,38.7,1.5
3046,2,2023-10-21,晴れ,21.5,12.3,16.9,0.0,55.4,2.2
3047,3,2023-10-21,晴れ,15.6,6.6,11.1,0.0,56.6,2.9
3048,4,2023-10-21,晴れ,19.7,10.3,15.0,0.0,57.1,1.2
3049,1,2023-10-22,晴れ,23.0,13.4,18.2,0.0,60.4,2.5
3050,2,2023-10-22,晴れ,22.1,12.9,17.5,0.0,54.3,1.8
3051,3,2023-10-22,晴れ,17.5,8.2,12.8,0.0,47.5,0.8
3052,4,2023-10-22,晴れ,18.7,9.6,14.1,0.0,50.0,2.3
3053,1,2023-10-23,雨,19.8,10.7,15.2,10.0,98.0,3.6
3054,2,2023-10-23,雨,20.8,11.6,16.2,6.3,88.9,3.6
3055,3,2023-10-23,雨,16.8,7.4,12.1,10.8,79.5,3.8
3056,4,2023-10-23,雨,17.9,8.8,13.3,5.9,85.1,2.5
3057,1,2023-10-24,雨,21.5,12.1,16.8,17.7,96.9,3.0
3058,2,2023-10-24,雨,20.6,11.5,16.1,39.3,86.3,5.2
3059,3,2023-10-24,雨,15.3,6.2,10.8,3.3,80.1,5.2
3060,4,2023-10-24,雨,19.5,10.0,14.8,12.4,91.3,4.8
3061,1,2023-10-25,晴れ,19.6,10.5,15.1,0.0,59.3,3.1
3062,2,2023-10-25,晴れ,21.4,12.0,16.7,0.0,62.0,2.1
3063,3,2023-10-25,晴れ,15.4,6.2,10.8,0.0,49.6,1.3
3064,4,2023-10-25,晴れ,17.9,8.7,13.3,0.0,50.4,3.0
3065,1,2023-10-26,曇り,20.5,11.0,15.8,0.0,65.4,2.1
3066,2,2023-10-26,晴れ,20.8,11.3,16.1,0.0,58.7,3.7
3067,3,2023-10-26,曇り,15.9,6.4,11.2,0.0,66.8,2.5
3068,4,2023-10-26,晴れ,17.9,8.4,13.1,0.0,67.7,1.9
3069,1,2023-10-27,曇り,21.0,11.3,16.1,0.0,63.2,0.7
3070,2,2023-10-27,晴れ,22.2,12.4,17.3,0.0,48.6,2.3
3071,3,2023-10-27,曇り,17.5,7.7,12.6,0.0,62.2,2.8
3072,4,2023-10-27,晴れ,17.6,8.2,12.9,0.0,58.1,2.2
3073,1,2023-10-28,雨,22.3,12.2,17.2,3.1,79.2,4.0
3074,2,2023-10-28,雨,20.5,11.0,15.8,10.8,89.5,2.2
3075,3,2023-10-28,雨,15.6,6.0,10.8,11.5,85.2,3.5
3076,4,2023-10-28,雨,18.4,8.7,13.5,9.0,90.8,3.4
3077,1,2023-10-29,曇り,20.5,10.7,15.6,0.0,51.0,3.4
3078,2,2023-10-29,晴れ,21.8,11.9,16.9,0.0,50.9,1.7
3079,3,2023-10-29,晴れ,17.4,7.4,12.4,0.0,52.1,2.3
3080,4,2023-10-29,晴れ,18.8,8.9,13.9,0.0,54.8,1.0
3081,1,2023-10-30,曇り,19.1,9.2,14.2,0.0,66.8,3.3
3082,2,2023-10-30,曇り,19.4,9.5,14.4,0.0,65.0,1.5
3083,3,2023-10-30,晴れ,12.4,2.9,7.7,0.0,56.7,2.8
3084,4,2023-10-30,晴れ,16.0,6.3,11.2,0.0,61.4,1.1
3085,1,2023-10-31,雨,20.3,10.1,15.2,4.8,90.3,4.2
3086,2,2023-10-31,雨,19.3,9.4,14.4,7.4,89.8,4.6
3087,3,2023-10-31,雨,14.9,4.8,9.8,46.2,76.9,4.7
3088,4,2023-10-31,雨,16.2,6.3,11.2,5.1,85.4,3.8
3089,1,2023-11-01,晴れ,19.1,8.9,14.0,0.0,51.4,0.9
3090,2,2023-11-01,晴れ,19.6,9.4,14.5,0.0,57.2,2.9
3091,3,2023-11-01,曇り,14.2,4.1,9.1,0.0,65.7,0.8
3092,4,2023-11-01,晴れ,17.6,7.3,12.5,0.0,57.7,2.7
3093,1,2023-11-02,曇り,16.9,6.9,11.9,0.0,60.2,2.9
3094,2,2023-11-02,晴れ,19.7,9.3,14.5,0.0,57.6,2.6
3095,3,2023-11-02,晴れ,14.0,3.6,8.8,0.0,48.6,2.3
3096,4,2023-11-02,曇り,16.1,5.8,11.0,0.0,67.6,1.1
3097,1,2023-11-03,晴れ,18.5,8.0,13.2,0.0,48.5,3.4
3098,2,2023-11-03,晴れ,17.6,7.4,12.5,0.0,56.5,2.5
3099,3,2023-11-03,曇り,11.9,1.9,6.9,0.0,56.6,4.0
3100,4,2023-11-03,晴れ,15.8,5.4,10.6,0.0,52.8,3.2
3101,1,2023-11-04,晴れ,19.4,9.1,14.2,0.0,58.7,2.6
3102,2,2023-11-04,晴れ,21.6,10.9,16.2,0.0,46.7,2.5
3103,3,2023-11-04,晴れ,15.7,5.2,10.4,0.0,49.6,2.2
3104,4,2023-11-04,晴れ,14.8,4.9,9.9,0.0,54.4,2.6
3105,1,2023-11-05,曇り,17.0,6.7,11.8,0.0,72.6,3.8
3106,2,2023-11-05,晴れ,19.7,9.0,14.3,0.0,54.9,1.5
3107,3,2023-11-05,曇り,12.9,2.5,7.7,0.0,64.5,1.7
3108,4,2023-11-05,曇り,17.0,6.3,11.7,0.0,64.8,2.2
3109,1,2023-11-06,雨,16.6,5.9,11.2,14.0,93.8,4.8
3110,2,2023-11-06,雨,15.4,5.1,10.2,0.5,89.7,3.4
3111,3,2023-11-06,雨,12.5,1.7,7.1,4.7,87.4,2.6
3112,4,2023-11-06,雨,13.0,2.6,7.8,5.0,76.0,3.3
3113,1,2023-11-07,晴れ,17.8,7.0,12.4,0.0,56.4,2.9
3114,2,2023-11-07,晴れ,19.3,8.3,13.8,0.0,64.1,1.9
3115,3,2023-11-07,晴れ,11.5,1.1,6.3,0.0,56.1,1.8
3116,4,2023-11-07,晴れ,15.1,4.4,9.8,0.0,49.8,2.9
3117,1,2023-11-08,晴れ,18.3,7.6,12.9,0.0,46.6,1.9
3118,2,2023-11-08,晴れ,19.1,8.3,13.7,0.0,52.8,0.7
3119,3,2023-11-08,晴れ,13.8,3.0,8.4,0.0,57.1,3.1
3120,4,2023-11-08,晴れ,16.4,5.6,11.0,0.0,57.3,2.7
3121,1,2023-11-09,晴れ,18.2,7.4,12.8,0.0,46.6,1.9
3122,2,2023-11-09,晴れ,18.9,8.1,13.5,0.0,47.2,2.7
3123,3,2023-11-09,曇り,13.0,2.4,7.7,0.0,67.2,3.2
3124,4,2023-11-09,曇り,15.3,4.6,9.9,0.0,69.4,3.0
3125,1,2023-11-10,晴れ,19.0,7.9,13.4,0.0,63.3,4.5
3126,2,2023-11-10,曇り,20.2,8.9,14.6,0.0,68.6,2.6
3127,3,2023-11-10,晴れ,13.3,2.4,7.9,0.0,52.3,3.1
3128,4,2023-11-10,晴れ,16.4,5.4,10.9,0.0,41.6,1.0
3129,1,2023-11-11,晴れ,14.7,3.9,9.3,0.0,59.6,2.7
3130,2,2023-11-11,晴れ,16.0,5.0,10.5,0.0,58.6,1.6
3131,3,2023-11-11,晴れ,11.4,0.3,5.9,0.0,53.7,4.3
3132,4,2023-11-11,晴れ,13.2,2.2,7.7,0.0,64.9,2.9
3133,1,2023-11-12,晴れ,17.8,6.5,12.2,0.0,59.4,1.9
3134,2,2023-11-12,曇り,16.0,5.3,10.7,0.0,60.0,2.3
3135,3,2023-11-12,晴れ,11.4,0.5,6.0,0.0,59.2,2.7
3136,4,2023-11-12,曇り,14.3,3.3,8.8,0.0,72.6,0.9
3137,1,2023-11-13,晴れ,15.8,4.9,10.4,0.0,49.5,1.9
3138,2,2023-11-13,曇り,17.4,6.3,11.8,0.0,65.6,3.4
3139,3,2023-11-13,晴れ,13.1,1.8,7.5,0.0,40.9,1.3
3140,4,2023-11-13,晴れ,14.0,3.0,8.5,0.0,53.3,1.7
3141,1,2023-11-14,雨,13.9,3.0,8.4,9.7,85.9,3.8
3142,2,2023-11-14,雨,12.5,2.0,7.2,7.0,86.1,2.2
3143,3,2023-11-14,雪,9.3,-1.6,3.9,10.6,73.7,1.9
3144,4,2023-11-14,雨,11.5,0.6,6.0,7.7,91.4,4.7
3145,1,2023-11-15,晴れ,13.1,2.3,7.7,0.0,57.2,2.1
3146,2,2023-11-15,晴れ,15.2,4.1,9.6,0.0,55.9,1.2
3147,3,2023-11-15,晴れ,9.6,-1.4,4.1,0.0,47.8,2.5
3148,4,2023-11-15,晴れ,12.6,1.5,7.0,0.0,44.4,3.0
3149,1,2023-11-16,晴れ,12.6,1.6,7.1,0.0,52.4,2.6
3150,2,2023-11-16,曇り,12.9,2.0,7.5,0.0,65.9,3.0
3151,3,2023-11-16,晴れ,8.9,-2.3,3.3,0.0,46.7,2.1
3152,4,2023-11-16,晴れ,10.4,-0.5,5.0,0.0,63.5,2.4
3153,1,2023-11-17,曇り,12.2,1.1,6.6,0.0,80.7,3.4
3154,2,2023-11-17,晴れ,12.6,1.6,7.1,0.0,51.4,4.0
3155,3,2023-11-17,曇り,6.2,-4.6,0.8,0.0,71.0,0.2
3156,4,2023-11-17,晴れ,9.1,-1.8,3.6,0.0,59.7,3.0
3157,1,2023-11-18,晴れ,13.3,2.3,7.8,0.0,62.4,1.0
3158,2,2023-11-18,晴れ,16.1,4.6,10.4,0.0,67.5,2.0
3159,3,2023-11-18,曇り,9.8,-1.4,4.2,0.0,68.8,1.4
3160,4,2023-11-18,晴れ,10.9,-0.1,5.4,0.0,50.9,3.4
3161,1,2023-11-19,晴れ,13.8,2.5,8.2,0.0,51.9,0.8
3162,2,2023-11-19,晴れ,13.3,2.2,7.8,0.0,48.2,3.8
3163,3,2023-11-19,曇り,6.9,-3.9,1.5,0.0,78.6,4.0
3164,4,2023-11-19,晴れ,10.0,-0.9,4.5,0.0,58.7,1.4
3165,1,2023-11-20,晴れ,13.4,2.2,7.8,0.0,48.1,2.9
3166,2,2023-11-20,曇り,12.6,1.7,7.1,0.0,64.9,3.1
3167,3,2023-11-20,晴れ,8.3,-2.7,2.8,0.0,53.6,2.2
3168,4,2023-11-20,曇り,12.1,0.8,6.5,0.0,68.4,3.1
3169,1,2023-11-21,雨,16.1,5.0,10.6,5.3,85.1,3.7
3170,2,2023-11-21,雨,16.2,5.2,10.7,8.1,82.4,5.2
3171,3,2023-11-21,雨,9.6,-1.2,4.2,5.2,93.0,3.1
3172,4,2023-11-21,雪,13.4,2.4,7.9,5.6,72.6,0.2
3173,1,2023-11-22,晴れ,14.4,3.6,9.0,0.0,61.2,3.4
3174,2,2023-11-22,晴れ,17.8,6.5,12.2,0.0,56.8,2.2
3175,3,2023-11-22,晴れ,10.7,-0.3,5.2,0.0,56.4,1.9
3176,4,2023-11-22,曇り,11.9,1.2,6.5,0.0,72.6,1.7
3177,1,2023-11-23,雨,16.4,5.5,10.9,16.2,89.1,3.5
3178,2,2023-11-23,雨,16.7,5.9,11.3,13.3,86.7,4.2
3179,3,2023-11-23,雪,13.2,2.0,7.6,5.9,77.9,2.7
3180,4,2023-11-23,雪,13.6,2.8,8.2,0.8,66.9,2.5
3181,1,2023-11-24,雨,16.0,5.2,10.6,10.0,89.2,2.9
3182,2,2023-11-24,雨,16.9,6.1,11.5,27.4,85.9,4.4
3183,3,2023-11-24,雨,11.0,0.3,5.7,13.5,71.5,4.6
3184,4,2023-11-24,雨,14.3,3.4,8.8,12.7,95.6,2.7
3185,1,2023-11-25,曇り,19.3,7.9,13.6,0.0,72.8,2.1
3186,2,2023-11-25,晴れ,17.4,6.4,11.9,0.0,45.2,2.9
3187,3,2023-11-25,晴れ,11.8,0.9,6.4,0.0,53.0,1.2
3188,4,2023-11-25,晴れ,15.9,4.7,10.3,0.0,65.4,2.5
3189,1,2023-11-26,晴れ,15.8,5.0,10.4,0.0,55.7,2.3
3190,2,2023-11-26,晴れ,18.2,7.0,12.6,0.0,61.5,1.4
3191,3,2023-11-26,晴れ,13.2,2.0,7.6,0.0,64.3,1.6
3192,4,2023-11-26,曇り,13.8,2.9,8.3,0.0,71.6,1.1
3193,1,2023-11-27,晴れ,18.1,6.9,12.5,0.0,49.1,2.3
3194,2,2023-11-27,晴れ,19.4,8.1,13.8,0.0,47.6,0.6
3195,3,2023-11-27,晴れ,13.3,2.2,7.8,0.0,55.3,3.0
3196,4,2023-11-27,晴れ,16.6,5.3,11.0,0.0,53.8,2.1
3197,1,2023-11-28,雨,16.0,5.1,10.6,5.7,83.3,4.1
3198,2,2023-11-28,雨,17.7,6.6,12.1,69.0,88.7,3.9
3199,3,2023-11-28,雪,10.7,0.0,5.3,3.9,67.9,2.9
3200,4,2023-11-28,雨,15.1,4.0,9.6,1.9,84.4,2.7
3201,1,2023-11-29,晴れ,15.6,4.9,10.2,0.0,59.7,1.7
3202,2,2023-11-29,曇り,17.6,6.5,12.1,0.0,67.9,2.7
3203,3,2023-11-29,晴れ,12.9,1.8,7.4,0.0,56.2,3.9
3204,4,2023-11-29,曇り,16.3,5.0,10.7,0.0,57.5,0.2
3205,1,2023-11-30,曇り,18.3,7.1,12.7,0.0,61.1,2.7
3206,2,2023-11-30,曇り,16.1,5.5,10.8,0.0,58.5,3.5
3207,3,2023-11-30,曇り,12.5,1.6,7.0,0.0,65.7,3.7
3208,4,2023-11-30,晴れ,17.9,6.4,12.1,0.0,58.0,3.4
3209,1,2023-12-01,雨,18.6,7.2,12.9,5.3,75.3,3.4
3210,2,2023-12-01,雨,16.3,5.5,10.9,12.0,63.4,2.5
3211,3,2023-12-01,雪,11.2,0.5,5.8,6.2,59.9,2.1
3212,4,2023-12-01,雨,15.3,4.2,9.8,6.3,74.8,3.3
3213,1,2023-12-02,曇り,16.7,5.6,11.1,0.0,61.6,3.5
3214,2,2023-12-02,曇り,15.5,4.8,10.2,0.0,61.3,1.1
3215,3,2023-12-02,曇り,11.1,0.2,5.6,0.0,70.2,2.9
3216,4,2023-12-02,晴れ,14.5,3.4,8.9,0.0,49.1,2.6
3217,1,2023-12-03,曇り,14.8,3.8,9.3,0.0,55.2,3.0
3218,2,2023-12-03,晴れ,14.6,3.7,9.2,0.0,53.0,2.1
3219,3,2023-12-03,晴れ,9.1,-1.7,3.7,0.0,37.6,2.6
3220,4,2023-12-03,晴れ,13.6,2.4,8.0,0.0,45.8,2.6
3221,1,2023-12-04,晴れ,10.0,-0.9,4.5,0.0,53.9,1.8
3222,2,2023-12-04,晴れ,11.3,0.3,5.8,0.0,40.6,2.1
3223,3,2023-12-04,晴れ,4.2,-6.4,-1.1,0.0,48.1,2.6
3224,4,2023-12-04,晴れ,7.4,-3.4,2.0,0.0,41.0,3.6
3225,1,2023-12-05,晴れ,10.4,-0.5,5.0,0.0,46.9,2.9
3226,2,2023-12-05,晴れ,10.9,0.0,5.5,0.0,44.1,4.0
3227,3,2023-12-05,曇り,7.4,-3.8,1.8,0.0,62.1,2.7
3228,4,2023-12-05,晴れ,8.6,-2.4,3.1,0.0,50.8,1.8
3229,1,2023-12-06,晴れ,8.9,-1.9,3.5,0.0,47.5,3.0
3230,2,2023-12-06,晴れ,10.0,-0.9,4.5,0.0,50.7,3.3
3231,3,2023-12-06,曇り,4.7,-6.2,-0.8,0.0,53.9,4.0
3232,4,2023-12-06,曇り,7.4,-3.5,2.0,0.0,53.0,2.0
3233,1,2023-12-07,晴れ,10.0,-0.9,4.5,0.0,52.6,2.1
3234,2,2023-12-07,晴れ,9.9,-0.8,4.5,0.0,48.9,1.7
3235,3,2023-12-07,曇り,6.5,-4.6,1.0,0.0,61.2,2.3
3236,4,2023-12-07,晴れ,9.1,-2.1,3.5,0.0,45.0,0.2
3237,1,2023-12-08,晴れ,12.6,1.4,7.0,0.0,44.4,2.6
3238,2,2023-12-08,晴れ,10.8,0.1,5.5,0.0,50.3,5.4
3239,3,2023-12-08,曇り,7.5,-3.6,1.9,0.0,56.7,1.9
3240,4,2023-12-08,晴れ,8.7,-2.2,3.2,0.0,47.1,2.4
3241,1,2023-12-09,雨,9.7,-1.2,4.2,12.4,78.7,3.2
3242,2,2023-12-09,雨,10.7,-0.2,5.2,15.4,72.7,2.2
3243,3,2023-12-09,雨,5.8,-5.2,0.3,6.8,77.7,4.1
3244,4,2023-12-09,雨,8.1,-2.8,2.6,0.5,76.5,3.3
3245,1,2023-12-10,雪,13.9,2.8,8.3,1.8,68.9,2.2
3246,2,2023-12-10,雪,12.8,2.0,7.4,5.6,65.5,1.7
3247,3,2023-12-10,雪,7.9,-2.9,2.5,4.9,68.5,2.0
3248,4,2023-12-10,雨,11.4,0.3,5.9,20.7,72.3,3.8
3249,1,2023-12-11,晴れ,14.0,3.1,8.6,0.0,45.9,0.9
3250,2,2023-12-11,曇り,15.8,4.6,10.2,0.0,61.5,1.7
3251,3,2023-12-11,晴れ,9.6,-1.4,4.1,0.0,47.9,4.7
3252,4,2023-12-11,晴れ,11.5,0.6,6.0,0.0,56.5,2.1
3253,1,2023-12-12,晴れ,14.4,3.2,8.8,0.0,46.7,2.8
3254,2,2023-12-12,晴れ,13.0,2.1,7.5,0.0,50.1,2.2
3255,3,2023-12-12,晴れ,9.8,-1.5,4.2,0.0,56.7,2.6
3256,4,2023-12-12,晴れ,13.1,1.7,7.4,0.0,57.7,1.9
3257,1,2023-12-13,晴れ,14.4,3.0,8.7,0.0,48.6,2.8
3258,2,2023-12-13,晴れ,12.3,1.5,6.9,0.0,45.1,1.3
3259,3,2023-12-13,晴れ,8.2,-2.8,2.7,0.0,48.3,0.3
3260,4,2023-12-13,曇り,11.7,0.4,6.0,0.0,56.9,3.2
3261,1,2023-12-14,雨,11.9,0.9,6.4,6.0,69.5,2.6
3262,2,2023-12-14,雨,10.9,0.2,5.5,15.5,74.8,4.2
3263,3,2023-12-14,雨,7.1,-3.8,1.6,9.1,77.4,3.0
3264,4,2023-12-14,雪,10.6,-0.6,5.0,4.0,66.1,2.4
3265,1,2023-12-15,晴れ,8.2,-2.7,2.7,0.0,50.2,1.8
3266,2,2023-12-15,晴れ,11.4,0.0,5.7,0.0,46.7,2.9
3267,3,2023-12-15,曇り,3.2,-7.6,-2.2,0.0,61.5,0.8
3268,4,2023-12-15,晴れ,7.2,-3.9,1.7,0.0,41.7,3.7
3269,1,2023-12-16,晴れ,9.3,-1.8,3.8,0.0,50.6,2.1
3270,2,2023-12-16,曇り,11.6,0.2,5.9,0.0,61.0,4.7
3271,3,2023-12-16,曇り,5.7,-5.5,0.1,0.0,63.4,2.3
3272,4,2023-12-16,曇り,6.9,-4.1,1.4,0.0,56.6,2.8
3273,1,2023-12-17,曇り,10.7,-0.4,5.1,0.0,49.7,2.0
3274,2,2023-12-17,晴れ,12.9,1.5,7.2,0.0,36.1,3.7
3275,3,2023-12-17,晴れ,6.3,-4.8,0.8,0.0,33.9,3.9
3276,4,2023-12-17,晴れ,9.1,-2.1,3.5,0.0,46.2,1.5
3277,1,2023-12-18,曇り,9.3,-1.8,3.8,0.0,60.4,2.2
3278,2,2023-12-18,曇り,8.0,-2.6,2.7,0.0,61.8,3.1
3279,3,2023-12-18,晴れ,4.7,-6.3,-0.8,0.0,41.1,3.6
3280,4,2023-12-18,曇り,8.3,-3.0,2.7,0.0,61.6,0.7
3281,1,2023-12-19,晴れ,9.4,-1.4,4.0,0.0,45.5,1.5
3282,2,2023-12-19,晴れ,8.0,-2.4,2.8,0.0,51.4,2.6
3283,3,2023-12-19,曇り,7.2,-4.0,1.6,0.0,61.4,1.1
3284,4,2023-12-19,晴れ,9.0,-2.1,3.5,0.0,60.8,3.0
3285,1,2023-12-20,雨,9.9,-1.1,4.4,5.9,68.6,2.8
3286,2,2023-12-20,雨,11.5,0.4,6.0,15.4,85.9,3.6
3287,3,2023-12-20,雪,5.8,-5.2,0.3,7.8,57.2,1.9
3288,4,2023-12-20,雨,7.3,-3.6,1.8,6.4,75.6,3.6
3289,1,2023-12-21,晴れ,11.0,0.1,5.5,0.0,54.7,2.6
3290,2,2023-12-21,晴れ,12.8,1.7,7.2,0.0,44.7,2.2
3291,3,2023-12-21,晴れ,4.5,-6.0,-0.8,0.0,37.6,3.1
3292,4,2023-12-21,晴れ,8.6,-2.3,3.1,0.0,47.4,2.0
3293,1,2023-12-22,晴れ,9.7,-1.2,4.2,0.0,45.6,3.0
3294,2,2023-12-22,晴れ,11.2,0.1,5.6,0.0,52.6,0.2
3295,3,2023-12-22,晴れ,5.5,-5.5,0.0,0.0,47.2,3.8
3296,4,2023-12-22,晴れ,7.9,-3.1,2.4,0.0,44.0,2.3
3297,1,2023-12-23,晴れ,8.6,-2.2,3.2,0.0,42.6,2.1
3298,2,2023-12-23,晴れ,11.1,-0.1,5.5,0.0,51.4,2.2
3299,3,2023-12-23,曇り,5.7,-5.4,0.1,0.0,60.6,1.8
3300,4,2023-12-23,曇り,8.7,-2.5,3.1,0.0,71.8,2.8
3301,1,2023-12-24,晴れ,11.1,0.1,5.6,0.0,46.5,3.4
3302,2,2023-12-24,晴れ,11.6,0.6,6.1,0.0,43.7,1.2
3303,3,2023-12-24,晴れ,6.7,-4.3,1.2,0.0,44.4,1.0
3304,4,2023-12-24,晴れ,9.8,-1.4,4.2,0.0,43.7,1.9
3305,1,2023-12-25,晴れ,12.8,1.8,7.3,0.0,54.9,1.6
3306,2,2023-12-25,曇り,13.9,2.8,8.3,0.0,59.8,2.4
3307,3,2023-12-25,晴れ,8.4,-2.6,2.9,0.0,45.9,0.9
3308,4,2023-12-25,晴れ,8.9,-1.8,3.6,0.0,40.5,3.2
3309,1,2023-12-26,晴れ,13.7,2.4,8.0,0.0,46.9,1.1
3310,2,2023-12-26,晴れ,12.5,1.5,7.0,0.0,38.6,0.4
3311,3,2023-12-26,晴れ,8.0,-3.1,2.5,0.0,50.2,0.8
3312,4,2023-12-26,晴れ,9.5,-1.4,4.0,0.0,43.9,1.6
3313,1,2023-12-27,晴れ,9.8,-0.9,4.5,0.0,55.6,2.7
3314,2,2023-12-27,曇り,10.4,-0.3,5.0,0.0,61.9,2.4
3315,3,2023-12-27,晴れ,4.4,-6.1,-0.8,0.0,45.0,2.3
3316,4,2023-12-27,晴れ,10.6,-0.7,5.0,0.0,59.4,1.7
3317,1,2023-12-28,晴れ,10.1,-0.8,4.6,0.0,54.3,2.8
3318,2,2023-12-28,晴れ,11.8,0.7,6.2,0.0,40.9,2.1
3319,3,2023-12-28,曇り,6.8,-4.3,1.2,0.0,56.3,2.5
3320,4,2023-12-28,曇り,8.3,-2.7,2.8,0.0,63.8,2.6
3321,1,2023-12-29,曇り,10.2,-0.9,4.6,0.0,59.7,0.9
3322,2,2023-12-29,晴れ,10.5,-0.5,5.0,0.0,52.6,3.5
3323,3,2023-12-29,晴れ,6.1,-5.1,0.5,0.0,39.6,1.1
3324,4,2023-12-29,曇り,5.9,-4.7,0.6,0.0,54.7,1.8
3325,1,2023-12-30,晴れ,9.7,-1.0,4.3,0.0,47.3,1.3
3326,2,2023-12-30,晴れ,9.8,-0.8,4.5,0.0,51.7,0.3
3327,3,2023-12-30,晴れ,6.5,-4.5,1.0,0.0,47.4,1.5
3328,4,2023-12-30,晴れ,8.0,-2.8,2.6,0.0,47.9,2.3
3329,1,2023-12-31,曇り,12.4,1.2,6.8,0.0,60.7,3.8
3330,2,2023-12-31,曇り,12.1,1.2,6.6,0.0,62.3,2.1
3331,3,2023-12-31,晴れ,8.6,-2.7,2.9,0.0,48.5,1.3
3332,4,2023-12-31,晴れ,9.4,-1.6,3.9,0.0,53.4,2.2
3333,1,2024-01-01,雪,12.2,1.0,6.6,3.1,62.5,2.6
3334,2,2024-01-01,雨,13.2,2.0,7.6,10.1,79.0,4.3
3335,3,2024-01-01,雨,6.7,-4.3,1.2,4.1,77.2,3.5
3336,4,2024-01-01,雨,8.6,-2.3,3.1,8.2,76.5,2.7
3337,1,2024-01-02,晴れ,11.7,0.7,6.2,0.0,52.0,4.3
3338,2,2024-01-02,晴れ,12.7,1.6,7.1,0.0,46.7,0.8
3339,3,2024-01-02,晴れ,6.7,-4.2,1.2,0.0,58.1,1.7
3340,4,2024-01-02,晴れ,9.6,-1.4,4.1,0.0,54.3,2.9
3341,1,2024-01-03,晴れ,10.0,-0.7,4.7,0.0,45.0,2.5
3342,2,2024-01-03,曇り,11.9,0.9,6.4,0.0,49.8,4.1
3343,3,2024-01-03,晴れ,7.7,-3.4,2.2,0.0,53.4,0.2
3344,4,2024-01-03,晴れ,7.7,-2.9,2.4,0.0,47.4,1.7
3345,1,2024-01-04,雪,11.5,0.6,6.0,0.5,76.2,1.9
3346,2,2024-01-04,雪,13.9,2.7,8.3,0.5,64.6,0.7
3347,3,2024-01-04,雨,6.1,-4.6,0.8,19.0,71.0,2.7
3348,4,2024-01-04,雨,9.0,-1.8,3.6,5.9,76.5,5.2
3349,1,2024-01-05,晴れ,12.4,1.4,6.9,0.0,36.0,2.8
3350,2,2024-01-05,曇り,13.8,2.6,8.2,0.0,64.5,2.6
3351,3,2024-01-05,曇り,7.6,-3.3,2.1,0.0,56.0,2.6
3352,4,2024-01-05,晴れ,12.7,1.2,6.9,0.0,43.5,2.2
3353,1,2024-01-06,雪,10.6,-0.4,5.1,10.3,62.9,0.4
3354,2,2024-01-06,雪,11.1,0.1,5.6,0.9,71.0,3.1
3355,3,2024-01-06,雨,6.5,-4.6,1.0,19.7,72.1,3.9
3356,4,2024-01-06,雪,7.8,-3.1,2.3,11.0,64.0,1.5
3357,1,2024-01-07,曇り,7.6,-3.2,2.2,0.0,60.8,2.5
3358,2,2024-01-07,曇り,10.7,-0.7,5.0,0.0,63.9,4.0
3359,3,2024-01-07,晴れ,4.8,-6.4,-0.8,0.0,41.7,2.0
3360,4,2024-01-07,晴れ,6.2,-4.8,0.7,0.0,44.5,3.9
3361,1,2024-01-08,曇り,9.4,-1.9,3.8,0.0,60.8,2.7
3362,2,2024-01-08,曇り,6.8,-3.8,1.5,0.0,67.9,2.3
3363,3,2024-01-08,曇り,3.4,-7.6,-2.1,0.0,57.0,1.4
3364,4,2024-01-08,晴れ,6.1,-5.0,0.5,0.0,61.1,0.6
3365,1,2024-01-09,晴れ,7.5,-3.6,1.9,0.0,51.0,1.3
3366,2,2024-01-09,晴れ,8.8,-2.4,3.2,0.0,44.2,2.9
3367,3,2024-01-09,晴れ,1.6,-9.2,-3.8,0.0,55.8,2.1
3368,4,2024-01-09,曇り,4.2,-6.7,-1.2,0.0,57.2,3.4
3369,1,2024-01-10,晴れ,7.7,-3.2,2.2,0.0,54.5,2.7
3370,2,2024-01-10,晴れ,8.4,-2.6,2.9,0.0,53.8,1.2
3371,3,2024-01-10,晴れ,2.7,-8.1,-2.7,0.0,43.7,3.6
3372,4,2024-01-10,晴れ,3.3,-7.2,-2.0,0.0,48.7,2.7
3373,1,2024-01-11,雨,7.9,-2.9,2.5,12.9,79.0,3.5
3374,2,2024-01-11,雨,9.8,-1.3,4.2,10.3,96.7,3.3
3375,3,2024-01-11,雨,4.5,-6.5,-1.0,15.1,80.6,2.6
3376,4,2024-01-11,雨,9.0,-2.5,3.2,11.0,82.6,3.9
3377,1,2024-01-12,晴れ,9.4,-1.4,4.0,0.0,44.9,1.9
3378,2,2024-01-12,晴れ,11.1,0.1,5.6,0.0,43.9,3.8
3379,3,2024-01-12,晴れ,6.1,-4.9,0.6,0.0,40.7,3.3
3380,4,2024-01-12,晴れ,9.7,-1.6,4.0,0.0,43.2,1.8
3381,1,2024-01-13,曇り,9.9,-1.0,4.5,0.0,50.2,1.3
3382,2,2024-01-13,曇り,11.8,0.6,6.2,0.0,58.7,3.2
3383,3,2024-01-13,曇り,5.9,-5.1,0.4,0.0,57.9,1.7
3384,4,2024-01-13,晴れ,5.8,-4.7,0.5,0.0,51.6,2.2
3385,1,2024-01-14,晴れ,12.1,1.1,6.6,0.0,48.1,0.8
3386,2,2024-01-14,晴れ,13.8,2.6,8.2,0.0,44.1,1.6
3387,3,2024-01-14,晴れ,5.7,-4.9,0.4,0.0,53.2,1.0
3388,4,2024-01-14,曇り,10.9,-0.3,5.3,0.0,63.7,2.1
3389,1,2024-01-15,曇り,12.4,1.4,6.9,0.0,62.7,2.2
3390,2,2024-01-15,晴れ,12.5,1.6,7.0,0.0,43.0,3.0
3391,3,2024-01-15,晴れ,8.5,-2.7,2.9,0.0,53.7,2.7
3392,4,2024-01-15,曇り,9.7,-1.2,4.2,0.0,55.1,2.7
3393,1,2024-01-16,雪,12.4,1.2,6.8,11.7,73.0,2.3
3394,2,2024-01-16,雪,9.9,-0.7,4.6,11.9,64.6,2.0
3395,3,2024-01-16,雨,7.0,-4.0,1.5,4.8,75.3,2.4
3396,4,2024-01-16,雨,8.9,-2.1,3.4,8.2,78.9,4.1
3397,1,2024-01-17,曇り,10.3,-0.4,5.0,0.0,52.6,2.6
3398,2,2024-01-17,晴れ,12.1,1.1,6.6,0.0,53.5,2.1
3399,3,2024-01-17,曇り,6.1,-4.7,0.7,0.0,69.9,2.3
3400,4,2024-01-17,曇り,9.2,-1.8,3.7,0.0,71.1,1.2
3401,1,2024-01-18,雪,14.3,3.0,8.7,8.3,73.5,2.2
3402,2,2024-01-18,雨,13.4,2.4,7.9,16.8,65.8,2.3
3403,3,2024-01-18,雪,7.4,-3.4,2.0,0.5,57.0,2.8
3404,4,2024-01-18,雪,10.9,-0.2,5.4,0.5,66.2,4.4
3405,1,2024-01-19,晴れ,11.8,0.9,6.4,0.0,59.0,1.5
3406,2,2024-01-19,曇り,12.4,1.5,7.0,0.0,64.4,2.4
3407,3,2024-01-19,晴れ,7.1,-3.8,1.6,0.0,44.4,3.8
3408,4,2024-01-19,晴れ,7.6,-2.9,2.3,0.0,39.2,1.7
3409,1,2024-01-20,晴れ,10.9,0.2,5.5,0.0,52.0,2.9
3410,2,2024-01-20,晴れ,11.3,0.6,6.0,0.0,43.2,2.2
3411,3,2024-01-20,晴れ,6.2,-4.5,0.9,0.0,55.6,3.2
3412,4,2024-01-20,晴れ,9.8,-1.2,4.3,0.0,49.2,2.3
3413,1,2024-01-21,曇り,11.2,0.4,5.8,0.0,53.7,4.5
3414,2,2024-01-21,晴れ,11.0,0.3,5.7,0.0,51.4,1.3
3415,3,2024-01-21,晴れ,7.6,-3.4,2.1,0.0,49.6,1.4
3416,4,2024-01-21,曇り,12.4,0.9,6.7,0.0,60.2,1.7
3417,1,2024-01-22,曇り,11.9,0.9,6.4,0.0,54.0,1.5
3418,2,2024-01-22,晴れ,11.5,0.6,6.0,0.0,45.2,2.7
3419,3,2024-01-22,晴れ,6.1,-4.7,0.7,0.0,41.4,2.4
3420,4,2024-01-22,晴れ,9.7,-1.4,4.1,0.0,39.7,1.6
3421,1,2024-01-23,雨,12.0,0.8,6.4,2.7,71.1,3.3
3422,2,2024-01-23,雨,12.8,1.6,7.2,6.7,76.3,4.2
3423,3,2024-01-23,雨,7.5,-3.7,1.9,16.5,80.8,4.2
3424,4,2024-01-23,雨,10.7,-0.6,5.0,10.6,75.8,2.6
3425,1,2024-01-24,晴れ,11.3,0.1,5.7,0.0,60.1,2.8
3426,2,2024-01-24,晴れ,10.6,-0.4,5.1,0.0,57.7,2.9
3427,3,2024-01-24,晴れ,5.5,-5.5,0.0,0.0,36.9,2.3
3428,4,2024-01-24,晴れ,8.8,-2.4,3.2,0.0,47.8,2.1
3429,1,2024-01-25,雨,10.7,-0.4,5.1,42.1,80.5,4.0
3430,2,2024-01-25,雨,9.8,-1.0,4.4,21.4,77.8,2.0
3431,3,2024-01-25,雪,5.0,-5.9,-0.5,7.4,74.1,0.2
3432,4,2024-01-25,雨,7.6,-3.3,2.1,11.5,79.3,1.8
3433,1,2024-01-26,晴れ,11.2,0.0,5.6,0.0,39.9,2.7
3434,2,2024-01-26,晴れ,10.4,-0.5,5.0,0.0,48.8,2.6
3435,3,2024-01-26,曇り,5.6,-5.4,0.1,0.0,66.4,3.3
3436,4,2024-01-26,曇り,8.0,-3.0,2.5,0.0,59.2,0.6
3437,1,2024-01-27,雪,7.9,-2.9,2.5,10.6,60.2,2.9
3438,2,2024-01-27,雨,9.1,-1.8,3.6,12.4,77.3,2.3
3439,3,2024-01-27,雨,5.5,-5.7,-0.1,6.7,77.3,3.0
3440,4,2024-01-27,雨,5.9,-4.9,0.5,9.1,71.9,2.6
3441,1,2024-01-28,曇り,12.1,0.7,6.4,0.0,59.6,2.2
3442,2,2024-01-28,曇り,11.1,0.0,5.5,0.0,62.4,3.6
3443,3,2024-01-28,曇り,4.9,-6.0,-0.5,0.0,69.8,1.3
3444,4,2024-01-28,曇り,7.7,-3.3,2.2,0.0,63.9,1.1
3445,1,2024-01-29,晴れ,11.0,-0.1,5.5,0.0,34.1,1.2
3446,2,2024-01-29,晴れ,11.4,0.4,5.9,0.0,36.3,1.4
3447,3,2024-01-29,晴れ,7.0,-4.2,1.4,0.0,43.3,1.9
3448,4,2024-01-29,曇り,8.7,-2.4,3.1,0.0,52.2,1.6
3449,1,2024-01-30,晴れ,7.7,-3.0,2.4,0.0,45.2,2.0
3450,2,2024-01-30,晴れ,9.2,-1.7,3.7,0.0,51.8,1.1
3451,3,2024-01-30,晴れ,4.7,-6.3,-0.8,0.0,38.9,1.1
3452,4,2024-01-30,晴れ,6.3,-4.6,0.9,0.0,43.2,2.4
3453,1,2024-01-31,曇り,7.9,-2.9,2.5,0.0,64.7,2.4
3454,2,2024-01-31,曇り,7.6,-3.1,2.2,0.0,58.3,2.8
3455,3,2024-01-31,晴れ,4.3,-6.7,-1.2,0.0,42.8,1.3
3456,4,2024-01-31,曇り,9.4,-2.3,3.6,0.0,55.0,1.8
3457,1,2024-02-01,晴れ,8.7,-2.1,3.3,0.0,44.0,1.7
3458,2,2024-02-01,晴れ,10.8,-0.3,5.2,0.0,54.3,4.2
3459,3,2024-02-01,晴れ,7.2,-4.2,1.5,0.0,43.2,3.2
3460,4,2024-02-01,曇り,6.5,-4.3,1.1,0.0,54.2,1.1
3461,1,2024-02-02,晴れ,10.4,-0.7,4.9,0.0,47.7,2.6
3462,2,2024-02-02,曇り,11.1,0.0,5.5,0.0,63.3,3.2
3463,3,2024-02-02,曇り,5.5,-5.5,0.0,0.0,72.5,3.8
3464,4,2024-02-02,晴れ,6.7,-4.1,1.3,0.0,46.2,3.2
3465,1,2024-02-03,晴れ,10.4,-0.6,4.9,0.0,42.3,1.7
3466,2,2024-02-03,曇り,13.0,1.6,7.3,0.0,50.7,2.1
3467,3,2024-02-03,晴れ,4.6,-6.1,-0.8,0.0,38.9,3.2
3468,4,2024-02-03,曇り,7.9,-3.0,2.5,0.0,60.4,1.5
3469,1,2024-02-04,晴れ,7.4,-3.3,2.1,0.0,45.9,1.5
3470,2,2024-02-04,晴れ,7.9,-2.8,2.6,0.0,40.4,3.2
3471,3,2024-02-04,曇り,5.2,-6.0,-0.4,0.0,63.0,3.2
3472,4,2024-02-04,晴れ,7.6,-3.6,2.0,0.0,53.4,2.4
3473,1,2024-02-05,晴れ,9.2,-1.6,3.8,0.0,47.4,0.4
3474,2,2024-02-05,晴れ,10.3,-0.6,4.9,0.0,42.1,3.0
3475,3,2024-02-05,曇り,5.3,-5.6,-0.1,0.0,68.0,1.7
3476,4,2024-02-05,晴れ,8.2,-2.9,2.6,0.0,51.7,3.4
3477,1,2024-02-06,晴れ,11.5,0.5,6.0,0.0,50.7,2.1
3478,2,2024-02-06,晴れ,12.3,1.3,6.8,0.0,49.4,2.9
3479,3,2024-02-06,晴れ,6.7,-4.2,1.2,0.0,31.4,2.8
3480,4,2024-02-06,晴れ,9.3,-1.7,3.8,0.0,42.0,3.2
3481,1,2024-02-07,曇り,10.2,-0.6,4.8,0.0,62.4,1.7
3482,2,2024-02-07,晴れ,10.4,-0.3,5.0,0.0,36.4,1.6
3483,3,2024-02-07,曇り,7.4,-3.7,1.9,0.0,60.8,4.2
3484,4,2024-02-07,晴れ,10.6,-0.7,5.0,0.0,47.1,2.7
3485,1,2024-02-08,雨,9.4,-1.6,3.9,10.3,83.4,2.0
3486,2,2024-02-08,雪,10.9,-0.3,5.3,2.1,73.9,3.4
3487,3,2024-02-08,雪,5.2,-5.9,-0.4,4.4,60.9,4.1
3488,4,2024-02-08,雪,7.8,-3.3,2.2,2.5,67.7,2.0
3489,1,2024-02-09,晴れ,9.0,-2.0,3.5,0.0,41.2,2.0
3490,2,2024-02-09,晴れ,11.1,-0.2,5.5,0.0,40.5,2.8
3491,3,2024-02-09,晴れ,4.3,-6.7,-1.2,0.0,47.9,1.2
3492,4,2024-02-09,晴れ,7.4,-3.8,1.8,0.0,38.6,3.2
3493,1,2024-02-10,晴れ,9.6,-1.5,4.0,0.0,51.4,1.9
3494,2,2024-02-10,晴れ,7.7,-2.9,2.4,0.0,43.3,3.4
3495,3,2024-02-10,曇り,3.2,-7.5,-2.1,0.0,60.3,3.9
3496,4,2024-02-10,晴れ,7.9,-3.3,2.3,0.0,43.0,3.2
3497,1,2024-02-11,曇り,6.8,-4.0,1.4,0.0,61.8,1.1
3498,2,2024-02-11,晴れ,8.7,-2.3,3.2,0.0,48.2,1.6
3499,3,2024-02-11,曇り,2.8,-8.1,-2.6,0.0,53.2,3.5
3500,4,2024-02-11,晴れ,5.2,-5.7,-0.2,0.0,41.0,0.9
3501,1,2024-02-12,雨,10.8,-0.3,5.2,5.3,72.8,4.5
3502,2,2024-02-12,雪,11.4,0.4,5.9,8.3,58.4,3.2
3503,3,2024-02-12,雨,7.5,-3.8,1.9,5.8,83.4,3.7
3504,4,2024-02-12,雨,9.2,-2.0,3.6,16.8,83.8,3.0
3505,1,2024-02-13,曇り,8.5,-2.6,3.0,0.0,54.5,1.2
3506,2,2024-02-13,晴れ,10.1,-1.1,4.5,0.0,51.7,2.1
3507,3,2024-02-13,晴れ,3.4,-7.5,-2.0,0.0,47.7,2.6
3508,4,2024-02-13,晴れ,6.7,-4.4,1.1,0.0,53.1,1.3
3509,1,2024-02-14,晴れ,11.5,0.4,6.0,0.0,50.6,1.4
3510,2,2024-02-14,晴れ,10.0,-0.7,4.7,0.0,28.7,3.1
3511,3,2024-02-14,晴れ,5.9,-5.0,0.5,0.0,59.6,1.7
3512,4,2024-02-14,晴れ,6.8,-3.8,1.5,0.0,52.5,2.4
3513,1,2024-02-15,晴れ,9.7,-1.0,4.3,0.0,52.0,2.9
3514,2,2024-02-15,曇り,12.0,0.9,6.5,0.0,59.3,2.3
3515,3,2024-02-15,曇り,7.6,-3.6,2.0,0.0,68.4,3.6
3516,4,2024-02-15,晴れ,7.9,-2.9,2.5,0.0,42.5,2.4
3517,1,2024-02-16,晴れ,11.5,0.6,6.0,0.0,46.5,2.6
3518,2,2024-02-16,晴れ,12.9,1.8,7.4,0.0,46.3,1.7
3519,3,2024-02-16,晴れ,8.7,-2.5,3.1,0.0,31.6,3.2
3520,4,2024-02-16,曇り,10.8,-0.4,5.2,0.0,55.3,1.1
3521,1,2024-02-17,晴れ,11.0,-0.2,5.4,0.0,45.2,3.1
3522,2,2024-02-17,晴れ,9.7,-1.1,4.3,0.0,42.5,2.0
3523,3,2024-02-17,晴れ,4.7,-6.1,-0.7,0.0,50.8,3.5
3524,4,2024-02-17,晴れ,9.2,-2.1,3.5,0.0,43.6,2.2
3525,1,2024-02-18,晴れ,11.5,0.6,6.0,0.0,56.2,1.4
3526,2,2024-02-18,晴れ,13.2,2.1,7.6,0.0,46.7,2.4
3527,3,2024-02-18,晴れ,7.6,-3.4,2.1,0.0,51.2,2.2
3528,4,2024-02-18,晴れ,11.3,0.0,5.7,0.0,45.0,0.8
3529,1,2024-02-19,曇り,10.6,-0.3,5.1,0.0,55.2,2.4
3530,2,2024-02-19,晴れ,12.1,1.0,6.5,0.0,46.7,1.9
3531,3,2024-02-19,曇り,6.3,-4.7,0.8,0.0,57.8,3.5
3532,4,2024-02-19,曇り,8.1,-2.8,2.6,0.0,67.7,3.5
3533,1,2024-02-20,雪,10.9,-0.2,5.4,2.3,63.3,1.5
3534,2,2024-02-20,雨,11.3,0.2,5.8,9.5,74.1,3.2
3535,3,2024-02-20,雨,5.5,-5.4,0.0,0.5,81.1,2.9
3536,4,2024-02-20,雨,11.0,-0.6,5.2,11.1,82.3,3.4
3537,1,2024-02-21,晴れ,9.3,-1.7,3.8,0.0,47.0,3.6
3538,2,2024-02-21,晴れ,9.1,-1.7,3.7,0.0,52.6,2.8
3539,3,2024-02-21,晴れ,6.2,-5.0,0.6,0.0,54.7,4.4
3540,4,2024-02-21,晴れ,5.8,-4.9,0.4,0.0,39.3,1.6
3541,1,2024-02-22,雪,10.8,0.0,5.4,6.1,57.6,1.7
3542,2,2024-02-22,雪,13.2,2.1,7.6,2.6,63.8,0.2
3543,3,2024-02-22,雪,7.3,-3.7,1.8,8.8,73.6,3.5
3544,4,2024-02-22,雨,12.0,0.5,6.2,12.1,82.8,5.4
3545,1,2024-02-23,晴れ,13.5,2.2,7.8,0.0,52.2,2.5
3546,2,2024-02-23,晴れ,13.7,2.4,8.0,0.0,44.1,1.0
3547,3,2024-02-23,曇り,7.0,-3.9,1.6,0.0,56.5,1.2
3548,4,2024-02-23,晴れ,9.1,-1.8,3.6,0.0,45.9,2.0
3549,1,2024-02-24,晴れ,9.5,-1.5,4.0,0.0,45.6,2.8
3550,2,2024-02-24,曇り,10.4,-0.7,4.9,0.0,59.6,1.9
3551,3,2024-02-24,曇り,7.1,-4.3,1.4,0.0,56.7,1.7
3552,4,2024-02-24,曇り,8.6,-2.7,2.9,0.0,60.7,1.9
3553,1,2024-02-25,曇り,12.5,1.1,6.8,0.0,67.0,2.9
3554,2,2024-02-25,晴れ,13.2,1.7,7.4,0.0,50.0,1.2
3555,3,2024-02-25,曇り,7.6,-3.7,1.9,0.0,60.1,1.2
3556,4,2024-02-25,曇り,7.3,-3.5,1.9,0.0,70.0,1.0
3557,1,2024-02-26,曇り,12.6,1.2,6.9,0.0,59.5,2.8
3558,2,2024-02-26,晴れ,11.3,0.3,5.8,0.0,45.9,3.4
3559,3,2024-02-26,晴れ,6.1,-4.8,0.6,0.0,41.8,1.7
3560,4,2024-02-26,晴れ,9.4,-1.8,3.8,0.0,41.4,3.4
3561,1,2024-02-27,晴れ,10.4,-1.0,4.7,0.0,45.3,0.9
3562,2,2024-02-27,曇り,11.6,0.0,5.8,0.0,53.1,3.2
3563,3,2024-02-27,曇り,5.7,-5.7,0.0,0.0,65.3,2.9
3564,4,2024-02-27,曇り,8.1,-3.3,2.4,0.0,57.9,3.5
3565,1,2024-02-28,雪,12.1,0.6,6.3,9.2,56.1,3.3
3566,2,2024-02-28,雪,12.3,0.9,6.6,8.2,57.2,3.0
3567,3,2024-02-28,雨,7.7,-3.8,2.0,13.4,82.6,4.4
3568,4,2024-02-28,雨,10.7,-0.9,4.9,6.6,81.5,1.3
3569,1,2024-02-29,雪,14.7,3.0,8.8,7.6,69.4,3.7
3570,2,2024-02-29,雪,12.9,1.6,7.2,11.6,70.8,3.2
3571,3,2024-02-29,雨,8.9,-2.6,3.2,15.8,72.7,4.6
3572,4,2024-02-29,雨,10.7,-0.7,5.0,14.5,85.5,1.1
3573,1,2024-03-01,雨,13.6,1.9,7.8,5.1,90.7,3.1
3574,2,2024-03-01,雨,13.5,2.0,7.8,14.5,97.3,2.7
3575,3,2024-03-01,雨,7.8,-3.6,2.1,16.3,77.2,4.5
3576,4,2024-03-01,雨,9.8,-1.6,4.1,4.8,79.4,3.8
3577,1,2024-03-02,曇り,12.2,0.7,6.4,0.0,70.8,3.0
3578,2,2024-03-02,曇り,14.0,2.3,8.2,0.0,68.5,0.9
3579,3,2024-03-02,晴れ,8.7,-3.0,2.8,0.0,51.5,2.4
3580,4,2024-03-02,晴れ,12.1,0.1,6.1,0.0,64.0,3.2
3581,1,2024-03-03,雪,12.6,1.0,6.8,0.5,81.4,1.3
3582,2,2024-03-03,雨,11.2,-0.1,5.5,9.1,85.0,3.9
3583,3,2024-03-03,雪,8.1,-3.5,2.3,11.3,68.7,2.3
3584,4,2024-03-03,雨,8.4,-2.9,2.8,0.5,82.2,3.4
3585,1,2024-03-04,晴れ,13.8,2.4,8.1,0.0,54.1,2.0
3586,2,2024-03-04,曇り,13.3,2.0,7.7,0.0,85.1,0.4
3587,3,2024-03-04,晴れ,10.5,-1.2,4.7,0.0,46.0,2.3
3588,4,2024-03-04,曇り,12.2,0.6,6.4,0.0,63.4,3.5
3589,1,2024-03-05,晴れ,15.3,3.6,9.5,0.0,61.2,1.7
3590,2,2024-03-05,曇り,17.5,5.6,11.6,0.0,68.2,3.4
3591,3,2024-03-05,晴れ,10.2,-1.3,4.4,0.0,52.8,3.3
3592,4,2024-03-05,曇り,15.4,3.3,9.3,0.0,67.1,2.7
3593,1,2024-03-06,雨,14.2,2.5,8.3,13.8,69.3,4.3
3594,2,2024-03-06,雨,15.6,3.8,9.7,0.7,92.8,3.9
3595,3,2024-03-06,雨,9.0,-2.5,3.2,0.5,91.4,2.3
3596,4,2024-03-06,雪,14.2,2.1,8.2,9.5,88.0,2.1
3597,1,2024-03-07,晴れ,16.2,4.1,10.1,0.0,60.4,2.7
3598,2,2024-03-07,晴れ,15.6,3.7,9.7,0.0,61.5,2.9
3599,3,2024-03-07,晴れ,10.3,-1.5,4.4,0.0,52.1,2.0
3600,4,2024-03-07,曇り,13.1,1.2,7.1,0.0,70.3,2.5
3601,1,2024-03-08,晴れ,14.0,2.2,8.1,0.0,48.3,1.8
3602,2,2024-03-08,晴れ,12.4,1.1,6.8,0.0,51.4,4.1
3603,3,2024-03-08,曇り,8.6,-3.0,2.8,0.0,65.1,2.5
3604,4,2024-03-08,晴れ,11.6,-0.1,5.8,0.0,48.2,3.3
3605,1,2024-03-09,曇り,13.2,1.4,7.3,0.0,61.8,1.9
3606,2,2024-03-09,晴れ,12.5,1.0,6.8,0.0,56.9,3.3
3607,3,2024-03-09,晴れ,8.9,-3.0,3.0,0.0,54.1,2.6
3608,4,2024-03-09,曇り,10.7,-1.1,4.8,0.0,62.3,1.9
3609,1,2024-03-10,晴れ,13.8,1.7,7.8,0.0,50.0,2.2
3610,2,2024-03-10,晴れ,14.3,2.2,8.2,0.0,50.1,3.0
3611,3,2024-03-10,曇り,8.2,-3.6,2.3,0.0,64.8,3.4
3612,4,2024-03-10,晴れ,10.5,-1.4,4.5,0.0,53.3,2.0
3613,1,2024-03-11,雨,13.8,1.8,7.8,4.3,79.3,5.5
3614,2,2024-03-11,雨,14.4,2.4,8.4,17.6,76.0,4.3
3615,3,2024-03-11,雪,8.9,-3.0,3.0,13.2,80.7,1.6
3616,4,2024-03-11,雪,12.2,0.1,6.1,0.5,71.8,2.3
3617,1,2024-03-12,晴れ,16.7,4.4,10.6,0.0,50.2,2.8
3618,2,2024-03-12,晴れ,16.3,4.3,10.3,0.0,44.6,1.5
3619,3,2024-03-12,曇り,10.3,-1.5,4.4,0.0,64.6,4.0
3620,4,2024-03-12,曇り,11.4,-0.2,5.6,0.0,59.9,2.9
3621,1,2024-03-13,晴れ,11.3,-0.3,5.5,0.0,55.0,2.3
3622,2,2024-03-13,晴れ,15.6,3.3,9.4,0.0,70.0,4.4
3623,3,2024-03-13,晴れ,10.5,-1.8,4.3,0.0,45.8,2.4
3624,4,2024-03-13,晴れ,10.1,-1.7,4.2,0.0,63.0,0.9
3625,1,2024-03-14,晴れ,15.2,2.8,9.0,0.0,44.2,1.4
3626,2,2024-03-14,晴れ,14.7,2.5,8.6,0.0,46.6,2.5
3627,3,2024-03-14,晴れ,7.8,-4.0,1.9,0.0,57.7,1.9
3628,4,2024-03-14,晴れ,10.2,-1.6,4.3,0.0,49.9,2.0
3629,1,2024-03-15,晴れ,13.7,1.7,7.7,0.0,57.5,1.3
3630,2,2024-03-15,晴れ,14.5,2.5,8.5,0.0,58.5,4.4
3631,3,2024-03-15,曇り,11.5,-1.0,5.2,0.0,71.7,1.5
3632,4,2024-03-15,晴れ,12.8,0.6,6.7,0.0,45.8,2.3
3633,1,2024-03-16,晴れ,14.1,2.3,8.2,0.0,45.1,2.7
3634,2,2024-03-16,晴れ,14.7,2.9,8.8,0.0,57.5,1.7
3635,3,2024-03-16,晴れ,11.7,-0.5,5.6,0.0,43.5,2.0
3636,4,2024-03-16,曇り,12.7,0.7,6.7,0.0,58.4,1.0
3637,1,2024-03-17,雨,14.0,2.1,8.1,2.6,73.2,3.4
3638,2,2024-03-17,雨,15.1,3.1,9.1,11.2,81.6,4.6
3639,3,2024-03-17,雨,8.1,-3.5,2.3,5.5,84.6,4.1
3640,4,2024-03-17,雨,11.9,0.0,6.0,3.0,82.3,3.7
3641,1,2024-03-18,雨,14.2,2.2,8.2,72.3,74.0,3.1
3642,2,2024-03-18,雨,14.3,2.4,8.3,7.0,86.8,4.8
3643,3,2024-03-18,雨,10.7,-1.5,4.6,5.5,81.9,4.7
3644,4,2024-03-18,雪,12.0,0.0,6.0,10.4,71.9,4.0
3645,1,2024-03-19,雨,11.5,-0.2,5.7,6.6,85.2,3.1
3646,2,2024-03-19,雪,13.3,1.4,7.4,7.7,83.0,3.0
3647,3,2024-03-19,雪,9.3,-2.8,3.3,4.2,71.7,1.4
3648,4,2024-03-19,雪,10.2,-1.6,4.3,2.7,81.6,1.8
3649,1,2024-03-20,曇り,11.5,-0.5,5.5,0.0,67.8,1.4
3650,2,2024-03-20,晴れ,11.3,-0.5,5.4,0.0,53.1,2.5
3651,3,2024-03-20,晴れ,6.6,-5.3,0.6,0.0,62.3,4.5
3652,4,2024-03-20,晴れ,9.0,-2.9,3.0,0.0,70.6,3.0
3653,1,2024-03-21,曇り,12.8,1.0,6.9,0.0,61.5,1.3
3654,2,2024-03-21,曇り,13.4,1.6,7.5,0.0,74.2,2.9
3655,3,2024-03-21,晴れ,8.8,-3.1,2.9,0.0,62.8,2.4
3656,4,2024-03-21,晴れ,11.8,-0.2,5.8,0.0,55.1,1.5
3657,1,2024-03-22,雨,16.5,4.4,10.4,9.5,91.2,4.3
3658,2,2024-03-22,雨,15.7,3.8,9.8,12.1,89.7,2.5
3659,3,2024-03-22,雨,11.7,-0.3,5.7,5.4,79.6,1.6
3660,4,2024-03-22,雪,13.6,1.6,7.6,4.4,72.2,1.5
3661,1,2024-03-23,曇り,13.4,1.4,7.4,0.0,77.5,3.2
3662,2,2024-03-23,晴れ,13.6,1.6,7.6,0.0,56.6,3.6
3663,3,2024-03-23,曇り,7.5,-4.2,1.6,0.0,79.2,1.5
3664,4,2024-03-23,曇り,9.7,-2.1,3.8,0.0,65.3,3.0
3665,1,2024-03-24,曇り,15.9,3.8,9.8,0.0,64.9,1.7
3666,2,2024-03-24,晴れ,14.9,3.1,9.0,0.0,53.8,2.6
3667,3,2024-03-24,曇り,10.5,-1.4,4.5,0.0,69.0,2.9
3668,4,2024-03-24,曇り,10.7,-0.7,5.0,0.0,65.8,0.2
3669,1,2024-03-25,晴れ,15.4,3.4,9.4,0.0,49.4,2.2
3670,2,2024-03-25,晴れ,15.8,3.9,9.8,0.0,58.0,1.7
3671,3,2024-03-25,晴れ,9.4,-2.3,3.6,0.0,59.1,3.1
3672,4,2024-03-25,晴れ,12.7,0.9,6.8,0.0,60.8,2.8
3673,1,2024-03-26,雨,10.6,-0.8,4.9,0.5,79.3,2.3
3674,2,2024-03-26,雪,13.7,1.8,7.8,13.8,66.4,0.2
3675,3,2024-03-26,雪,7.0,-4.6,1.2,8.1,71.6,2.4
3676,4,2024-03-26,雨,8.7,-2.8,2.9,9.4,81.5,2.6
3677,1,2024-03-27,曇り,13.9,2.2,8.1,0.0,69.2,3.7
3678,2,2024-03-27,晴れ,14.8,3.1,9.0,0.0,55.1,0.2
3679,3,2024-03-27,曇り,8.1,-3.3,2.4,0.0,69.5,4.2
3680,4,2024-03-27,曇り,11.8,0.2,6.0,0.0,65.1,2.8
3681,1,2024-03-28,雨,13.6,2.0,7.8,16.6,71.5,4.5
3682,2,2024-03-28,雨,13.3,1.9,7.6,11.7,90.4,4.4
3683,3,2024-03-28,雨,7.6,-3.7,1.9,65.0,97.3,1.6
3684,4,2024-03-28,雨,11.4,-0.2,5.6,2.8,86.0,3.7
3685,1,2024-03-29,晴れ,12.1,0.6,6.3,0.0,62.9,2.3
3686,2,2024-03-29,晴れ,13.3,1.6,7.5,0.0,52.5,2.8
3687,3,2024-03-29,晴れ,6.0,-5.2,0.4,0.0,63.4,3.1
3688,4,2024-03-29,晴れ,9.9,-1.6,4.2,0.0,63.8,1.3
3689,1,2024-03-30,曇り,14.1,2.8,8.4,0.0,71.4,1.2
3690,2,2024-03-30,曇り,17.2,5.3,11.2,0.0,52.2,0.3
3691,3,2024-03-30,晴れ,9.7,-1.7,4.0,0.0,44.2,2.8
3692,4,2024-03-30,曇り,11.7,0.4,6.0,0.0,59.3,0.2
3693,1,2024-03-31,曇り,11.5,0.2,5.8,0.0,63.8,3.0
3694,2,2024-03-31,曇り,13.8,2.2,8.0,0.0,61.3,2.4
3695,3,2024-03-31,曇り,8.8,-2.9,3.0,0.0,72.5,1.8
3696,4,2024-03-31,晴れ,10.7,-0.9,4.9,0.0,55.0,4.3
3697,1,2024-04-01,雨,13.2,1.9,7.5,29.7,89.0,4.2
3698,2,2024-04-01,雨,15.0,3.4,9.2,40.0,84.3,3.2
3699,3,2024-04-01,雨,10.3,-1.3,4.5,2.7,77.4,2.5
3700,4,2024-04-01,雨,11.5,0.1,5.8,66.2,85.8,0.7
3701,1,2024-04-02,曇り,11.1,-0.1,5.5,0.0,62.7,3.8
3702,2,2024-04-02,晴れ,11.9,0.6,6.2,0.0,65.0,1.7
3703,3,2024-04-02,曇り,8.7,-2.9,2.9,0.0,58.1,4.4
3704,4,2024-04-02,晴れ,11.2,-0.4,5.4,0.0,51.3,1.3
3705,1,2024-04-03,晴れ,16.3,4.6,10.4,0.0,57.5,3.1
3706,2,2024-04-03,曇り,13.2,2.3,7.8,0.0,59.8,4.1
3707,3,2024-04-03,曇り,9.4,-1.8,3.8,0.0,66.2,2.9
3708,4,2024-04-03,晴れ,12.0,0.7,6.3,0.0,47.4,2.4
3709,1,2024-04-04,雨,18.5,7.0,12.8,15.7,79.7,5.4
3710,2,2024-04-04,雨,15.6,4.8,10.2,9.9,75.4,3.7
3711,3,2024-04-04,雨,14.5,2.9,8.7,9.5,99.0,3.3
3712,4,2024-04-04,雨,14.3,3.2,8.8,0.5,80.5,1.8
3713,1,2024-04-05,曇り,18.8,7.5,13.2,0.0,65.4,0.2
3714,2,2024-04-05,曇り,20.0,8.6,14.3,0.0,66.9,2.9
3715,3,2024-04-05,晴れ,14.7,3.3,9.0,0.0,56.4,4.1
3716,4,2024-04-05,晴れ,16.6,5.3,11.0,0.0,48.5,3.9
3717,1,2024-04-06,曇り,17.3,6.3,11.8,0.0,71.6,1.1
3718,2,2024-04-06,晴れ,18.8,7.5,13.2,0.0,54.7,3.3
3719,3,2024-04-06,曇り,14.7,3.2,8.9,0.0,72.3,2.6
3720,4,2024-04-06,曇り,15.6,4.4,10.0,0.0,65.5,2.1
3721,1,2024-04-07,晴れ,16.0,5.0,10.5,0.0,64.9,3.9
3722,2,2024-04-07,晴れ,18.0,6.8,12.4,0.0,61.2,1.3
3723,3,2024-04-07,晴れ,12.8,1.6,7.2,0.0,45.5,2.0
3724,4,2024-04-07,晴れ,13.9,2.9,8.4,0.0,52.3,3.6
3725,1,2024-04-08,晴れ,18.5,7.3,12.9,0.0,52.9,2.2
3726,2,2024-04-08,曇り,18.1,7.1,12.6,0.0,57.2,1.8
3727,3,2024-04-08,晴れ,13.6,2.4,8.0,0.0,56.3,2.2
3728,4,2024-04-08,曇り,15.6,4.5,10.1,0.0,66.1,2.2
3729,1,2024-04-09,曇り,18.0,7.0,12.5,0.0,63.8,1.5
3730,2,2024-04-09,曇り,18.9,7.9,13.4,0.0,80.9,3.4
3731,3,2024-04-09,晴れ,14.2,3.1,8.7,0.0,54.9,0.4
3732,4,2024-04-09,晴れ,16.3,5.2,10.8,0.0,59.2,1.5
3733,1,2024-04-10,雨,21.4,10.1,15.8,2.4,87.2,3.3
3734,2,2024-04-10,雨,20.3,9.4,14.9,14.8,82.1,5.2
3735,3,2024-04-10,雨,15.4,4.4,9.9,1.0,83.2,5.3
3736,4,2024-04-10,雨,16.4,5.6,11.0,0.5,82.2,3.8
3737,1,2024-04-11,雨,19.8,8.6,14.2,42.9,90.1,2.9
3738,2,2024-04-11,雨,18.3,7.5,12.9,1.9,86.1,5.0
3739,3,2024-04-11,雨,15.0,3.8,9.4,4.7,80.9,3.6
3740,4,2024-04-11,雨,15.8,4.9,10.4,7.2,75.4,4.7
3741,1,2024-04-12,晴れ,19.4,8.1,13.8,0.0,63.0,1.9
3742,2,2024-04-12,曇り,19.2,8.0,13.6,0.0,70.8,2.8
3743,3,2024-04-12,晴れ,13.9,2.8,8.3,0.0,62.1,1.2
3744,4,2024-04-12,曇り,16.5,5.4,10.9,0.0,66.7,0.6
3745,1,2024-04-13,晴れ,19.7,8.4,14.1,0.0,63.4,0.7
3746,2,2024-04-13,曇り,17.8,7.1,12.4,0.0,77.9,4.4
3747,3,2024-04-13,晴れ,12.2,1.5,6.8,0.0,61.1,1.0
3748,4,2024-04-13,曇り,14.5,3.8,9.2,0.0,65.2,2.1
3749,1,2024-04-14,雨,18.4,7.5,12.9,12.4,72.5,4.7
3750,2,2024-04-14,雨,21.3,10.0,15.7,38.4,86.8,3.8
3751,3,2024-04-14,雨,15.1,4.0,9.6,3.3,84.5,3.9
3752,4,2024-04-14,雨,14.5,4.0,9.2,5.6,71.9,3.6
3753,1,2024-04-15,晴れ,20.5,9.2,14.8,0.0,61.7,3.9
3754,2,2024-04-15,晴れ,20.1,9.0,14.6,0.0,49.8,2.6
3755,3,2024-04-15,曇り,15.3,4.1,9.7,0.0,69.1,2.6
3756,4,2024-04-15,曇り,19.0,7.6,13.3,0.0,59.7,3.7
3757,1,2024-04-16,晴れ,20.4,9.4,14.9,0.0,65.8,3.1
3758,2,2024-04-16,晴れ,20.6,9.7,15.2,0.0,45.4,1.2
3759,3,2024-04-16,晴れ,16.0,5.0,10.5,0.0,60.0,0.9
3760,4,2024-04-16,晴れ,17.6,6.7,12.2,0.0,52.1,3.3
3761,1,2024-04-17,曇り,17.0,6.3,11.7,0.0,83.1,3.0
3762,2,2024-04-17,曇り,17.5,6.7,12.1,0.0,67.9,2.8
3763,3,2024-04-17,晴れ,13.3,2.4,7.9,0.0,63.9,0.8
3764,4,2024-04-17,晴れ,14.6,3.9,9.2,0.0,64.5,3.7
3765,1,2024-04-18,晴れ,14.4,3.8,9.1,0.0,57.4,2.3
3766,2,2024-04-18,曇り,14.8,4.3,9.6,0.0,74.1,2.0
3767,3,2024-04-18,曇り,13.0,1.8,7.4,0.0,67.9,3.8
3768,4,2024-04-18,曇り,15.3,4.1,9.7,0.0,75.8,2.0
3769,1,2024-04-19,雨,15.6,4.6,10.1,9.1,91.7,3.8
3770,2,2024-04-19,雨,15.8,4.9,10.4,7.8,84.7,5.2
3771,3,2024-04-19,雨,11.7,0.6,6.1,5.2,80.3,3.3
3772,4,2024-04-19,雨,13.5,2.5,8.0,10.4,82.3,3.1
3773,1,2024-04-20,曇り,18.4,7.3,12.8,0.0,66.4,2.4
3774,2,2024-04-20,晴れ,18.6,7.5,13.1,0.0,42.8,1.7
3775,3,2024-04-20,晴れ,13.6,2.6,8.1,0.0,59.5,1.6
3776,4,2024-04-20,曇り,14.1,3.4,8.8,0.0,74.9,2.5
3777,1,2024-04-21,晴れ,18.5,7.3,12.9,0.0,47.2,3.8
3778,2,2024-04-21,晴れ,16.9,6.2,11.5,0.0,42.1,2.5
3779,3,2024-04-21,晴れ,12.8,1.8,7.3,0.0,43.9,2.8
3780,4,2024-04-21,晴れ,14.4,3.6,9.0,0.0,56.9,2.5
3781,1,2024-04-22,晴れ,20.1,9.2,14.7,0.0,65.8,2.4
3782,2,2024-04-22,晴れ,22.0,10.8,16.4,0.0,47.2,0.6
3783,3,2024-04-22,晴れ,15.3,4.5,9.9,0.0,55.1,0.9
3784,4,2024-04-22,晴れ,18.0,7.0,12.5,0.0,51.9,2.1
3785,1,2024-04-23,晴れ,20.5,9.5,15.0,0.0,44.9,1.9
3786,2,2024-04-23,晴れ,21.3,10.3,15.8,0.0,49.3,3.8
3787,3,2024-04-23,曇り,14.9,4.1,9.5,0.0,61.1,1.3
3788,4,2024-04-23,曇り,16.7,6.0,11.3,0.0,76.9,2.8
3789,1,2024-04-24,雨,18.9,8.0,13.4,11.1,88.9,4.5
3790,2,2024-04-24,雨,18.9,8.2,13.5,14.4,78.4,5.3
3791,3,2024-04-24,雨,12.9,2.3,7.6,6.2,88.7,3.6
3792,4,2024-04-24,雨,15.5,4.9,10.2,24.1,78.5,0.9
3793,1,2024-04-25,雨,18.5,7.7,13.1,5.5,79.6,3.1
3794,2,2024-04-25,雨,19.1,8.3,13.7,13.4,86.6,3.1
3795,3,2024-04-25,雨,12.9,2.3,7.6,17.0,90.4,2.6
3796,4,2024-04-25,雨,15.2,4.6,9.9,9.6,83.0,2.5
3797,1,2024-04-26,晴れ,17.4,7.0,12.2,0.0,54.6,4.3
3798,2,2024-04-26,晴れ,17.8,7.4,12.6,0.0,53.4,3.1
3799,3,2024-04-26,晴れ,14.4,3.6,9.0,0.0,56.5,1.1
3800,4,2024-04-26,晴れ,16.5,5.8,11.2,0.0,59.3,2.6
3801,1,2024-04-27,晴れ,20.1,9.2,14.7,0.0,55.9,3.5
3802,2,2024-04-27,晴れ,20.2,9.4,14.8,0.0,56.9,5.3
3803,3,2024-04-27,晴れ,13.7,3.2,8.4,0.0,39.4,1.3
3804,4,2024-04-27,曇り,16.4,5.8,11.1,0.0,58.2,3.8
3805,1,2024-04-28,晴れ,19.0,8.4,13.7,0.0,57.4,2.9
3806,2,2024-04-28,晴れ,20.0,9.4,14.7,0.0,56.9,3.8
3807,3,2024-04-28,曇り,15.6,4.8,10.2,0.0,81.2,1.7
3808,4,2024-04-28,曇り,14.9,4.7,9.8,0.0,72.6,3.0
3809,1,2024-04-29,雨,18.2,7.6,12.9,2.9,79.2,3.5
3810,2,2024-04-29,雨,18.1,7.6,12.9,17.8,86.4,2.7
3811,3,2024-04-29,雨,14.8,4.0,9.4,16.8,77.8,2.6
3812,4,2024-04-29,雨,14.8,4.4,9.6,12.8,91.2,2.8
3813,1,2024-04-30,晴れ,15.3,5.6,10.4,0.0,59.7,1.7
3814,2,2024-04-30,曇り,20.1,9.6,14.9,0.0,68.7,2.9
3815,3,2024-04-30,晴れ,14.9,4.4,9.7,0.0,59.1,1.8
3816,4,2024-04-30,晴れ,17.0,6.5,11.8,0.0,52.6,4.3
3817,1,2024-05-01,曇り,19.3,8.6,13.9,0.0,76.1,1.9
3818,2,2024-05-01,曇り,18.1,7.7,12.9,0.0,69.2,2.7
3819,3,2024-05-01,曇り,13.7,3.1,8.4,0.0,60.3,3.1
3820,4,2024-05-01,曇り,16.1,5.6,10.9,0.0,60.1,3.8
3821,1,2024-05-02,晴れ,16.6,6.4,11.5,0.0,68.6,2.1
3822,2,2024-05-02,晴れ,19.0,8.5,13.8,0.0,57.3,1.1
3823,3,2024-05-02,曇り,15.3,4.5,9.9,0.0,64.8,2.4
3824,4,2024-05-02,曇り,14.1,4.0,9.1,0.0,57.6,2.5
3825,1,2024-05-03,曇り,20.5,10.0,15.2,0.0,66.8,1.8
3826,2,2024-05-03,晴れ,20.7,10.2,15.4,0.0,49.7,1.1
3827,3,2024-05-03,晴れ,14.0,3.9,8.9,0.0,44.8,2.4
3828,4,2024-05-03,曇り,16.4,6.3,11.3,0.0,66.7,2.5
3829,1,2024-05-04,曇り,20.3,10.2,15.2,0.0,77.4,3.5
3830,2,2024-05-04,晴れ,19.8,9.9,14.9,0.0,59.3,1.2
3831,3,2024-05-04,晴れ,17.9,7.3,12.6,0.0,51.5,2.3
3832,4,2024-05-04,曇り,20.1,9.5,14.8,0.0,68.1,1.5
3833,1,2024-05-05,曇り,21.2,10.7,15.9,0.0,67.1,4.0
3834,2,2024-05-05,晴れ,20.4,10.2,15.3,0.0,54.0,3.0
3835,3,2024-05-05,曇り,14.3,4.3,9.3,0.0,74.0,3.1
3836,4,2024-05-05,曇り,17.6,7.4,12.5,0.0,61.3,2.3
3837,1,2024-05-06,曇り,24.4,13.8,19.1,0.0,63.8,2.9
3838,2,2024-05-06,晴れ,22.6,12.5,17.6,0.0,51.4,3.5
3839,3,2024-05-06,曇り,17.0,7.0,12.0,0.0,70.4,0.9
3840,4,2024-05-06,晴れ,20.4,10.2,15.3,0.0,63.6,2.9
3841,1,2024-05-07,雨,21.3,11.3,16.3,13.6,82.0,5.2
3842,2,2024-05-07,雨,22.3,12.3,17.3,7.4,81.8,4.2
3843,3,2024-05-07,雨,16.7,6.7,11.7,23.9,78.2,2.9
3844,4,2024-05-07,雨,21.8,11.3,16.6,26.1,71.4,4.6
3845,1,2024-05-08,曇り,23.5,13.3,18.4,0.0,62.8,2.4
3846,2,2024-05-08,曇り,23.8,13.7,18.8,0.0,66.3,1.1
3847,3,2024-05-08,晴れ,19.8,9.5,14.7,0.0,38.8,1.4
3848,4,2024-05-08,曇り,21.8,11.6,16.7,0.0,61.8,2.8
3849,1,2024-05-09,雨,23.6,13.5,18.6,36.2,90.9,4.4
3850,2,2024-05-09,雨,24.5,14.3,19.4,5.5,86.0,2.5
3851,3,2024-05-09,雨,20.9,10.4,15.6,43.0,87.5,0.2
3852,4,2024-05-09,雨,21.4,11.3,16.4,39.3,78.5,4.4
3853,1,2024-05-10,晴れ,22.8,12.7,17.8,0.0,57.4,2.1
3854,2,2024-05-10,曇り,23.5,13.4,18.4,0.0,79.6,1.5
3855,3,2024-05-10,晴れ,17.3,7.4,12.4,0.0,62.5,4.4
3856,4,2024-05-10,曇り,19.8,9.9,14.9,0.0,67.7,2.2
3857,1,2024-05-11,雨,20.6,10.7,15.7,30.7,92.4,2.3
3858,2,2024-05-11,雨,22.5,12.3,17.4,2.7,84.4,3.6
3859,3,2024-05-11,雨,17.0,6.9,11.9,1.6,88.5,4.7
3860,4,2024-05-11,雨,17.5,7.8,12.7,5.7,89.9,4.1
3861,1,2024-05-12,曇り,18.1,8.2,13.2,0.0,69.5,2.4
3862,2,2024-05-12,曇り,18.9,8.9,13.9,0.0,66.4,2.2
3863,3,2024-05-12,晴れ,14.6,4.5,9.6,0.0,51.3,1.8
3864,4,2024-05-12,曇り,17.0,6.9,11.9,0.0,60.9,4.3
3865,1,2024-05-13,雨,19.5,9.4,14.4,17.2,88.2,2.8
3866,2,2024-05-13,雨,18.9,9.0,13.9,13.4,90.5,3.5
3867,3,2024-05-13,雨,14.9,4.8,9.8,4.9,74.2,3.9
3868,4,2024-05-13,雨,17.2,7.1,12.1,8.7,80.2,4.1
3869,1,2024-05-14,晴れ,20.1,10.0,15.1,0.0,42.1,2.9
3870,2,2024-05-14,晴れ,19.3,9.6,14.4,0.0,60.3,4.1
3871,3,2024-05-14,晴れ,16.3,6.1,11.2,0.0,56.0,2.5
3872,4,2024-05-14,晴れ,17.2,7.3,12.2,0.0,63.7,3.3
3873,1,2024-05-15,曇り,19.3,9.5,14.4,0.0,64.7,2.1
3874,2,2024-05-15,晴れ,20.8,10.9,15.9,0.0,36.6,2.6
3875,3,2024-05-15,曇り,16.9,6.7,11.8,0.0,85.3,3.2
3876,4,2024-05-15,晴れ,16.8,7.1,11.9,0.0,66.0,2.8
3877,1,2024-05-16,雨,21.2,11.3,16.2,13.3,84.9,2.6
3878,2,2024-05-16,雨,21.7,11.8,16.8,18.7,86.4,3.4
3879,3,2024-05-16,雨,17.2,7.2,12.2,10.0,81.8,3.8
3880,4,2024-05-16,雨,18.4,8.5,13.4,0.5,75.0,3.9
3881,1,2024-05-17,雨,19.9,10.0,14.9,9.4,89.5,2.8
3882,2,2024-05-17,雨,21.6,11.4,16.5,5.2,79.4,3.1
3883,3,2024-05-17,雨,14.8,5.0,9.9,18.0,92.2,4.9
3884,4,2024-05-17,雨,17.5,7.6,12.6,41.6,84.0,2.3
3885,1,2024-05-18,晴れ,21.4,11.6,16.5,0.0,59.3,1.1
3886,2,2024-05-18,晴れ,22.9,12.9,17.9,0.0,52.7,2.6
3887,3,2024-05-18,晴れ,15.5,6.0,10.8,0.0,62.9,0.8
3888,4,2024-05-18,晴れ,18.6,8.9,13.8,0.0,51.4,0.7
3889,1,2024-05-19,曇り,21.8,12.1,16.9,0.0,58.7,3.1
3890,2,2024-05-19,曇り,24.1,14.1,19.1,0.0,79.3,2.7
3891,3,2024-05-19,晴れ,18.6,8.7,13.7,0.0,49.1,1.4
3892,4,2024-05-19,晴れ,20.8,10.9,15.9,0.0,57.0,3.6
3893,1,2024-05-20,曇り,21.3,11.6,16.4,0.0,56.1,2.9
3894,2,2024-05-20,晴れ,21.7,12.1,16.9,0.0,57.6,2.1
3895,3,2024-05-20,晴れ,19.4,9.2,14.3,0.0,56.4,5.1
3896,4,2024-05-20,曇り,20.4,10.5,15.4,0.0,63.2,1.8
3897,1,2024-05-21,曇り,19.1,9.3,14.2,0.0,70.1,0.5
3898,2,2024-05-21,晴れ,19.6,9.7,14.7,0.0,60.3,1.2
3899,3,2024-05-21,晴れ,12.1,2.7,7.4,0.0,66.8,1.8
3900,4,2024-05-21,晴れ,15.8,6.2,11.0,0.0,58.2,1.3
3901,1,2024-05-22,曇り,17.7,7.9,12.8,0.0,60.1,4.1
3902,2,2024-05-22,晴れ,17.3,7.7,12.5,0.0,46.8,0.2
3903,3,2024-05-22,曇り,13.3,3.5,8.4,0.0,77.9,2.2
3904,4,2024-05-22,曇り,15.7,5.9,10.8,0.0,69.8,1.8
3905,1,2024-05-23,曇り,21.2,11.4,16.3,0.0,59.5,1.2
3906,2,2024-05-23,曇り,21.7,12.0,16.9,0.0,67.9,2.0
3907,3,2024-05-23,晴れ,15.7,6.2,10.9,0.0,48.4,3.5
3908,4,2024-05-23,晴れ,21.0,10.8,15.9,0.0,53.9,1.6
3909,1,2024-05-24,晴れ,19.2,9.8,14.5,0.0,58.9,2.4
3910,2,2024-05-24,曇り,21.3,11.6,16.4,0.0,64.9,2.7
3911,3,2024-05-24,晴れ,15.3,5.8,10.6,0.0,45.8,1.7
3912,4,2024-05-24,晴れ,18.8,9.0,13.9,0.0,60.1,2.5
3913,1,2024-05-25,曇り,20.3,11.2,15.8,0.0,62.9,2.1
3914,2,2024-05-25,晴れ,22.1,12.7,17.4,0.0,48.0,2.5
3915,3,2024-05-25,曇り,18.4,8.7,13.5,0.0,71.6,1.5
3916,4,2024-05-25,曇り,21.0,11.3,16.1,0.0,68.4,0.6
3917,1,2024-05-26,曇り,22.3,12.7,17.5,0.0,72.3,2.2
3918,2,2024-05-26,晴れ,21.7,12.4,17.1,0.0,47.1,3.6
3919,3,2024-05-26,曇り,18.1,8.5,13.3,0.0,73.7,2.3
3920,4,2024-05-26,曇り,17.1,8.1,12.6,0.0,72.6,2.6
3921,1,2024-05-27,雨,23.4,14.0,18.7,1.6,82.8,4.0
3922,2,2024-05-27,雨,23.9,14.5,19.2,9.5,90.1,3.3
3923,3,2024-05-27,雨,19.5,10.0,14.8,15.9,91.1,2.7
3924,4,2024-05-27,雨,21.3,11.9,16.6,0.5,84.1,2.5
3925,1,2024-05-28,雨,24.8,15.4,20.1,17.6,87.9,5.1
3926,2,2024-05-28,雨,23.8,14.7,19.2,9.9,76.8,2.3
3927,3,2024-05-28,雨,19.7,10.4,15.1,0.5,86.2,3.5
3928,4,2024-05-28,雨,23.2,13.7,18.4,0.5,93.2,5.6
3929,1,2024-05-29,曇り,22.7,13.7,18.2,0.0,67.9,3.4
3930,2,2024-05-29,晴れ,24.7,15.4,20.1,0.0,64.3,2.0
3931,3,2024-05-29,晴れ,20.4,11.0,15.7,0.0,54.4,1.3
3932,4,2024-05-29,曇り,19.5,10.7,15.1,0.0,68.2,2.3
3933,1,2024-05-30,晴れ,23.0,13.9,18.4,0.0,61.9,2.2
3934,2,2024-05-30,曇り,23.3,14.2,18.8,0.0,63.0,2.2
3935,3,2024-05-30,晴れ,17.2,8.4,12.8,0.0,49.5,2.8
3936,4,2024-05-30,曇り,20.0,11.1,15.6,0.0,78.9,2.6
3937,1,2024-05-31,晴れ,22.2,13.3,17.8,0.0,52.6,1.2
3938,2,2024-05-31,晴れ,24.3,15.0,19.6,0.0,53.4,3.2
3939,3,2024-05-31,晴れ,16.8,8.0,12.4,0.0,53.0,3.1
3940,4,2024-05-31,曇り,19.5,10.7,15.1,0.0,66.4,3.2
3941,1,2024-06-01,雨,20.6,12.1,16.4,36.0,98.5,4.0
3942,2,2024-06-01,雨,22.2,13.5,17.9,3.9,88.6,4.3
3943,3,2024-06-01,雷雨,16.9,8.2,12.5,46.9,90.6,2.3
3944,4,2024-06-01,雨,19.2,10.5,14.8,6.6,93.9,3.8
3945,1,2024-06-02,雷雨,22.1,13.2,17.6,1.0,97.5,2.6
3946,2,2024-06-02,雨,21.7,13.0,17.4,2.5,95.2,2.9
3947,3,2024-06-02,雷雨,15.7,7.3,11.5,53.9,99.0,3.7
3948,4,2024-06-02,雨,19.8,11.0,15.4,4.4,90.0,4.2
3949,1,2024-06-03,雨,24.2,15.6,19.9,2.8,95.8,3.5
3950,2,2024-06-03,雨,24.3,15.8,20.1,49.7,99.0,3.5
3951,3,2024-06-03,雨,20.3,11.5,15.9,3.9,98.2,4.5
3952,4,2024-06-03,雨,21.4,12.9,17.1,5.2,99.0,2.6
3953,1,2024-06-04,曇り,24.9,16.1,20.5,0.0,85.8,0.8
3954,2,2024-06-04,曇り,25.3,16.6,21.0,0.0,88.2,1.9
3955,3,2024-06-04,曇り,18.7,10.3,14.5,0.0,73.3,3.0
3956,4,2024-06-04,晴れ,21.0,12.6,16.8,0.0,69.5,2.2
3957,1,2024-06-05,曇り,25.0,16.4,20.7,0.0,76.0,1.2
3958,2,2024-06-05,晴れ,24.5,16.1,20.3,0.0,73.0,1.1
3959,3,2024-06-05,曇り,20.9,12.2,16.5,0.0,79.4,1.8
3960,4,2024-06-05,曇り,23.2,14.5,18.9,0.0,86.3,2.5
3961,1,2024-06-06,曇り,23.3,15.1,19.2,0.0,84.7,2.5
3962,2,2024-06-06,曇り,27.1,18.2,22.6,0.0,75.8,2.9
3963,3,2024-06-06,晴れ,19.5,11.1,15.3,0.0,71.3,0.9
3964,4,2024-06-06,曇り,21.7,13.3,17.5,0.0,80.2,0.2
3965,1,2024-06-07,曇り,24.0,15.5,19.8,0.0,80.2,1.9
3966,2,2024-06-07,晴れ,23.4,15.1,19.2,0.0,64.3,2.0
3967,3,2024-06-07,晴れ,17.1,9.1,13.1,0.0,65.0,1.6
3968,4,2024-06-07,曇り,21.2,12.8,17.0,0.0,80.3,1.8
3969,1,2024-06-08,雨,24.1,15.8,20.0,6.4,99.0,3.9
3970,2,2024-06-08,雨,25.2,16.8,21.0,7.3,91.7,3.1
3971,3,2024-06-08,雨,19.7,11.3,15.5,11.2,99.0,2.3
3972,4,2024-06-08,雨,20.9,12.8,16.9,9.3,99.0,2.4
3973,1,2024-06-09,曇り,26.5,18.3,22.4,0.0,69.7,1.4
3974,2,2024-06-09,曇り,26.6,18.5,22.6,0.0,76.7,1.7
3975,3,2024-06-09,晴れ,20.3,12.5,16.4,0.0,69.4,1.4
3976,4,2024-06-09,晴れ,23.2,15.2,19.2,0.0,58.2,1.4
3977,1,2024-06-10,曇り,25.8,17.9,21.9,0.0,70.7,3.1
3978,2,2024-06-10,曇り,27.6,19.5,23.6,0.0,79.3,0.5
3979,3,2024-06-10,晴れ,21.9,13.9,17.9,0.0,65.1,1.4
3980,4,2024-06-10,曇り,24.2,16.1,20.1,0.0,86.6,2.0
3981,1,2024-06-11,晴れ,27.7,19.6,23.6,0.0,61.5,3.1
3982,2,2024-06-11,晴れ,29.5,21.2,25.4,0.0,68.7,2.6
3983,3,2024-06-11,晴れ,22.1,14.2,18.1,0.0,70.1,1.7
3984,4,2024-06-11,曇り,24.2,16.3,20.2,0.0,83.7,0.8
3985,1,2024-06-12,晴れ,28.4,20.2,24.3,0.0,58.2,3.1
3986,2,2024-06-12,晴れ,29.3,21.0,25.1,0.0,63.5,2.0
3987,3,2024-06-12,晴れ,22.9,14.9,18.9,0.0,72.4,3.9
3988,4,2024-06-12,晴れ,23.3,15.7,19.5,0.0,57.5,3.3
3989,1,2024-06-13,雷雨,25.9,18.2,22.0,1.0,99.0,3.6
3990,2,2024-06-13,雨,27.6,19.7,23.6,13.0,83.6,4.2
3991,3,2024-06-13,雨,24.5,16.2,20.4,8.1,89.0,3.4
3992,4,2024-06-13,雨,24.3,16.4,20.4,11.5,77.4,3.7
3993,1,2024-06-14,曇り,25.6,17.6,21.6,0.0,79.1,1.9
3994,2,2024-06-14,晴れ,25.1,17.3,21.2,0.0,57.0,1.8
3995,3,2024-06-14,晴れ,19.5,11.9,15.7,0.0,65.5,3.5
3996,4,2024-06-14,曇り,24.7,16.5,20.6,0.0,68.6,2.2
3997,1,2024-06-15,晴れ,26.7,18.4,22.5,0.0,73.6,3.3
3998,2,2024-06-15,曇り,25.9,17.9,21.9,0.0,76.8,2.2
3999,3,2024-06-15,曇り,19.5,11.8,15.7,0.0,67.8,1.6
4000,4,2024-06-15,曇り,22.7,14.8,18.8,0.0,73.0,1.0
4001,1,2024-06-16,雨,25.2,17.3,21.2,37.8,86.7,5.1
4002,2,2024-06-16,雨,26.0,18.0,22.0,6.7,97.2,3.2
4003,3,2024-06-16,雨,21.9,13.7,17.8,6.9,91.6,3.6
4004,4,2024-06-16,雨,21.7,14.0,17.9,16.9,97.5,3.6
4005,1,2024-06-17,雷雨,26.7,18.9,22.8,31.0,97.7,3.5
4006,2,2024-06-17,雨,28.4,20.5,24.4,3.9,86.4,4.2
4007,3,2024-06-17,雨,24.2,16.1,20.1,7.6,90.7,2.2
4008,4,2024-06-17,雷雨,27.4,19.1,23.2,1.0,99.0,3.7
4009,1,2024-06-18,曇り,29.8,21.8,25.8,0.0,77.0,1.2
4010,2,2024-06-18,晴れ,30.2,22.2,26.2,0.0,68.7,2.1
4011,3,2024-06-18,曇り,25.6,17.5,21.6,0.0,75.2,3.3
4012,4,2024-06-18,晴れ,27.3,19.3,23.3,0.0,65.0,3.6
4013,1,2024-06-19,雷雨,26.4,18.5,22.4,7.2,97.8,3.8
4014,2,2024-06-19,雨,27.7,19.7,23.7,0.5,96.1,3.3
4015,3,2024-06-19,雷雨,22.0,14.1,18.1,55.2,90.0,1.9
4016,4,2024-06-19,雨,24.3,16.3,20.3,21.3,96.6,3.7
4017,1,2024-06-20,曇り,27.0,19.1,23.1,0.0,75.3,1.3
4018,2,2024-06-20,曇り,27.3,19.4,23.4,0.0,69.9,1.2
4019,3,2024-06-20,晴れ,22.6,14.7,18.6,0.0,69.4,2.7
4020,4,2024-06-20,曇り,26.8,18.4,22.6,0.0,84.9,3.0
4021,1,2024-06-21,晴れ,28.4,20.3,24.4,0.0,65.9,2.1
4022,2,2024-06-21,曇り,26.1,18.6,22.4,0.0,77.2,2.2
4023,3,2024-06-21,曇り,23.2,15.3,19.2,0.0,71.9,2.1
4024,4,2024-06-21,曇り,26.5,18.3,22.4,0.0,83.6,2.4
4025,1,2024-06-22,雨,28.8,20.6,24.7,8.1,90.4,1.7
4026,2,2024-06-22,雨,27.1,19.3,23.2,21.5,99.0,3.8
4027,3,2024-06-22,雷雨,23.5,15.4,19.4,27.4,99.0,4.3
4028,4,2024-06-22,雷雨,25.1,17.2,21.1,20.6,89.2,4.6
4029,1,2024-06-23,雨,30.7,22.4,26.5,33.2,99.0,3.7
4030,2,2024-06-23,雷雨,29.4,21.5,25.4,24.7,99.0,3.1
4031,3,2024-06-23,雨,25.2,17.1,21.1,12.6,89.9,2.5
4032,4,2024-06-23,雨,27.0,19.0,23.0,45.3,92.1,3.3
4033,1,2024-06-24,曇り,31.1,23.1,27.1,0.0,68.8,1.5
4034,2,2024-06-24,晴れ,30.2,22.5,26.4,0.0,74.6,1.0
4035,3,2024-06-24,曇り,27.4,19.3,23.4,0.0,82.1,0.5
4036,4,2024-06-24,曇り,29.8,21.7,25.8,0.0,68.4,1.9
4037,1,2024-06-25,曇り,29.4,21.6,25.5,0.0,66.2,0.2
4038,2,2024-06-25,曇り,32.1,23.9,28.0,0.0,70.1,2.5
4039,3,2024-06-25,曇り,27.0,18.8,22.9,0.0,69.9,3.8
4040,4,2024-06-25,曇り,29.2,21.0,25.1,0.0,75.1,0.2
4041,1,2024-06-26,曇り,31.0,22.8,26.9,0.0,77.0,3.5
4042,2,2024-06-26,曇り,31.3,23.1,27.2,0.0,76.2,1.3
4043,3,2024-06-26,晴れ,26.3,18.2,22.2,0.0,72.5,2.2
4044,4,2024-06-26,曇り,27.9,19.9,23.9,0.0,80.4,2.5
4045,1,2024-06-27,曇り,29.4,21.2,25.3,0.0,89.1,2.2
4046,2,2024-06-27,曇り,29.6,21.5,25.6,0.0,84.6,3.6
4047,3,2024-06-27,晴れ,23.3,15.4,19.4,0.0,65.7,2.8
4048,4,2024-06-27,曇り,25.5,17.7,21.6,0.0,75.7,2.3
4049,1,2024-06-28,曇り,27.1,19.1,23.1,0.0,85.1,1.8
4050,2,2024-06-28,曇り,26.2,18.5,22.4,0.0,78.0,2.4
4051,3,2024-06-28,曇り,21.9,14.1,18.0,0.0,80.6,3.6
4052,4,2024-06-28,晴れ,25.1,17.1,21.1,0.0,61.4,3.8
4053,1,2024-06-29,雨,29.7,21.6,25.6,8.7,89.6,4.3
4054,2,2024-06-29,雷雨,30.3,22.3,26.3,22.9,99.0,3.3
4055,3,2024-06-29,雷雨,26.1,17.9,22.0,9.4,99.0,4.0
4056,4,2024-06-29,雨,27.9,19.8,23.9,8.4,97.9,3.1
4057,1,2024-06-30,晴れ,31.4,23.5,27.4,0.0,75.2,0.8
4058,2,2024-06-30,曇り,31.0,23.4,27.2,0.0,81.1,2.3
4059,3,2024-06-30,曇り,27.9,19.8,23.9,0.0,83.3,2.2
4060,4,2024-06-30,晴れ,30.5,22.3,26.4,0.0,68.1,1.3
4061,1,2024-07-01,曇り,33.2,25.0,29.1,0.0,76.1,1.6
4062,2,2024-07-01,曇り,33.6,25.4,29.5,0.0,71.6,3.9
4063,3,2024-07-01,曇り,27.2,19.3,23.2,0.0,94.3,4.0
4064,4,2024-07-01,晴れ,29.2,21.4,25.3,0.0,68.3,2.1
4065,1,2024-07-02,雨,30.7,22.4,26.5,8.9,99.0,2.5
4066,2,2024-07-02,雨,28.2,20.5,24.4,6.0,99.0,2.9
4067,3,2024-07-02,雨,23.9,16.1,20.0,10.0,85.9,2.9
4068,4,2024-07-02,雨,26.9,19.0,22.9,60.6,95.3,1.7
4069,1,2024-07-03,晴れ,25.8,17.9,21.9,0.0,69.7,1.1
4070,2,2024-07-03,曇り,27.5,19.4,23.4,0.0,81.1,0.4
4071,3,2024-07-03,晴れ,22.2,14.2,18.2,0.0,71.1,1.1
4072,4,2024-07-03,晴れ,23.9,16.0,19.9,0.0,55.1,1.7
4073,1,2024-07-04,雨,28.1,19.8,24.0,12.4,99.0,3.3
4074,2,2024-07-04,雷雨,28.7,20.4,24.5,20.6,96.1,5.0
4075,3,2024-07-04,雨,23.1,14.9,19.0,0.5,89.2,3.8
4076,4,2024-07-04,雨,24.1,16.1,20.1,2.8,97.9,2.4
4077,1,2024-07-05,雨,23.7,16.0,19.9,7.5,91.0,3.7
4078,2,2024-07-05,雨,26.0,17.9,21.9,8.0,89.7,4.3
4079,3,2024-07-05,雨,20.7,12.6,16.6,6.5,97.6,5.1
4080,4,2024-07-05,雨,24.0,15.7,19.9,13.9,88.0,2.8
4081,1,2024-07-06,晴れ,28.7,20.5,24.6,0.0,75.9,2.5
4082,2,2024-07-06,曇り,27.2,19.4,23.3,0.0,80.5,0.2
4083,3,2024-07-06,晴れ,23.9,15.7,19.8,0.0,64.5,2.5
4084,4,2024-07-06,曇り,27.6,19.1,23.4,0.0,81.1,3.6
4085,1,2024-07-07,曇り,29.0,20.9,24.9,0.0,80.3,2.4
4086,2,2024-07-07,晴れ,31.3,22.9,27.1,0.0,73.6,2.5
4087,3,2024-07-07,曇り,22.6,15.0,18.8,0.0,77.6,4.3
4088,4,2024-07-07,晴れ,25.6,17.8,21.7,0.0,60.0,1.1
4089,1,2024-07-08,雨,28.6,20.6,24.6,7.0,99.0,4.6
4090,2,2024-07-08,雨,29.5,21.5,25.5,7.0,99.0,3.2
4091,3,2024-07-08,雨,24.1,16.1,20.1,6.5,99.0,2.6
4092,4,2024-07-08,雨,25.4,17.6,21.5,38.8,98.1,2.6
4093,1,2024-07-09,曇り,25.7,17.9,21.8,0.0,75.1,1.1
4094,2,2024-07-09,晴れ,25.6,18.0,21.8,0.0,66.8,0.6
4095,3,2024-07-09,晴れ,22.5,14.6,18.6,0.0,66.9,1.5
4096,4,2024-07-09,曇り,24.0,16.2,20.1,0.0,77.1,2.3
4097,1,2024-07-10,雷雨,28.2,20.1,24.1,47.5,99.0,4.8
4098,2,2024-07-10,雨,29.6,21.4,25.5,4.9,97.7,3.9
4099,3,2024-07-10,雨,21.7,14.1,17.9,7.7,83.6,2.4
4100,4,2024-07-10,雨,25.3,17.3,21.3,5.6,99.0,3.0
4101,1,2024-07-11,曇り,29.8,21.7,25.8,0.0,68.8,1.8
4102,2,2024-07-11,晴れ,32.1,23.6,27.9,0.0,71.8,1.4
4103,3,2024-07-11,晴れ,24.5,16.6,20.6,0.0,66.5,4.0
4104,4,2024-07-11,曇り,26.7,18.8,22.8,0.0,90.8,2.6
4105,1,2024-07-12,雨,26.8,19.2,23.0,7.4,90.8,2.9
4106,2,2024-07-12,雨,28.0,20.3,24.1,8.7,99.0,2.3
4107,3,2024-07-12,雷雨,24.0,16.0,20.0,28.6,93.1,5.2
4108,4,2024-07-12,雨,25.7,17.8,21.8,0.5,96.5,4.4
4109,1,2024-07-13,曇り,28.9,20.8,24.9,0.0,65.5,3.1
4110,2,2024-07-13,曇り,28.6,20.6,24.6,0.0,87.1,2.7
4111,3,2024-07-13,曇り,24.3,16.2,20.2,0.0,77.8,2.8
4112,4,2024-07-13,晴れ,27.3,19.0,23.1,0.0,58.7,1.2
4113,1,2024-07-14,晴れ,28.5,20.5,24.5,0.0,66.6,1.8
4114,2,2024-07-14,晴れ,29.0,21.0,25.0,0.0,63.4,1.5
4115,3,2024-07-14,晴れ,20.7,13.3,17.0,0.0,57.9,2.7
4116,4,2024-07-14,晴れ,26.3,18.2,22.2,0.0,69.5,3.4
4117,1,2024-07-15,雨,31.9,23.4,27.6,49.5,99.0,1.8
4118,2,2024-07-15,雷雨,30.6,22.5,26.6,4.6,99.0,3.6
4119,3,2024-07-15,雨,24.4,16.5,20.4,12.6,99.0,2.1
4120,4,2024-07-15,雨,26.3,18.5,22.4,20.4,92.0,4.2
4121,1,2024-07-16,晴れ,31.7,23.6,27.6,0.0,52.4,3.1
4122,2,2024-07-16,曇り,31.6,23.7,27.6,0.0,73.2,1.8
4123,3,2024-07-16,曇り,28.3,20.0,24.1,0.0,78.0,3.0
4124,4,2024-07-16,曇り,29.4,21.3,25.4,0.0,90.2,2.1
4125,1,2024-07-17,雨,31.1,23.2,27.1,0.5,99.0,4.2
4126,2,2024-07-17,雨,31.9,24.0,27.9,14.5,96.0,4.3
4127,3,2024-07-17,雨,28.1,20.0,24.1,11.4,93.0,1.1
4128,4,2024-07-17,雨,29.2,21.2,25.2,5.2,86.3,1.2
4129,1,2024-07-18,晴れ,33.0,24.7,28.9,0.0,59.6,0.3
4130,2,2024-07-18,晴れ,31.1,23.3,27.2,0.0,71.6,1.8
4131,3,2024-07-18,晴れ,26.7,18.8,22.8,0.0,54.6,1.0
4132,4,2024-07-18,曇り,28.8,20.9,24.9,0.0,77.4,2.0
4133,1,2024-07-19,雨,32.4,24.2,28.3,0.5,99.0,3.2
4134,2,2024-07-19,雨,32.7,24.7,28.7,21.3,97.5,4.1
4135,3,2024-07-19,雨,28.1,19.9,24.0,9.6,83.5,4.2
4136,4,2024-07-19,雨,31.4,23.0,27.2,36.5,99.0,4.2
4137,1,2024-07-20,晴れ,29.1,21.6,25.4,0.0,57.4,3.0
4138,2,2024-07-20,晴れ,32.6,24.5,28.6,0.0,60.6,2.9
4139,3,2024-07-20,曇り,26.6,18.7,22.6,0.0,75.2,0.2
4140,4,2024-07-20,曇り,27.7,19.9,23.8,0.0,88.8,2.1
4141,1,2024-07-21,晴れ,30.9,22.9,26.9,0.0,66.0,3.2
4142,2,2024-07-21,曇り,32.2,24.1,28.2,0.0,78.7,2.9
4143,3,2024-07-21,晴れ,26.4,18.4,22.4,0.0,65.2,1.8
4144,4,2024-07-21,晴れ,30.7,22.3,26.5,0.0,68.5,0.9
4145,1,2024-07-22,雨,32.4,24.3,28.4,9.2,82.6,3.2
4146,2,2024-07-22,雨,32.7,24.7,28.7,50.1,99.0,5.2
4147,3,2024-07-22,雨,29.2,20.8,25.0,7.7,94.8,4.2
4148,4,2024-07-22,雨,29.4,21.4,25.4,10.3,92.1,4.6
4149,1,2024-07-23,雨,29.5,21.4,25.4,18.5,95.7,3.7
4150,2,2024-07-23,雨,30.7,22.4,26.5,5.4,95.3,2.5
4151,3,2024-07-23,雨,26.0,17.7,21.9,0.5,94.6,3.2
4152,4,2024-07-23,雨,27.9,19.7,23.8,64.5,99.0,3.8
4153,1,2024-07-24,曇り,27.7,19.8,23.8,0.0,81.7,3.9
4154,2,2024-07-24,曇り,29.7,21.4,25.5,0.0,79.7,3.6
4155,3,2024-07-24,曇り,24.4,16.2,20.3,0.0,66.6,2.4
4156,4,2024-07-24,晴れ,26.3,18.2,22.2,0.0,62.1,3.2
4157,1,2024-07-25,晴れ,26.6,18.4,22.5,0.0,60.1,3.7
4158,2,2024-07-25,曇り,28.0,19.7,23.9,0.0,77.4,1.9
4159,3,2024-07-25,晴れ,22.6,14.4,18.5,0.0,59.0,3.3
4160,4,2024-07-25,曇り,24.9,16.7,20.8,0.0,78.8,0.5
4161,1,2024-07-26,雨,30.0,21.9,25.9,7.3,97.8,2.7
4162,2,2024-07-26,雨,30.0,22.0,26.0,6.8,86.9,1.4
4163,3,2024-07-26,雷雨,26.1,17.8,22.0,38.2,96.5,2.6
4164,4,2024-07-26,雨,27.0,19.1,23.1,9.6,93.5,3.7
4165,1,2024-07-27,雨,31.0,22.8,26.9,7.5,88.3,5.9
4166,2,2024-07-27,雷雨,31.0,22.9,26.9,29.5,99.0,2.6
4167,3,2024-07-27,雨,28.2,19.7,23.9,9.9,97.4,4.7
4168,4,2024-07-27,雨,29.3,21.0,25.1,17.2,94.4,4.0
4169,1,2024-07-28,曇り,32.3,24.0,28.1,0.0,85.1,3.0
4170,2,2024-07-28,晴れ,32.8,24.5,28.6,0.0,59.0,1.9
4171,3,2024-07-28,曇り,30.4,21.6,26.0,0.0,72.0,2.9
4172,4,2024-07-28,曇り,28.8,20.7,24.8,0.0,76.2,1.2
4173,1,2024-07-29,曇り,32.9,24.2,28.5,0.0,62.1,4.7
4174,2,2024-07-29,曇り,32.2,23.8,28.0,0.0,71.6,1.8
4175,3,2024-07-29,曇り,28.5,19.9,24.2,0.0,78.7,2.2
4176,4,2024-07-29,曇り,30.5,21.9,26.2,0.0,88.2,2.5
4177,1,2024-07-30,雨,34.7,26.0,30.4,7.3,92.1,4.7
4178,2,2024-07-30,雨,35.0,26.4,30.7,10.5,93.6,3.6
4179,3,2024-07-30,雨,28.9,20.5,24.7,40.9,85.5,2.5
4180,4,2024-07-30,雨,32.1,23.5,27.8,12.2,96.0,5.2
4181,1,2024-07-31,雷雨,32.1,23.5,27.8,8.0,94.4,3.4
4182,2,2024-07-31,雨,33.0,24.4,28.7,16.0,87.5,4.5
4183,3,2024-07-31,雨,28.1,19.4,23.8,12.1,91.7,2.4
4184,4,2024-07-31,雨,29.4,20.9,25.1,0.5,99.0,3.8
4185,1,2024-08-01,晴れ,32.6,23.9,28.2,0.0,76.3,2.2
4186,2,2024-08-01,曇り,31.9,23.5,27.7,0.0,89.5,0.2
4187,3,2024-08-01,曇り,28.9,20.1,24.5,0.0,79.6,1.4
4188,4,2024-08-01,晴れ,30.7,22.0,26.4,0.0,72.1,3.8
4189,1,2024-08-02,晴れ,33.7,25.0,29.4,0.0,81.7,2.9
4190,2,2024-08-02,晴れ,35.0,26.2,30.6,0.0,75.9,1.0
4191,3,2024-08-02,晴れ,28.9,20.3,24.6,0.0,62.5,3.1
4192,4,2024-08-02,晴れ,31.1,22.5,26.8,0.0,51.4,1.3
4193,1,2024-08-03,曇り,31.8,23.1,27.5,0.0,72.8,0.5
4194,2,2024-08-03,曇り,32.6,23.9,28.2,0.0,83.9,0.2
4195,3,2024-08-03,晴れ,27.7,19.0,23.4,0.0,62.8,2.0
4196,4,2024-08-03,晴れ,30.2,21.4,25.8,0.0,65.5,1.6
4197,1,2024-08-04,雷雨,30.7,22.1,26.4,44.2,96.2,4.7
4198,2,2024-08-04,雨,32.3,23.5,27.9,1.6,99.0,2.3
4199,3,2024-08-04,雨,25.5,17.0,21.2,9.8,97.5,3.3
4200,4,2024-08-04,雨,29.1,20.4,24.8,7.3,89.7,4.6
4201,1,2024-08-05,雨,30.9,21.9,26.4,2.0,99.0,2.7
4202,2,2024-08-05,雨,32.3,23.1,27.7,1.3,94.9,2.2
4203,3,2024-08-05,雷雨,24.0,15.5,19.8,24.4,99.0,5.1
4204,4,2024-08-05,雨,29.1,20.0,24.6,0.5,95.3,4.7
4205,1,2024-08-06,雨,30.5,21.2,25.9,6.4,95.6,2.6
4206,2,2024-08-06,雨,28.7,20.0,24.4,13.5,98.1,2.9
4207,3,2024-08-06,雨,23.6,14.9,19.2,11.7,88.7,4.0
4208,4,2024-08-06,雷雨,26.2,17.3,21.8,46.8,98.2,3.5
4209,1,2024-08-07,晴れ,32.2,23.3,27.8,0.0,69.9,0.2
4210,2,2024-08-07,晴れ,33.7,24.6,29.2,0.0,61.8,0.8
4211,3,2024-08-07,曇り,26.0,17.4,21.7,0.0,77.6,4.1
4212,4,2024-08-07,晴れ,30.0,21.1,25.6,0.0,69.6,1.5
4213,1,2024-08-08,雨,29.1,20.5,24.8,15.5,99.0,1.9
4214,2,2024-08-08,雷雨,30.4,21.7,26.0,24.5,95.4,3.9
4215,3,2024-08-08,雷雨,26.1,17.2,21.6,70.6,94.6,3.3
4216,4,2024-08-08,雨,29.5,20.4,24.9,6.9,86.2,2.9
4217,1,2024-08-09,晴れ,29.4,20.7,25.0,0.0,47.9,2.1
4218,2,2024-08-09,晴れ,30.5,21.6,26.1,0.0,65.9,2.0
4219,3,2024-08-09,晴れ,24.8,16.1,20.5,0.0,60.1,0.7
4220,4,2024-08-09,曇り,27.7,18.9,23.3,0.0,67.6,2.7
4221,1,2024-08-10,曇り,31.7,22.9,27.3,0.0,86.6,1.5
4222,2,2024-08-10,曇り,32.8,23.9,28.3,0.0,75.7,3.5
4223,3,2024-08-10,曇り,29.1,19.9,24.5,0.0,67.9,1.2
4224,4,2024-08-10,晴れ,28.5,19.8,24.1,0.0,66.9,2.9
4225,1,2024-08-11,曇り,29.0,20.5,24.8,0.0,69.7,3.7
4226,2,2024-08-11,曇り,32.4,23.4,27.9,0.0,83.0,1.6
4227,3,2024-08-11,曇り,28.5,19.2,23.9,0.0,77.6,2.6
4228,4,2024-08-11,晴れ,29.1,20.1,24.6,0.0,62.8,1.2
4229,1,2024-08-12,晴れ,31.6,22.6,27.1,0.0,64.1,2.2
4230,2,2024-08-12,晴れ,32.2,23.2,27.7,0.0,64.4,3.6
4231,3,2024-08-12,晴れ,27.4,18.4,22.9,0.0,57.4,1.2
4232,4,2024-08-12,曇り,29.9,20.8,25.4,0.0,76.1,2.7
4233,1,2024-08-13,曇り,33.3,24.1,28.7,0.0,76.0,1.2
4234,2,2024-08-13,晴れ,35.0,25.6,30.3,0.0,74.0,2.4
4235,3,2024-08-13,晴れ,27.6,18.7,23.1,0.0,62.7,2.9
4236,4,2024-08-13,晴れ,30.0,21.0,25.5,0.0,64.4,1.8
4237,1,2024-08-14,晴れ,34.9,25.8,30.4,0.0,62.5,1.9
4238,2,2024-08-14,晴れ,34.8,25.8,30.3,0.0,55.8,1.6
4239,3,2024-08-14,晴れ,27.6,19.0,23.3,0.0,71.0,1.9
4240,4,2024-08-14,曇り,31.7,22.8,27.2,0.0,73.8,2.3
4241,1,2024-08-15,雨,28.8,20.1,24.5,10.8,99.0,2.6
4242,2,2024-08-15,雨,30.5,21.5,26.0,10.7,87.4,2.3
4243,3,2024-08-15,雷雨,25.7,16.7,21.2,22.6,95.0,4.5
4244,4,2024-08-15,雷雨,28.7,19.6,24.1,11.1,93.8,5.8
4245,1,2024-08-16,雷雨,31.6,22.7,27.1,45.1,99.0,3.6
4246,2,2024-08-16,雨,31.8,23.0,27.4,60.7,86.6,3.8
4247,3,2024-08-16,雷雨,28.0,19.0,23.5,52.8,94.2,2.4
4248,4,2024-08-16,雨,31.0,21.8,26.4,6.7,92.0,4.2
4249,1,2024-08-17,曇り,31.2,22.4,26.8,0.0,82.1,2.8
4250,2,2024-08-17,曇り,32.3,23.4,27.8,0.0,79.1,0.2
4251,3,2024-08-17,曇り,26.8,17.9,22.4,0.0,79.6,3.8
4252,4,2024-08-17,曇り,29.4,20.4,24.9,0.0,68.2,3.2
4253,1,2024-08-18,晴れ,31.8,22.9,27.4,0.0,80.5,4.4
4254,2,2024-08-18,晴れ,33.1,24.0,28.6,0.0,68.2,1.7
4255,3,2024-08-18,曇り,28.3,19.2,23.8,0.0,89.4,3.1
4256,4,2024-08-18,晴れ,27.6,19.1,23.4,0.0,69.5,2.6
4257,1,2024-08-19,雨,31.1,22.3,26.7,17.0,99.0,2.5
4258,2,2024-08-19,雨,33.4,24.2,28.8,0.5,99.0,2.4
4259,3,2024-08-19,雨,25.5,16.9,21.2,7.4,93.5,3.2
4260,4,2024-08-19,雨,29.2,20.3,24.8,1.9,98.6,2.6
4261,1,2024-08-20,雨,30.3,21.3,25.8,53.0,84.2,4.8
4262,2,2024-08-20,雷雨,29.6,20.9,25.2,7.5,88.8,1.2
4263,3,2024-08-20,雨,24.5,15.8,20.1,28.9,91.2,4.1
4264,4,2024-08-20,雨,28.7,19.6,24.1,9.8,98.7,2.5
4265,1,2024-08-21,雨,31.4,22.4,26.9,1.4,91.9,3.3
4266,2,2024-08-21,雨,30.2,21.5,25.9,11.7,96.1,5.6
4267,3,2024-08-21,雨,27.2,18.1,22.6,9.3,93.8,1.4
4268,4,2024-08-21,雨,28.9,19.9,24.4,14.5,76.8,2.6
4269,1,2024-08-22,晴れ,28.7,20.2,24.4,0.0,66.6,1.6
4270,2,2024-08-22,晴れ,31.1,22.3,26.7,0.0,64.3,3.0
4271,3,2024-08-22,晴れ,25.6,16.8,21.2,0.0,49.2,4.4
4272,4,2024-08-22,晴れ,29.3,20.3,24.8,0.0,64.5,3.7
4273,1,2024-08-23,晴れ,29.7,20.8,25.2,0.0,66.3,2.5
4274,2,2024-08-23,晴れ,29.8,21.0,25.4,0.0,67.1,0.8
4275,3,2024-08-23,曇り,24.1,15.4,19.8,0.0,78.6,3.7
4276,4,2024-08-23,晴れ,27.4,18.5,22.9,0.0,70.5,1.1
4277,1,2024-08-24,曇り,29.0,20.2,24.6,0.0,76.0,2.7
4278,2,2024-08-24,晴れ,30.0,21.1,25.6,0.0,71.7,1.9
4279,3,2024-08-24,曇り,24.9,16.0,20.4,0.0,77.2,1.5
4280,4,2024-08-24,晴れ,26.6,17.8,22.2,0.0,62.3,1.0
4281,1,2024-08-25,曇り,30.7,21.6,26.1,0.0,74.6,3.4
4282,2,2024-08-25,曇り,26.6,18.4,22.5,0.0,79.3,1.1
4283,3,2024-08-25,曇り,25.8,16.7,21.2,0.0,80.9,1.8
4284,4,2024-08-25,曇り,27.0,18.1,22.6,0.0,74.7,1.4
4285,1,2024-08-26,晴れ,32.0,23.0,27.5,0.0,62.7,2.6
4286,2,2024-08-26,晴れ,31.7,22.9,27.3,0.0,58.1,0.8
4287,3,2024-08-26,晴れ,26.8,18.0,22.4,0.0,66.0,0.9
4288,4,2024-08-26,曇り,29.5,20.6,25.1,0.0,69.0,2.3
4289,1,2024-08-27,晴れ,30.9,22.3,26.6,0.0,65.2,3.9
4290,2,2024-08-27,晴れ,31.2,22.6,26.9,0.0,55.3,1.7
4291,3,2024-08-27,晴れ,27.0,18.3,22.6,0.0,68.7,3.0
4292,4,2024-08-27,晴れ,29.3,20.6,25.0,0.0,71.9,1.3
4293,1,2024-08-28,曇り,31.9,23.4,27.6,0.0,72.7,4.7
4294,2,2024-08-28,曇り,33.9,25.1,29.5,0.0,80.7,4.2
4295,3,2024-08-28,曇り,28.2,19.5,23.9,0.0,90.0,1.0
4296,4,2024-08-28,曇り,30.8,22.1,26.5,0.0,66.6,1.7
4297,1,2024-08-29,曇り,29.8,21.1,25.5,0.0,79.8,2.9
4298,2,2024-08-29,晴れ,29.5,20.9,25.2,0.0,63.3,2.3
4299,3,2024-08-29,晴れ,25.7,16.8,21.2,0.0,61.8,1.8
4300,4,2024-08-29,晴れ,25.9,17.5,21.7,0.0,61.5,1.4
4301,1,2024-08-30,晴れ,28.8,20.2,24.5,0.0,57.9,1.6
4302,2,2024-08-30,曇り,30.2,21.4,25.8,0.0,86.7,2.2
4303,3,2024-08-30,晴れ,21.4,13.4,17.4,0.0,60.6,0.8
4304,4,2024-08-30,曇り,26.1,17.6,21.9,0.0,81.1,2.0
4305,1,2024-08-31,晴れ,29.8,21.3,25.6,0.0,56.5,1.4
4306,2,2024-08-31,曇り,29.6,21.3,25.5,0.0,66.0,2.9
4307,3,2024-08-31,晴れ,25.5,17.0,21.2,0.0,72.3,2.0
4308,4,2024-08-31,晴れ,25.9,17.8,21.9,0.0,64.6,2.1
4309,1,2024-09-01,雨,31.7,23.3,27.5,5.2,91.9,5.2
4310,2,2024-09-01,雨,32.0,23.7,27.9,0.5,88.6,4.3
4311,3,2024-09-01,雨,27.9,19.4,23.6,43.9,98.7,3.2
4312,4,2024-09-01,雨,30.5,22.0,26.2,4.3,89.3,5.2
4313,1,2024-09-02,雨,29.7,21.3,25.5,5.5,99.0,6.2
4314,2,2024-09-02,雨,30.7,22.3,26.5,7.7,82.4,6.8
4315,3,2024-09-02,雨,26.3,17.7,22.0,23.3,87.2,4.0
4316,4,2024-09-02,雨,28.8,20.2,24.5,0.5,95.7,5.4
4317,1,2024-09-03,曇り,29.6,21.0,25.3,0.0,76.0,4.6
4318,2,2024-09-03,晴れ,28.5,20.2,24.4,0.0,61.2,4.1
4319,3,2024-09-03,晴れ,23.6,15.2,19.4,0.0,63.8,4.9
4320,4,2024-09-03,曇り,26.8,18.3,22.6,0.0,68.0,4.5
4321,1,2024-09-04,曇り,27.7,19.3,23.5,0.0,77.1,4.3
4322,2,2024-09-04,曇り,27.0,18.8,22.9,0.0,79.7,3.3
4323,3,2024-09-04,曇り,23.7,15.1,19.4,0.0,73.9,3.3
4324,4,2024-09-04,曇り,24.2,16.0,20.1,0.0,78.6,3.6
4325,1,2024-09-05,曇り,25.4,17.1,21.2,0.0,70.4,4.4
4326,2,2024-09-05,曇り,24.5,16.5,20.5,0.0,66.8,4.5
4327,3,2024-09-05,曇り,21.1,12.7,16.9,0.0,83.0,4.3
4328,4,2024-09-05,晴れ,22.0,14.0,18.0,0.0,60.9,4.6
4329,1,2024-09-06,曇り,24.8,16.5,20.6,0.0,87.6,2.7
4330,2,2024-09-06,晴れ,27.0,18.4,22.7,0.0,72.7,3.1
4331,3,2024-09-06,晴れ,21.8,13.3,17.6,0.0,63.1,4.5
4332,4,2024-09-06,晴れ,25.5,16.7,21.1,0.0,63.9,3.6
4333,1,2024-09-07,晴れ,26.6,18.3,22.5,0.0,71.3,3.4
4334,2,2024-09-07,曇り,26.8,18.6,22.7,0.0,75.1,5.2
4335,3,2024-09-07,晴れ,20.7,12.7,16.7,0.0,71.7,2.5
4336,4,2024-09-07,晴れ,23.6,15.4,19.5,0.0,59.7,3.6
4337,1,2024-09-08,晴れ,24.1,16.2,20.1,0.0,70.4,1.8
4338,2,2024-09-08,曇り,27.2,18.8,23.0,0.0,83.2,2.1
4339,3,2024-09-08,晴れ,20.0,12.1,16.1,0.0,67.2,5.4
4340,4,2024-09-08,曇り,24.9,16.4,20.6,0.0,73.8,3.0
4341,1,2024-09-09,雨,26.2,17.8,22.0,3.9,83.2,6.9
4342,2,2024-09-09,雨,23.4,15.6,19.5,10.4,96.6,5.6
4343,3,2024-09-09,雨,20.8,12.6,16.7,6.9,99.0,5.8
4344,4,2024-09-09,雨,22.1,14.0,18.1,1.9,94.0,3.9
4345,1,2024-09-10,曇り,25.0,17.2,21.1,0.0,82.3,2.8
4346,2,2024-09-10,晴れ,27.8,19.5,23.6,0.0,61.5,4.4
4347,3,2024-09-10,曇り,24.0,15.4,19.7,0.0,76.8,2.4
4348,4,2024-09-10,晴れ,23.8,15.8,19.8,0.0,62.4,3.6
4349,1,2024-09-11,雨,28.1,19.7,23.9,11.9,96.0,6.1
4350,2,2024-09-11,雨,27.6,19.4,23.5,1.4,92.8,6.7
4351,3,2024-09-11,雨,22.0,13.9,17.9,12.0,94.5,4.0
4352,4,2024-09-11,雨,22.9,15.1,19.0,4.7,94.6,4.6
4353,1,2024-09-12,晴れ,24.3,16.6,20.5,0.0,69.4,4.9
4354,2,2024-09-12,晴れ,27.5,19.3,23.4,0.0,62.6,4.9
4355,3,2024-09-12,曇り,21.3,13.3,17.3,0.0,86.8,5.0
4356,4,2024-09-12,曇り,25.1,16.8,21.0,0.0,74.1,4.0
4357,1,2024-09-13,晴れ,25.5,17.4,21.4,0.0,69.8,5.0
4358,2,2024-09-13,曇り,25.3,17.4,21.4,0.0,73.0,4.8
4359,3,2024-09-13,曇り,20.5,12.5,16.5,0.0,80.0,2.3
4360,4,2024-09-13,曇り,23.4,15.3,19.4,0.0,76.3,4.7
4361,1,2024-09-14,晴れ,23.6,16.2,19.9,0.0,62.0,2.6
4362,2,2024-09-14,曇り,27.0,19.0,23.0,0.0,81.1,3.9
4363,3,2024-09-14,曇り,22.5,14.4,18.4,0.0,75.7,3.0
4364,4,2024-09-14,晴れ,25.2,17.0,21.1,0.0,62.8,4.9
4365,1,2024-09-15,晴れ,25.4,17.5,21.4,0.0,69.5,4.1
4366,2,2024-09-15,晴れ,28.2,19.9,24.0,0.0,62.1,4.7
4367,3,2024-09-15,晴れ,21.0,13.2,17.1,0.0,58.9,4.0
4368,4,2024-09-15,曇り,25.0,16.8,20.9,0.0,79.7,2.5
4369,1,2024-09-16,晴れ,27.3,18.9,23.1,0.0,53.7,3.2
4370,2,2024-09-16,晴れ,24.5,16.8,20.6,0.0,67.5,4.8
4371,3,2024-09-16,曇り,21.0,13.0,17.0,0.0,85.6,3.8
4372,4,2024-09-16,曇り,23.7,15.6,19.6,0.0,82.6,4.7
4373,1,2024-09-17,雨,26.8,18.6,22.7,13.3,98.6,3.8
4374,2,2024-09-17,雨,25.2,17.5,21.4,3.0,95.2,5.7
4375,3,2024-09-17,雨,21.1,13.2,17.1,16.0,82.1,6.3
4376,4,2024-09-17,雨,23.0,15.1,19.1,0.5,92.4,5.5
4377,1,2024-09-18,晴れ,21.1,13.4,17.2,0.0,60.7,4.2
4378,2,2024-09-18,曇り,22.5,14.5,18.5,0.0,83.9,3.7
4379,3,2024-09-18,晴れ,17.1,9.2,13.2,0.0,66.5,3.0
4380,4,2024-09-18,曇り,21.3,13.1,17.2,0.0,77.5,4.3
4381,1,2024-09-19,雨,23.3,14.9,19.1,8.3,88.6,5.8
4382,2,2024-09-19,雨,22.5,14.3,18.4,5.7,97.9,5.3
4383,3,2024-09-19,雨,17.0,8.9,12.9,4.0,95.0,3.9
4384,4,2024-09-19,雨,19.3,11.2,15.2,6.9,98.2,4.4
4385,1,2024-09-20,雨,23.1,15.2,19.1,3.3,87.5,6.7
4386,2,2024-09-20,雨,23.2,15.4,19.3,12.9,88.5,3.8
4387,3,2024-09-20,雨,21.5,13.0,17.2,7.7,97.2,6.4
4388,4,2024-09-20,雨,19.4,11.8,15.6,10.8,98.3,4.9
4389,1,2024-09-21,雨,24.5,16.3,20.4,0.5,96.5,5.1
4390,2,2024-09-21,雨,25.4,17.2,21.3,15.3,90.9,5.8
4391,3,2024-09-21,雨,20.4,12.2,16.3,0.8,93.3,5.1
4392,4,2024-09-21,雨,21.6,13.6,17.6,1.0,94.2,4.5
4393,1,2024-09-22,晴れ,24.0,16.0,20.0,0.0,71.5,4.0
4394,2,2024-09-22,晴れ,24.9,16.7,20.8,0.0,58.2,5.3
4395,3,2024-09-22,曇り,21.9,13.3,17.6,0.0,76.2,3.2
4396,4,2024-09-22,曇り,21.3,13.3,17.3,0.0,82.8,4.6
4397,1,2024-09-23,曇り,23.5,15.5,19.5,0.0,70.6,4.0
4398,2,2024-09-23,曇り,25.4,17.2,21.3,0.0,78.1,2.9
4399,3,2024-09-23,晴れ,22.6,13.9,18.2,0.0,61.2,5.5
4400,4,2024-09-23,曇り,21.9,13.8,17.9,0.0,72.0,3.9
4401,1,2024-09-24,晴れ,26.7,18.3,22.5,0.0,57.6,2.8
4402,2,2024-09-24,晴れ,26.1,17.9,22.0,0.0,65.9,3.9
4403,3,2024-09-24,晴れ,21.1,12.8,17.0,0.0,69.1,5.3
4404,4,2024-09-24,晴れ,23.5,15.2,19.4,0.0,64.0,4.3
4405,1,2024-09-25,晴れ,25.9,18.0,21.9,0.0,70.2,3.5
4406,2,2024-09-25,晴れ,29.1,20.7,24.9,0.0,64.3,4.9
4407,3,2024-09-25,晴れ,23.1,14.9,19.0,0.0,67.6,3.1
4408,4,2024-09-25,晴れ,24.6,16.5,20.6,0.0,65.5,2.6
4409,1,2024-09-26,雨,24.8,16.7,20.8,4.4,89.1,3.7
4410,2,2024-09-26,雨,27.5,19.0,23.2,6.4,99.0,6.2
4411,3,2024-09-26,雨,21.8,13.4,17.6,13.0,87.9,5.2
4412,4,2024-09-26,雨,25.0,16.5,20.8,4.6,93.8,5.5
4413,1,2024-09-27,晴れ,23.9,16.0,19.9,0.0,58.0,4.4
4414,2,2024-09-27,晴れ,26.9,18.4,22.6,0.0,68.3,2.7
4415,3,2024-09-27,晴れ,21.3,13.0,17.1,0.0,71.4,3.7
4416,4,2024-09-27,晴れ,24.6,16.0,20.3,0.0,58.3,2.7
4417,1,2024-09-28,曇り,29.0,20.3,24.6,0.0,88.1,3.8
4418,2,2024-09-28,曇り,29.0,20.5,24.8,0.0,63.8,3.6
4419,3,2024-09-28,曇り,22.2,14.0,18.1,0.0,71.4,2.7
4420,4,2024-09-28,晴れ,24.8,16.5,20.6,0.0,57.6,1.9
4421,1,2024-09-29,晴れ,25.0,16.9,20.9,0.0,65.2,4.4
4422,2,2024-09-29,晴れ,27.7,19.2,23.4,0.0,73.3,4.4
4423,3,2024-09-29,晴れ,22.4,13.9,18.1,0.0,66.0,3.0
4424,4,2024-09-29,曇り,24.3,15.8,20.1,0.0,78.6,3.1
4425,1,2024-09-30,晴れ,25.6,17.0,21.3,0.0,75.2,3.6
4426,2,2024-09-30,曇り,24.4,16.2,20.3,0.0,75.9,4.4
4427,3,2024-09-30,曇り,20.6,12.1,16.4,0.0,76.0,4.0
4428,4,2024-09-30,晴れ,22.0,13.7,17.9,0.0,62.4,2.6
4429,1,2024-10-01,雨,26.7,17.8,22.2,33.3,83.0,4.3
4430,2,2024-10-01,雨,24.6,16.3,20.5,17.4,75.7,3.4
4431,3,2024-10-01,雨,20.1,11.6,15.9,0.5,82.8,2.7
4432,4,2024-10-01,雨,22.2,13.8,18.0,14.4,85.0,2.7
4433,1,2024-10-02,雨,24.0,15.3,19.6,3.7,81.6,3.0
4434,2,2024-10-02,雨,23.2,14.8,19.0,4.3,86.3,2.6
4435,3,2024-10-02,雨,18.0,9.6,13.8,10.5,88.6,2.2
4436,4,2024-10-02,雨,22.1,13.3,17.7,18.6,79.1,2.9
4437,1,2024-10-03,曇り,23.3,14.6,18.9,0.0,54.7,1.4
4438,2,2024-10-03,曇り,21.8,13.5,17.6,0.0,61.6,2.7
4439,3,2024-10-03,晴れ,18.9,10.2,14.5,0.0,57.1,2.3
4440,4,2024-10-03,曇り,22.0,13.1,17.6,0.0,77.6,0.2
4441,1,2024-10-04,晴れ,23.1,14.4,18.8,0.0,50.4,2.0
4442,2,2024-10-04,晴れ,24.8,15.9,20.4,0.0,53.7,2.4
4443,3,2024-10-04,晴れ,19.0,10.2,14.6,0.0,55.6,0.3
4444,4,2024-10-04,晴れ,20.8,12.1,16.4,0.0,60.5,2.2
4445,1,2024-10-05,雨,24.1,15.1,19.6,7.1,89.9,3.8
4446,2,2024-10-05,雨,22.6,14.0,18.3,9.8,85.6,5.1
4447,3,2024-10-05,雨,18.7,9.9,14.3,12.9,84.7,3.9
4448,4,2024-10-05,雨,21.9,12.9,17.4,7.4,88.5,5.2
4449,1,2024-10-06,曇り,22.7,14.0,18.4,0.0,63.2,2.7
4450,2,2024-10-06,晴れ,24.4,15.4,19.9,0.0,42.1,2.6
4451,3,2024-10-06,曇り,18.8,9.9,14.4,0.0,76.3,1.6
4452,4,2024-10-06,曇り,20.4,11.7,16.0,0.0,73.5,2.6
4453,1,2024-10-07,晴れ,22.2,13.6,17.9,0.0,59.4,3.3
4454,2,2024-10-07,晴れ,23.1,14.3,18.7,0.0,49.3,4.1
4455,3,2024-10-07,晴れ,19.1,10.1,14.6,0.0,43.2,3.3
4456,4,2024-10-07,晴れ,21.6,12.6,17.1,0.0,62.3,1.3
4457,1,2024-10-08,晴れ,18.5,10.1,14.3,0.0,53.1,2.5
4458,2,2024-10-08,晴れ,22.5,13.5,18.0,0.0,66.1,2.1
4459,3,2024-10-08,晴れ,15.5,6.9,11.2,0.0,54.7,3.8
4460,4,2024-10-08,晴れ,20.1,11.0,15.6,0.0,53.9,2.8
4461,1,2024-10-09,晴れ,22.3,13.3,17.8,0.0,62.6,2.7
4462,2,2024-10-09,曇り,22.9,14.0,18.4,0.0,73.6,2.4
4463,3,2024-10-09,晴れ,16.6,7.9,12.2,0.0,60.1,2.3
4464,4,2024-10-09,曇り,20.2,11.2,15.7,0.0,64.9,4.0
4465,1,2024-10-10,曇り,23.0,14.1,18.6,0.0,72.1,2.7
4466,2,2024-10-10,晴れ,23.5,14.6,19.1,0.0,64.8,1.2
4467,3,2024-10-10,晴れ,16.7,8.1,12.4,0.0,55.3,3.1
4468,4,2024-10-10,曇り,20.8,11.9,16.4,0.0,66.5,2.0
4469,1,2024-10-11,雨,22.8,13.9,18.4,11.1,81.1,4.3
4470,2,2024-10-11,雨,25.3,15.9,20.6,10.6,86.5,3.8
4471,3,2024-10-11,雨,20.2,10.9,15.6,4.8,90.8,1.6
4472,4,2024-10-11,雨,20.5,11.5,16.0,4.4,92.2,5.1
4473,1,2024-10-12,曇り,21.5,12.6,17.1,0.0,74.8,3.0
4474,2,2024-10-12,晴れ,22.3,13.4,17.9,0.0,51.7,4.1
4475,3,2024-10-12,晴れ,17.0,8.1,12.6,0.0,54.4,2.1
4476,4,2024-10-12,曇り,20.4,11.3,15.8,0.0,68.0,2.3
4477,1,2024-10-13,曇り,22.2,13.4,17.8,0.0,76.6,2.7
4478,2,2024-10-13,晴れ,22.2,13.6,17.9,0.0,48.0,1.6
4479,3,2024-10-13,晴れ,18.4,9.5,13.9,0.0,65.0,1.6
4480,4,2024-10-13,晴れ,21.0,12.0,16.5,0.0,50.8,1.8
4481,1,2024-10-14,晴れ,22.8,13.7,18.2,0.0,50.4,1.9
4482,2,2024-10-14,曇り,22.4,13.5,17.9,0.0,74.5,2.0
4483,3,2024-10-14,曇り,17.2,8.2,12.7,0.0,67.6,1.9
4484,4,2024-10-14,曇り,19.1,10.2,14.7,0.0,65.9,5.2
4485,1,2024-10-15,晴れ,20.7,11.4,16.1,0.0,56.7,3.2
4486,2,2024-10-15,曇り,18.7,9.9,14.3,0.0,66.0,1.4
4487,3,2024-10-15,晴れ,15.5,6.3,10.9,0.0,64.9,1.7
4488,4,2024-10-15,晴れ,15.1,6.5,10.8,0.0,56.4,0.8
4489,1,2024-10-16,曇り,18.1,9.2,13.7,0.0,67.8,1.6
4490,2,2024-10-16,曇り,18.6,9.7,14.2,0.0,71.9,3.4
4491,3,2024-10-16,晴れ,13.1,4.3,8.7,0.0,53.6,2.1
4492,4,2024-10-16,曇り,16.6,7.5,12.1,0.0,66.1,2.4
4493,1,2024-10-17,晴れ,18.1,9.3,13.7,0.0,60.1,3.2
4494,2,2024-10-17,曇り,19.1,10.2,14.7,0.0,76.1,3.8
4495,3,2024-10-17,晴れ,15.5,6.3,10.9,0.0,51.1,1.0
4496,4,2024-10-17,晴れ,17.0,8.0,12.5,0.0,61.8,3.1
4497,1,2024-10-18,曇り,21.9,12.4,17.1,0.0,66.2,3.0
4498,2,2024-10-18,曇り,20.8,11.6,16.2,0.0,58.9,3.7
4499,3,2024-10-18,曇り,15.7,6.5,11.1,0.0,63.9,2.0
4500,4,2024-10-18,曇り,18.3,9.0,13.7,0.0,64.0,3.2
4501,1,2024-10-19,雨,25.0,15.2,20.1,11.4,85.7,4.4
4502,2,2024-10-19,雨,22.6,13.3,18.0,4.7,71.4,4.5
4503,3,2024-10-19,雨,16.2,7.2,11.7,7.6,84.9,3.1
4504,4,2024-10-19,雨,19.8,10.6,15.2,9.6,91.6,4.0
4505,1,2024-10-20,雨,19.5,10.6,15.1,9.2,87.3,5.0
4506,2,2024-10-20,雨,20.3,11.3,15.8,0.5,82.8,3.6
4507,3,2024-10-20,雨,14.5,5.7,10.1,13.7,74.3,2.9
4508,4,2024-10-20,雨,20.1,10.6,15.4,7.5,88.6,4.4
4509,1,2024-10-21,雨,19.5,10.5,15.0,17.5,78.7,4.4
4510,2,2024-10-21,雨,20.3,11.2,15.8,5.0,91.2,3.1
4511,3,2024-10-21,雨,16.6,7.2,11.9,6.6,95.1,4.5
4512,4,2024-10-21,雨,19.0,9.6,14.3,0.5,90.0,3.4
4513,1,2024-10-22,曇り,17.3,7.9,12.6,0.0,75.0,2.0
4514,2,2024-10-22,晴れ,18.2,8.8,13.5,0.0,56.6,2.5
4515,3,2024-10-22,曇り,11.5,2.4,7.0,0.0,57.5,3.8
4516,4,2024-10-22,晴れ,14.2,5.0,9.6,0.0,57.4,1.1
4517,1,2024-10-23,曇り,18.1,8.8,13.5,0.0,68.1,2.6
4518,2,2024-10-23,曇り,20.2,10.6,15.4,0.0,62.3,0.5
4519,3,2024-10-23,晴れ,13.2,3.9,8.5,0.0,64.3,2.5
4520,4,2024-10-23,晴れ,17.3,7.7,12.5,0.0,51.6,2.1
4521,1,2024-10-24,晴れ,17.2,7.8,12.5,0.0,47.2,2.0
4522,2,2024-10-24,晴れ,17.3,8.0,12.7,0.0,57.3,2.8
4523,3,2024-10-24,晴れ,11.7,2.5,7.1,0.0,59.7,2.3
4524,4,2024-10-24,曇り,15.2,5.8,10.5,0.0,78.8,0.4
4525,1,2024-10-25,晴れ,18.0,8.4,13.2,0.0,55.6,4.1
4526,2,2024-10-25,晴れ,16.5,7.3,11.9,0.0,53.1,1.4
4527,3,2024-10-25,晴れ,11.3,2.1,6.7,0.0,47.0,1.8
4528,4,2024-10-25,曇り,13.8,4.6,9.2,0.0,65.8,1.8
4529,1,2024-10-26,雨,16.6,7.2,11.9,50.7,87.2,2.8
4530,2,2024-10-26,雨,17.9,8.3,13.1,22.0,84.9,2.1
4531,3,2024-10-26,雨,11.5,2.2,6.8,2.1,90.7,2.7
4532,4,2024-10-26,雨,14.8,5.2,10.0,6.0,81.5,4.9
4533,1,2024-10-27,晴れ,17.6,8.0,12.8,0.0,46.8,1.8
4534,2,2024-10-27,晴れ,17.2,7.8,12.5,0.0,48.6,3.2
4535,3,2024-10-27,曇り,14.5,4.6,9.6,0.0,61.6,1.0
4536,4,2024-10-27,晴れ,14.5,5.0,9.8,0.0,55.7,2.6
4537,1,2024-10-28,曇り,18.1,8.4,13.2,0.0,72.0,3.4
4538,2,2024-10-28,晴れ,17.0,7.6,12.3,0.0,52.9,1.5
4539,3,2024-10-28,曇り,13.8,4.1,8.9,0.0,60.9,1.3
4540,4,2024-10-28,曇り,16.6,6.8,11.7,0.0,62.1,0.3
4541,1,2024-10-29,雨,17.5,7.6,12.6,5.0,85.3,2.9
4542,2,2024-10-29,雨,16.6,7.0,11.8,13.5,83.2,3.3
4543,3,2024-10-29,雨,12.6,2.8,7.7,7.8,80.1,3.9
4544,4,2024-10-29,雨,15.3,5.4,10.4,5.2,86.6,2.2
4545,1,2024-10-30,雨,17.5,7.4,12.4,9.1,87.7,1.9
4546,2,2024-10-30,雨,18.3,8.2,13.2,0.5,75.3,4.1
4547,3,2024-10-30,雨,13.6,3.4,8.5,60.6,83.7,3.5
4548,4,2024-10-30,雨,13.1,3.4,8.2,7.1,86.9,3.0
4549,1,2024-10-31,曇り,17.0,7.1,12.1,0.0,55.6,2.5
4550,2,2024-10-31,曇り,19.1,8.9,14.0,0.0,71.8,0.2
4551,3,2024-10-31,曇り,13.5,3.4,8.4,0.0,70.6,0.7
4552,4,2024-10-31,晴れ,14.5,4.7,9.6,0.0,43.0,2.4
4553,1,2024-11-01,雨,17.8,7.5,12.7,11.7,85.3,3.6
4554,2,2024-11-01,雨,17.4,7.4,12.4,6.7,84.7,1.9
4555,3,2024-11-01,雨,12.2,2.2,7.2,2.2,85.1,3.8
4556,4,2024-11-01,雨,14.6,4.5,9.6,7.3,84.7,3.4
4557,1,2024-11-02,晴れ,16.4,6.6,11.5,0.0,61.2,2.0
4558,2,2024-11-02,曇り,18.1,8.0,13.1,0.0,58.2,1.1
4559,3,2024-11-02,曇り,14.4,4.1,9.2,0.0,67.0,3.1
4560,4,2024-11-02,曇り,15.9,5.7,10.8,0.0,64.0,2.4
4561,1,2024-11-03,晴れ,19.5,9.4,14.4,0.0,51.5,3.2
4562,2,2024-11-03,晴れ,19.8,9.8,14.8,0.0,52.1,2.1
4563,3,2024-11-03,晴れ,15.2,5.1,10.1,0.0,50.3,1.8
4564,4,2024-11-03,晴れ,19.2,8.7,13.9,0.0,54.5,2.4
4565,1,2024-11-04,晴れ,21.4,10.8,16.1,0.0,48.0,1.9
4566,2,2024-11-04,曇り,21.3,10.8,16.1,0.0,68.6,1.3
4567,3,2024-11-04,曇り,14.7,4.5,9.6,0.0,72.5,4.2
4568,4,2024-11-04,晴れ,17.0,6.8,11.9,0.0,52.3,2.7
4569,1,2024-11-05,晴れ,19.8,9.1,14.4,0.0,49.9,2.3
4570,2,2024-11-05,曇り,19.9,9.3,14.6,0.0,65.5,4.0
4571,3,2024-11-05,晴れ,13.7,3.2,8.4,0.0,53.6,2.0
4572,4,2024-11-05,晴れ,17.4,6.7,12.0,0.0,57.4,1.6
4573,1,2024-11-06,曇り,16.4,5.9,11.1,0.0,71.8,3.0
4574,2,2024-11-06,晴れ,16.2,5.9,11.1,0.0,62.3,2.5
4575,3,2024-11-06,曇り,11.9,1.4,6.7,0.0,65.8,2.2
4576,4,2024-11-06,曇り,15.2,4.5,9.8,0.0,62.4,1.9
4577,1,2024-11-07,雨,15.3,4.7,10.0,12.7,79.1,2.4
4578,2,2024-11-07,雨,17.8,6.8,12.3,14.2,88.8,3.7
4579,3,2024-11-07,雨,10.5,0.0,5.2,12.2,77.4,2.7
4580,4,2024-11-07,雨,13.8,3.0,8.4,14.4,83.8,4.2
4581,1,2024-11-08,晴れ,16.2,5.5,10.8,0.0,61.8,2.3
4582,2,2024-11-08,晴れ,15.6,5.1,10.3,0.0,47.8,1.8
4583,3,2024-11-08,晴れ,11.1,0.5,5.8,0.0,54.6,0.9
4584,4,2024-11-08,曇り,14.9,4.0,9.4,0.0,72.4,2.0
4585,1,2024-11-09,晴れ,16.9,6.0,11.4,0.0,50.7,2.1
4586,2,2024-11-09,晴れ,17.1,6.3,11.7,0.0,48.5,3.8
4587,3,2024-11-09,晴れ,13.4,2.4,7.9,0.0,62.1,2.4
4588,4,2024-11-09,晴れ,14.4,3.6,9.0,0.0,60.1,0.2
4589,1,2024-11-10,晴れ,17.4,6.4,11.9,0.0,58.3,3.2
4590,2,2024-11-10,晴れ,17.9,6.9,12.4,0.0,54.2,1.7
4591,3,2024-11-10,晴れ,11.2,0.5,5.8,0.0,58.5,3.2
4592,4,2024-11-10,晴れ,13.3,2.6,8.0,0.0,43.9,1.4
4593,1,2024-11-11,雨,15.9,5.1,10.5,6.7,91.5,4.3
4594,2,2024-11-11,雨,16.6,5.8,11.2,6.5,84.1,3.0
4595,3,2024-11-11,雪,11.7,0.8,6.2,5.0,72.0,1.1
4596,4,2024-11-11,雨,12.2,1.7,6.9,13.7,80.2,4.2
4597,1,2024-11-12,晴れ,15.5,4.5,10.0,0.0,59.8,3.2
4598,2,2024-11-12,曇り,15.4,4.5,9.9,0.0,75.3,0.4
4599,3,2024-11-12,晴れ,10.4,-0.5,5.0,0.0,50.2,3.9
4600,4,2024-11-12,晴れ,13.8,2.7,8.2,0.0,61.8,1.9
4601,1,2024-11-13,晴れ,16.9,5.6,11.2,0.0,57.1,3.0
4602,2,2024-11-13,曇り,16.1,5.2,10.7,0.0,76.5,1.2
4603,3,2024-11-13,曇り,11.0,0.0,5.5,0.0,62.4,0.7
4604,4,2024-11-13,晴れ,13.6,2.6,8.1,0.0,56.2,3.6
4605,1,2024-11-14,雨,14.3,3.6,9.0,6.8,85.8,3.7
4606,2,2024-11-14,雨,15.4,4.6,10.0,21.3,91.0,2.0
4607,3,2024-11-14,雪,12.9,1.6,7.2,9.2,62.4,1.3
4608,4,2024-11-14,雨,13.8,2.7,8.2,69.8,87.6,3.6
4609,1,2024-11-15,雨,16.7,5.6,11.1,2.1,96.5,2.1
4610,2,2024-11-15,雨,16.5,5.5,11.0,14.3,89.0,3.4
4611,3,2024-11-15,雪,11.4,0.4,5.9,3.2,68.1,2.3
4612,4,2024-11-15,雨,14.5,3.4,8.9,15.9,86.9,5.2
4613,1,2024-11-16,晴れ,16.4,5.2,10.8,0.0,57.2,2.3
4614,2,2024-11-16,曇り,16.3,5.3,10.8,0.0,70.0,3.5
4615,3,2024-11-16,晴れ,9.7,-1.0,4.3,0.0,44.9,2.9
4616,4,2024-11-16,晴れ,14.1,2.9,8.5,0.0,50.1,2.1
4617,1,2024-11-17,晴れ,14.9,4.2,9.6,0.0,56.8,3.9
4618,2,2024-11-17,晴れ,15.8,5.1,10.4,0.0,57.6,1.7
4619,3,2024-11-17,曇り,12.5,1.4,7.0,0.0,76.9,0.4
4620,4,2024-11-17,曇り,13.8,2.9,8.3,0.0,67.3,1.6
4621,1,2024-11-18,晴れ,14.5,3.5,9.0,0.0,47.9,2.9
4622,2,2024-11-18,晴れ,17.7,6.2,11.9,0.0,59.6,0.6
4623,3,2024-11-18,晴れ,9.6,-1.3,4.1,0.0,56.7,1.3
4624,4,2024-11-18,曇り,10.9,0.2,5.5,0.0,71.3,1.5
4625,1,2024-11-19,雪,12.5,1.4,7.0,4.4,71.6,3.5
4626,2,2024-11-19,雨,14.2,2.9,8.5,8.7,91.9,3.8
4627,3,2024-11-19,雨,8.8,-2.4,3.2,0.9,88.7,3.0
4628,4,2024-11-19,雨,9.4,-1.5,4.0,10.0,80.3,5.5
4629,1,2024-11-20,曇り,13.3,2.1,7.7,0.0,67.6,4.0
4630,2,2024-11-20,晴れ,14.1,2.9,8.5,0.0,58.1,1.3
4631,3,2024-11-20,晴れ,8.0,-3.0,2.5,0.0,52.0,1.9
4632,4,2024-11-20,晴れ,12.4,1.0,6.7,0.0,59.5,2.7
4633,1,2024-11-21,晴れ,12.7,1.5,7.1,0.0,52.9,1.4
4634,2,2024-11-21,曇り,14.7,3.3,9.0,0.0,78.4,0.9
4635,3,2024-11-21,晴れ,8.1,-3.0,2.5,0.0,57.5,4.1
4636,4,2024-11-21,晴れ,10.5,-0.7,4.9,0.0,57.2,1.9
4637,1,2024-11-22,曇り,12.0,0.8,6.4,0.0,73.1,2.7
4638,2,2024-11-22,晴れ,10.7,-0.1,5.3,0.0,51.4,2.5
4639,3,2024-11-22,曇り,5.5,-5.3,0.1,0.0,65.5,3.5
4640,4,2024-11-22,曇り,9.8,-1.4,4.2,0.0,77.4,0.8
4641,1,2024-11-23,晴れ,12.5,1.7,7.1,0.0,62.8,3.4
4642,2,2024-11-23,晴れ,13.2,2.4,7.8,0.0,57.8,3.6
4643,3,2024-11-23,曇り,11.8,0.2,6.0,0.0,69.8,3.5
4644,4,2024-11-23,晴れ,11.8,0.7,6.2,0.0,55.1,2.6
4645,1,2024-11-24,晴れ,12.8,2.3,7.6,0.0,56.3,2.1
4646,2,2024-11-24,曇り,17.1,5.9,11.5,0.0,68.6,1.9
4647,3,2024-11-24,曇り,12.4,1.1,6.8,0.0,71.7,1.6
4648,4,2024-11-24,晴れ,12.3,1.5,6.9,0.0,50.2,2.0
4649,1,2024-11-25,晴れ,13.9,2.9,8.4,0.0,55.3,2.0
4650,2,2024-11-25,晴れ,13.6,2.7,8.2,0.0,47.1,2.3
4651,3,2024-11-25,曇り,9.5,-1.6,4.0,0.0,72.0,2.5
4652,4,2024-11-25,晴れ,9.3,-1.2,4.1,0.0,55.4,3.6
4653,1,2024-11-26,晴れ,15.8,4.6,10.2,0.0,56.9,1.1
4654,2,2024-11-26,晴れ,15.3,4.3,9.8,0.0,54.4,1.0
4655,3,2024-11-26,晴れ,11.2,0.0,5.6,0.0,57.7,2.2
4656,4,2024-11-26,晴れ,12.1,1.2,6.6,0.0,52.7,2.4
4657,1,2024-11-27,晴れ,15.0,3.8,9.4,0.0,53.6,2.2
4658,2,2024-11-27,晴れ,14.4,3.5,8.9,0.0,49.1,2.9
4659,3,2024-11-27,晴れ,9.6,-1.4,4.1,0.0,61.3,2.3
4660,4,2024-11-27,晴れ,11.0,0.2,5.6,0.0,48.8,2.3
4661,1,2024-11-28,晴れ,13.9,3.3,8.6,0.0,50.5,2.1
4662,2,2024-11-28,晴れ,15.3,4.5,9.9,0.0,54.6,1.5
4663,3,2024-11-28,晴れ,9.8,-0.9,4.5,0.0,45.6,0.2
4664,4,2024-11-28,晴れ,14.0,2.9,8.4,0.0,61.6,0.3
4665,1,2024-11-29,雨,17.6,6.3,12.0,9.1,86.2,2.0
4666,2,2024-11-29,雨,17.4,6.3,11.8,2.5,82.7,2.8
4667,3,2024-11-29,雨,10.3,-0.4,5.0,13.8,83.4,2.9
4668,4,2024-11-29,雨,13.4,2.5,8.0,6.4,74.1,3.7
4669,1,2024-11-30,晴れ,17.1,5.8,11.5,0.0,61.8,1.4
4670,2,2024-11-30,曇り,17.0,5.8,11.4,0.0,77.5,3.4
4671,3,2024-11-30,曇り,10.2,-0.6,4.8,0.0,71.3,3.4
4672,4,2024-11-30,晴れ,13.7,2.6,8.2,0.0,50.9,3.1
4673,1,2024-12-01,曇り,16.0,5.0,10.5,0.0,54.6,2.6
4674,2,2024-12-01,晴れ,16.6,5.6,11.1,0.0,50.8,2.0
4675,3,2024-12-01,晴れ,12.6,1.4,7.0,0.0,50.8,3.7
4676,4,2024-12-01,晴れ,13.1,2.2,7.7,0.0,43.7,1.9
4677,1,2024-12-02,晴れ,14.0,3.2,8.6,0.0,48.1,2.2
4678,2,2024-12-02,晴れ,16.0,5.0,10.5,0.0,42.1,1.9
4679,3,2024-12-02,晴れ,9.5,-1.2,4.2,0.0,48.0,0.8
4680,4,2024-12-02,晴れ,13.2,2.2,7.7,0.0,45.9,2.9
4681,1,2024-12-03,晴れ,15.3,4.2,9.8,0.0,40.9,1.7
4682,2,2024-12-03,曇り,16.1,4.9,10.5,0.0,50.1,2.6
4683,3,2024-12-03,晴れ,9.1,-1.7,3.7,0.0,41.5,1.6
4684,4,2024-12-03,晴れ,11.4,0.6,6.0,0.0,39.5,1.5
4685,1,2024-12-04,曇り,13.7,2.5,8.1,0.0,50.6,1.5
4686,2,2024-12-04,晴れ,12.4,1.6,7.0,0.0,44.0,2.5
4687,3,2024-12-04,晴れ,8.2,-2.8,2.7,0.0,54.0,2.4
4688,4,2024-12-04,晴れ,11.2,0.1,5.6,0.0,51.3,2.1
4689,1,2024-12-05,曇り,13.9,2.7,8.3,0.0,64.3,0.2
4690,2,2024-12-05,晴れ,14.1,3.0,8.6,0.0,52.5,2.7
4691,3,2024-12-05,晴れ,9.1,-2.0,3.5,0.0,57.8,2.8
4692,4,2024-12-05,曇り,10.4,-0.5,5.0,0.0,63.6,1.9
4693,1,2024-12-06,曇り,13.7,2.3,8.0,0.0,52.7,2.4
4694,2,2024-12-06,晴れ,11.7,0.9,6.3,0.0,39.9,2.1
4695,3,2024-12-06,曇り,5.8,-4.9,0.4,0.0,58.2,3.4
4696,4,2024-12-06,曇り,10.1,-1.0,4.5,0.0,52.5,3.2
4697,1,2024-12-07,雨,11.8,0.7,6.2,5.4,68.2,4.6
4698,2,2024-12-07,雨,11.8,0.8,6.3,109.8,82.0,3.8
4699,3,2024-12-07,雨,6.4,-4.5,1.0,17.3,80.3,3.2
4700,4,2024-12-07,雪,8.1,-2.7,2.7,8.4,74.7,3.1
4701,1,2024-12-08,雨,12.1,1.2,6.6,3.8,77.5,4.1
4702,2,2024-12-08,雨,15.0,3.7,9.3,7.2,71.0,2.8
4703,3,2024-12-08,雨,6.7,-4.0,1.4,4.5,77.6,3.4
4704,4,2024-12-08,雨,12.0,0.7,6.3,13.4,76.4,3.4
4705,1,2024-12-09,雨,11.6,0.9,6.2,6.3,82.5,2.9
4706,2,2024-12-09,雨,13.2,2.3,7.8,2.3,76.7,4.6
4707,3,2024-12-09,雪,10.7,-0.7,5.0,12.1,66.4,3.3
4708,4,2024-12-09,雪,9.5,-1.2,4.2,6.4,63.4,2.5
4709,1,2024-12-10,晴れ,12.2,1.2,6.7,0.0,40.2,2.0
4710,2,2024-12-10,晴れ,14.7,3.3,9.0,0.0,54.6,0.4
4711,3,2024-12-10,晴れ,6.4,-4.3,1.1,0.0,36.9,1.3
4712,4,2024-12-10,晴れ,8.8,-1.9,3.5,0.0,42.3,1.9
4713,1,2024-12-11,晴れ,10.4,-0.4,5.0,0.0,36.2,3.6
4714,2,2024-12-11,晴れ,10.6,-0.1,5.2,0.0,46.5,1.2
4715,3,2024-12-11,曇り,7.4,-3.7,1.9,0.0,59.2,2.7
4716,4,2024-12-11,晴れ,10.6,-0.7,5.0,0.0,58.2,1.7
4717,1,2024-12-12,曇り,13.1,1.9,7.5,0.0,66.9,3.1
4718,2,2024-12-12,晴れ,14.9,3.5,9.2,0.0,45.1,2.2
4719,3,2024-12-12,晴れ,8.2,-2.9,2.6,0.0,50.9,2.9
4720,4,2024-12-12,晴れ,10.5,-0.6,5.0,0.0,42.0,3.0
4721,1,2024-12-13,晴れ,15.3,3.8,9.6,0.0,47.9,2.5
4722,2,2024-12-13,晴れ,14.3,3.2,8.8,0.0,48.9,1.0
4723,3,2024-12-13,晴れ,8.6,-2.4,3.1,0.0,45.3,1.4
4724,4,2024-12-13,曇り,10.6,-0.4,5.1,0.0,65.5,2.8
4725,1,2024-12-14,曇り,16.3,5.1,10.7,0.0,61.7,2.3
4726,2,2024-12-14,曇り,17.0,5.7,11.3,0.0,58.9,3.7
4727,3,2024-12-14,曇り,9.2,-1.6,3.8,0.0,59.5,0.9
4728,4,2024-12-14,晴れ,12.3,1.4,6.9,0.0,55.1,3.4
4729,1,2024-12-15,晴れ,14.6,3.2,8.9,0.0,45.8,2.2
4730,2,2024-12-15,晴れ,13.3,2.3,7.8,0.0,40.3,2.9
4731,3,2024-12-15,曇り,7.5,-3.3,2.1,0.0,56.5,0.9
4732,4,2024-12-15,曇り,9.4,-1.3,4.0,0.0,71.2,2.0
4733,1,2024-12-16,雪,11.7,0.8,6.2,5.1,73.5,1.1
4734,2,2024-12-16,雨,13.9,2.6,8.2,9.2,67.7,2.7
4735,3,2024-12-16,雨,8.2,-2.9,2.6,14.5,75.8,5.3
4736,4,2024-12-16,雨,9.5,-1.5,4.0,18.1,76.8,1.6
4737,1,2024-12-17,晴れ,10.6,-0.6,5.0,0.0,51.6,3.1
4738,2,2024-12-17,曇り,12.9,1.3,7.1,0.0,67.2,4.8
4739,3,2024-12-17,晴れ,6.6,-4.7,0.9,0.0,41.2,1.8
4740,4,2024-12-17,曇り,6.3,-4.5,0.9,0.0,57.0,1.8
4741,1,2024-12-18,雨,9.0,-1.8,3.6,18.1,89.4,4.6
4742,2,2024-12-18,雨,11.9,0.6,6.2,6.6,74.4,3.0
4743,3,2024-12-18,雪,4.2,-6.6,-1.2,3.2,76.9,2.3
4744,4,2024-12-18,雪,7.9,-3.1,2.4,4.6,66.6,3.6
4745,1,2024-12-19,晴れ,9.0,-1.9,3.5,0.0,54.8,1.4
4746,2,2024-12-19,晴れ,8.1,-2.5,2.8,0.0,52.0,2.4
4747,3,2024-12-19,曇り,5.9,-5.3,0.3,0.0,59.7,3.4
4748,4,2024-12-19,曇り,8.7,-2.6,3.0,0.0,70.6,2.8
4749,1,2024-12-20,晴れ,9.1,-1.7,3.7,0.0,58.0,2.8
4750,2,2024-12-20,曇り,10.7,-0.3,5.2,0.0,49.0,4.1
4751,3,2024-12-20,晴れ,5.8,-5.2,0.3,0.0,41.9,1.8
4752,4,2024-12-20,曇り,7.0,-3.8,1.6,0.0,56.3,2.8
4753,1,2024-12-21,晴れ,11.0,-0.1,5.5,0.0,46.7,0.9
4754,2,2024-12-21,晴れ,12.4,1.1,6.8,0.0,44.9,3.7
4755,3,2024-12-21,晴れ,5.2,-5.7,-0.2,0.0,37.1,1.2
4756,4,2024-12-21,晴れ,5.7,-4.8,0.5,0.0,37.6,1.8
4757,1,2024-12-22,曇り,8.9,-2.1,3.4,0.0,59.1,2.7
4758,2,2024-12-22,曇り,9.7,-1.3,4.2,0.0,63.1,2.8
4759,3,2024-12-22,晴れ,5.5,-5.7,-0.1,0.0,40.5,1.5
4760,4,2024-12-22,晴れ,8.6,-2.8,2.9,0.0,52.5,3.3
4761,1,2024-12-23,晴れ,9.4,-1.3,4.0,0.0,41.7,3.2
4762,2,2024-12-23,晴れ,12.1,0.9,6.5,0.0,46.9,3.0
4763,3,2024-12-23,晴れ,5.0,-5.7,-0.4,0.0,46.8,3.2
4764,4,2024-12-23,晴れ,8.6,-2.4,3.1,0.0,58.3,2.8
4765,1,2024-12-24,晴れ,10.9,-0.2,5.4,0.0,51.9,3.1
4766,2,2024-12-24,晴れ,9.8,-0.9,4.5,0.0,43.7,1.5
4767,3,2024-12-24,曇り,5.9,-5.0,0.5,0.0,48.6,1.6
4768,4,2024-12-24,曇り,7.6,-3.3,2.1,0.0,56.1,0.9
4769,1,2024-12-25,晴れ,10.7,-0.5,5.1,0.0,45.5,1.4
4770,2,2024-12-25,晴れ,8.7,-2.0,3.3,0.0,43.9,3.4
4771,3,2024-12-25,曇り,5.4,-5.6,-0.1,0.0,60.2,0.7
4772,4,2024-12-25,晴れ,8.9,-2.4,3.2,0.0,45.5,3.4
4773,1,2024-12-26,雨,9.7,-1.0,4.3,7.6,84.0,4.2
4774,2,2024-12-26,雪,12.2,1.2,6.7,7.5,68.5,1.8
4775,3,2024-12-26,雨,6.0,-4.8,0.6,10.9,76.2,5.0
4776,4,2024-12-26,雨,8.5,-2.3,3.1,13.7,78.8,2.5
4777,1,2024-12-27,晴れ,12.3,1.4,6.9,0.0,40.8,2.8
4778,2,2024-12-27,晴れ,13.9,2.8,8.3,0.0,48.6,3.0
4779,3,2024-12-27,曇り,9.0,-2.1,3.5,0.0,51.6,4.0
4780,4,2024-12-27,曇り,11.5,0.3,5.9,0.0,66.9,4.8
4781,1,2024-12-28,曇り,18.4,7.1,12.8,0.0,57.3,2.3
4782,2,2024-12-28,晴れ,17.4,6.4,11.9,0.0,41.5,2.9
4783,3,2024-12-28,曇り,9.9,-0.6,4.7,0.0,51.5,2.9
4784,4,2024-12-28,晴れ,13.8,3.0,8.4,0.0,42.6,2.8
4785,1,2024-12-29,雨,13.9,3.1,8.5,5.1,69.3,3.5
4786,2,2024-12-29,雨,15.6,4.5,10.1,11.8,81.3,4.4
4787,3,2024-12-29,雨,9.8,-1.1,4.4,6.4,81.9,3.8
4788,4,2024-12-29,雨,12.8,1.7,7.2,7.6,70.8,2.6
4789,1,2024-12-30,晴れ,12.6,1.8,7.2,0.0,41.2,1.2
4790,2,2024-12-30,晴れ,15.8,4.5,10.2,0.0,53.1,3.5
4791,3,2024-12-30,曇り,8.8,-2.1,3.4,0.0,66.0,3.6
4792,4,2024-12-30,晴れ,9.7,-0.9,4.4,0.0,55.9,2.0
4793,1,2024-12-31,晴れ,11.2,0.1,5.6,0.0,51.5,2.7
4794,2,2024-12-31,晴れ,12.9,1.7,7.3,0.0,56.0,2.0
4795,3,2024-12-31,晴れ,7.5,-3.7,1.9,0.0,54.0,3.1
4796,4,2024-12-31,晴れ,7.3,-3.3,2.0,0.0,38.5,1.9
4797,1,2025-01-01,晴れ,7.5,-3.5,2.0,0.0,38.0,2.8
4798,2,2025-01-01,晴れ,9.7,-1.5,4.1,0.0,39.5,3.2
4799,3,2025-01-01,晴れ,1.9,-8.8,-3.5,0.0,43.8,3.1
4800,4,2025-01-01,曇り,6.2,-4.9,0.6,0.0,60.8,1.9
4801,1,2025-01-02,曇り,5.4,-5.3,0.1,0.0,64.2,3.0
4802,2,2025-01-02,曇り,6.3,-4.5,0.9,0.0,56.0,1.4
4803,3,2025-01-02,晴れ,2.5,-8.5,-3.0,0.0,60.2,3.0
4804,4,2025-01-02,晴れ,4.2,-6.7,-1.2,0.0,44.7,4.0
4805,1,2025-01-03,晴れ,9.3,-1.9,3.7,0.0,48.4,3.0
4806,2,2025-01-03,曇り,7.7,-3.1,2.3,0.0,51.8,2.6
4807,3,2025-01-03,晴れ,3.6,-7.3,-1.8,0.0,47.7,1.6
4808,4,2025-01-03,晴れ,5.3,-5.5,-0.1,0.0,53.2,1.5
4809,1,2025-01-04,晴れ,7.2,-3.6,1.8,0.0,57.9,2.1
4810,2,2025-01-04,晴れ,7.9,-2.9,2.5,0.0,38.8,2.7
4811,3,2025-01-04,曇り,3.5,-7.5,-2.0,0.0,69.6,2.8
4812,4,2025-01-04,晴れ,5.5,-5.5,0.0,0.0,45.4,2.5
4813,1,2025-01-05,曇り,8.5,-2.4,3.0,0.0,52.3,2.7
4814,2,2025-01-05,晴れ,9.5,-1.5,4.0,0.0,34.1,1.8
4815,3,2025-01-05,晴れ,2.7,-7.9,-2.6,0.0,50.3,1.5
4816,4,2025-01-05,曇り,7.7,-3.5,2.1,0.0,70.3,1.6
4817,1,2025-01-06,晴れ,10.9,-0.2,5.4,0.0,37.3,3.8
4818,2,2025-01-06,晴れ,9.1,-1.6,3.8,0.0,52.9,1.7
4819,3,2025-01-06,曇り,5.2,-5.7,-0.2,0.0,54.9,3.0
4820,4,2025-01-06,晴れ,10.3,-1.1,4.6,0.0,52.4,2.9
4821,1,2025-01-07,雪,12.2,0.9,6.5,3.6,83.4,2.4
4822,2,2025-01-07,雨,11.7,0.6,6.1,19.0,76.4,4.6
4823,3,2025-01-07,雨,6.7,-4.4,1.1,2.3,71.8,2.8
4824,4,2025-01-07,雨,9.8,-1.5,4.2,0.5,74.2,4.4
4825,1,2025-01-08,曇り,8.4,-2.6,2.9,0.0,54.2,1.0
4826,2,2025-01-08,曇り,8.9,-2.1,3.4,0.0,60.5,1.0
4827,3,2025-01-08,晴れ,5.4,-5.9,-0.2,0.0,49.7,1.8
4828,4,2025-01-08,晴れ,5.3,-5.5,-0.1,0.0,49.0,1.9
4829,1,2025-01-09,雨,7.9,-2.8,2.6,0.5,81.0,3.8
4830,2,2025-01-09,雪,11.7,0.3,6.0,9.0,67.0,2.6
4831,3,2025-01-09,雪,6.1,-5.2,0.4,9.0,68.6,1.8
4832,4,2025-01-09,雨,7.8,-3.3,2.2,11.6,73.7,2.2
4833,1,2025-01-10,雪,8.5,-2.5,3.0,8.4,62.0,0.2
4834,2,2025-01-10,雪,8.5,-2.3,3.1,2.6,65.8,3.3
4835,3,2025-01-10,雪,4.2,-6.8,-1.3,3.2,54.2,0.8
4836,4,2025-01-10,雨,5.8,-5.1,0.4,22.9,74.2,3.3
4837,1,2025-01-11,晴れ,9.1,-1.9,3.6,0.0,48.2,3.1
4838,2,2025-01-11,晴れ,10.8,-0.4,5.2,0.0,52.8,2.3
4839,3,2025-01-11,晴れ,5.1,-6.0,-0.5,0.0,42.5,3.8
4840,4,2025-01-11,晴れ,7.3,-3.8,1.8,0.0,38.8,4.8
4841,1,2025-01-12,曇り,7.4,-3.6,1.9,0.0,53.0,1.8
4842,2,2025-01-12,晴れ,7.6,-3.3,2.1,0.0,50.1,5.0
4843,3,2025-01-12,曇り,3.0,-8.0,-2.5,0.0,60.0,3.5
4844,4,2025-01-12,晴れ,6.0,-5.2,0.4,0.0,48.0,3.3
4845,1,2025-01-13,晴れ,8.8,-2.4,3.2,0.0,57.7,0.9
4846,2,2025-01-13,曇り,8.1,-2.9,2.6,0.0,43.5,3.0
4847,3,2025-01-13,晴れ,4.7,-6.6,-0.9,0.0,44.9,1.6
4848,4,2025-01-13,晴れ,4.5,-6.3,-0.9,0.0,55.5,2.8
4849,1,2025-01-14,雨,8.8,-2.3,3.3,5.5,87.5,2.0
4850,2,2025-01-14,雨,11.1,-0.3,5.4,44.8,77.2,2.6
4851,3,2025-01-14,雨,4.3,-6.8,-1.2,1.8,85.4,3.8
4852,4,2025-01-14,雨,5.9,-5.0,0.5,14.8,83.6,2.8
4853,1,2025-01-15,晴れ,9.1,-1.8,3.6,0.0,49.6,3.3
4854,2,2025-01-15,曇り,12.3,0.9,6.6,0.0,57.5,1.8
4855,3,2025-01-15,曇り,6.6,-4.7,0.9,0.0,58.7,1.5
4856,4,2025-01-15,晴れ,7.4,-3.6,1.9,0.0,52.7,1.9
4857,1,2025-01-16,雨,9.3,-1.5,3.9,0.5,74.0,4.8
4858,2,2025-01-16,雨,12.3,1.0,6.7,12.7,92.1,2.5
4859,3,2025-01-16,雨,5.7,-5.2,0.2,6.0,73.0,2.4
4860,4,2025-01-16,雨,7.8,-3.1,2.3,9.3,86.4,4.0
4861,1,2025-01-17,晴れ,9.5,-1.3,4.1,0.0,52.0,3.8
4862,2,2025-01-17,晴れ,12.9,1.5,7.2,0.0,51.8,3.8
4863,3,2025-01-17,晴れ,6.8,-4.3,1.2,0.0,34.0,1.2
4864,4,2025-01-17,曇り,8.5,-2.5,3.0,0.0,67.7,0.7
4865,1,2025-01-18,曇り,9.6,-1.3,4.1,0.0,69.6,2.0
4866,2,2025-01-18,晴れ,11.3,0.1,5.7,0.0,43.4,4.0
4867,3,2025-01-18,晴れ,6.7,-4.5,1.1,0.0,48.0,2.5
4868,4,2025-01-18,曇り,7.6,-3.4,2.1,0.0,65.1,3.4
4869,1,2025-01-19,晴れ,6.9,-3.9,1.5,0.0,43.5,4.7
4870,2,2025-01-19,曇り,7.5,-3.4,2.0,0.0,58.1,1.7
4871,3,2025-01-19,晴れ,4.0,-7.1,-1.5,0.0,49.7,1.1
4872,4,2025-01-19,晴れ,3.2,-7.3,-2.0,0.0,53.9,0.8
4873,1,2025-01-20,晴れ,8.7,-2.4,3.1,0.0,45.4,1.7
4874,2,2025-01-20,晴れ,7.7,-3.1,2.3,0.0,47.5,1.3
4875,3,2025-01-20,晴れ,4.5,-6.6,-1.0,0.0,41.1,2.2
4876,4,2025-01-20,晴れ,6.1,-4.9,0.6,0.0,47.9,1.8
4877,1,2025-01-21,雪,8.3,-2.5,2.9,2.9,64.2,2.3
4878,2,2025-01-21,雨,8.2,-2.5,2.8,11.9,73.3,5.4
4879,3,2025-01-21,雪,5.2,-5.9,-0.4,3.6,70.4,1.5
4880,4,2025-01-21,雪,7.7,-3.5,2.1,12.0,60.6,1.0
4881,1,2025-01-22,曇り,10.6,-0.5,5.0,0.0,54.1,3.6
4882,2,2025-01-22,晴れ,9.4,-1.4,4.0,0.0,44.8,1.9
4883,3,2025-01-22,晴れ,4.0,-6.7,-1.4,0.0,38.2,2.8
4884,4,2025-01-22,晴れ,7.6,-3.4,2.1,0.0,56.2,3.6
4885,1,2025-01-23,雨,9.3,-1.7,3.8,18.2,77.6,2.3
4886,2,2025-01-23,雨,10.1,-0.9,4.6,0.5,72.7,3.3
4887,3,2025-01-23,雨,4.1,-6.7,-1.3,0.5,72.1,4.2
4888,4,2025-01-23,雨,6.4,-4.4,1.0,12.5,79.7,2.2
4889,1,2025-01-24,晴れ,8.9,-1.9,3.5,0.0,45.0,1.6
4890,2,2025-01-24,曇り,10.4,-0.6,4.9,0.0,68.4,1.7
4891,3,2025-01-24,晴れ,5.3,-5.7,-0.2,0.0,52.7,2.9
4892,4,2025-01-24,曇り,8.6,-2.6,3.0,0.0,59.2,1.8
4893,1,2025-01-25,晴れ,10.5,-0.7,4.9,0.0,41.3,4.0
4894,2,2025-01-25,晴れ,8.5,-2.2,3.1,0.0,49.1,2.7
4895,3,2025-01-25,晴れ,4.2,-6.7,-1.2,0.0,44.5,0.3
4896,4,2025-01-25,晴れ,7.0,-3.9,1.6,0.0,49.4,1.3
4897,1,2025-01-26,晴れ,10.6,-0.6,5.0,0.0,40.9,3.4
4898,2,2025-01-26,曇り,9.5,-1.4,4.0,0.0,62.6,2.3
4899,3,2025-01-26,晴れ,5.6,-5.6,0.0,0.0,46.2,2.8
4900,4,2025-01-26,曇り,6.0,-4.8,0.6,0.0,59.5,1.3
4901,1,2025-01-27,雪,9.8,-1.3,4.2,9.1,68.5,1.0
4902,2,2025-01-27,雪,10.2,-0.9,4.6,12.2,64.2,4.1
4903,3,2025-01-27,雪,5.3,-5.8,-0.2,11.7,78.8,2.1
4904,4,2025-01-27,雨,6.5,-4.4,1.0,2.3,72.0,3.1
4905,1,2025-01-28,雪,9.9,-1.0,4.5,0.5,71.1,2.2
4906,2,2025-01-28,雪,10.6,-0.4,5.1,1.6,73.0,2.7
4907,3,2025-01-28,雨,5.1,-5.8,-0.4,27.5,79.9,3.4
4908,4,2025-01-28,雨,7.7,-3.2,2.2,28.1,57.9,2.7
4909,1,2025-01-29,曇り,11.7,0.5,6.1,0.0,61.2,2.2
4910,2,2025-01-29,晴れ,12.2,1.0,6.6,0.0,44.6,2.0
4911,3,2025-01-29,晴れ,4.4,-6.3,-0.9,0.0,49.6,2.6
4912,4,2025-01-29,晴れ,6.2,-4.4,0.9,0.0,47.7,3.7
4913,1,2025-01-30,晴れ,9.0,-2.1,3.5,0.0,35.5,1.9
4914,2,2025-01-30,曇り,6.7,-3.9,1.4,0.0,59.9,2.4
4915,3,2025-01-30,晴れ,2.4,-8.3,-3.0,0.0,47.0,1.2
4916,4,2025-01-30,晴れ,5.7,-5.2,0.2,0.0,42.4,2.1
4917,1,2025-01-31,曇り,9.0,-1.8,3.6,0.0,48.6,3.3
4918,2,2025-01-31,晴れ,10.3,-0.6,4.9,0.0,49.4,1.1
4919,3,2025-01-31,曇り,5.4,-5.6,-0.1,0.0,59.9,3.0
4920,4,2025-01-31,曇り,9.8,-1.6,4.1,0.0,65.5,1.4
4921,1,2025-02-01,晴れ,11.8,0.7,6.2,0.0,49.5,1.3
4922,2,2025-02-01,晴れ,11.0,0.1,5.5,0.0,40.0,2.5
4923,3,2025-02-01,晴れ,6.6,-4.4,1.1,0.0,46.8,2.8
4924,4,2025-02-01,晴れ,8.6,-2.4,3.1,0.0,50.0,1.3
4925,1,2025-02-02,雨,11.9,0.3,6.1,2.2,64.3,3.2
4926,2,2025-02-02,雪,9.3,-1.6,3.9,7.1,64.5,2.9
4927,3,2025-02-02,雪,5.7,-5.5,0.1,8.2,64.9,0.2
4928,4,2025-02-02,雨,7.7,-3.5,2.1,16.6,74.9,3.3
4929,1,2025-02-03,晴れ,7.0,-4.0,1.5,0.0,48.4,2.3
4930,2,2025-02-03,晴れ,7.3,-3.6,1.8,0.0,41.1,2.4
4931,3,2025-02-03,晴れ,2.1,-8.8,-3.4,0.0,41.8,1.4
4932,4,2025-02-03,曇り,5.3,-5.8,-0.2,0.0,61.6,2.7
4933,1,2025-02-04,雨,8.9,-2.2,3.4,21.0,65.0,3.2
4934,2,2025-02-04,雨,10.1,-1.0,4.5,8.7,76.8,3.3
4935,3,2025-02-04,雨,3.7,-7.2,-1.8,0.5,86.7,3.7
4936,4,2025-02-04,雨,6.3,-4.7,0.8,2.7,71.2,4.2
4937,1,2025-02-05,晴れ,9.4,-1.5,4.0,0.0,37.2,1.3
4938,2,2025-02-05,曇り,11.6,0.4,6.0,0.0,53.2,2.8
4939,3,2025-02-05,曇り,6.3,-4.9,0.7,0.0,58.0,1.6
4940,4,2025-02-05,晴れ,7.4,-3.6,1.9,0.0,52.0,2.2
4941,1,2025-02-06,晴れ,9.4,-1.4,4.0,0.0,47.6,2.9
4942,2,2025-02-06,晴れ,11.5,0.3,5.9,0.0,54.4,2.1
4943,3,2025-02-06,晴れ,6.7,-4.5,1.1,0.0,40.2,2.7
4944,4,2025-02-06,曇り,8.6,-2.5,3.0,0.0,56.6,1.5
4945,1,2025-02-07,晴れ,11.1,0.0,5.5,0.0,43.0,1.6
4946,2,2025-02-07,晴れ,12.9,1.6,7.2,0.0,45.4,2.0
4947,3,2025-02-07,晴れ,7.8,-3.5,2.1,0.0,56.9,3.2
4948,4,2025-02-07,曇り,9.2,-1.9,3.6,0.0,57.0,1.5
4949,1,2025-02-08,曇り,8.6,-2.2,3.2,0.0,58.0,3.3
4950,2,2025-02-08,晴れ,10.0,-0.9,4.5,0.0,58.8,1.9
4951,3,2025-02-08,晴れ,6.2,-5.0,0.6,0.0,39.8,2.6
4952,4,2025-02-08,晴れ,7.9,-3.1,2.4,0.0,49.8,1.1
4953,1,2025-02-09,雪,12.0,1.0,6.5,6.1,67.6,2.0
4954,2,2025-02-09,雨,12.0,1.1,6.5,5.6,76.4,4.4
4955,3,2025-02-09,雨,6.9,-4.0,1.5,18.6,70.2,3.4
4956,4,2025-02-09,雪,10.9,-0.3,5.3,6.3,66.3,0.2
4957,1,2025-02-10,曇り,10.5,-0.5,5.0,0.0,70.0,1.3
4958,2,2025-02-10,曇り,11.1,0.0,5.5,0.0,63.7,0.2
4959,3,2025-02-10,曇り,7.4,-3.9,1.8,0.0,66.1,2.3
4960,4,2025-02-10,曇り,8.5,-2.6,3.0,0.0,66.6,2.0
4961,1,2025-02-11,晴れ,12.2,1.2,6.7,0.0,59.2,0.3
4962,2,2025-02-11,晴れ,13.8,2.6,8.2,0.0,56.4,2.6
4963,3,2025-02-11,晴れ,8.8,-2.4,3.2,0.0,46.2,1.3
4964,4,2025-02-11,曇り,11.2,0.0,5.6,0.0,58.7,2.4
4965,1,2025-02-12,曇り,9.3,-1.2,4.1,0.0,53.2,2.6
4966,2,2025-02-12,曇り,13.0,1.9,7.5,0.0,58.6,1.8
4967,3,2025-02-12,晴れ,6.9,-4.0,1.5,0.0,45.2,1.6
4968,4,2025-02-12,晴れ,7.3,-3.2,2.0,0.0,47.4,3.8
4969,1,2025-02-13,晴れ,10.9,0.1,5.5,0.0,43.4,2.0
4970,2,2025-02-13,曇り,13.0,1.9,7.5,0.0,53.4,2.2
4971,3,2025-02-13,曇り,9.0,-2.3,3.4,0.0,53.4,3.3
4972,4,2025-02-13,晴れ,12.2,0.7,6.4,0.0,44.8,1.0
4973,1,2025-02-14,晴れ,11.1,0.1,5.6,0.0,47.5,3.7
4974,2,2025-02-14,晴れ,11.1,0.2,5.6,0.0,55.6,2.1
4975,3,2025-02-14,晴れ,5.2,-5.6,-0.2,0.0,49.1,4.0
4976,4,2025-02-14,曇り,9.5,-1.7,3.9,0.0,70.7,2.9
4977,1,2025-02-15,晴れ,10.8,-0.2,5.3,0.0,54.3,3.2
4978,2,2025-02-15,晴れ,10.9,0.0,5.5,0.0,51.0,2.4
4979,3,2025-02-15,曇り,7.4,-3.8,1.8,0.0,62.8,0.2
4980,4,2025-02-15,晴れ,8.5,-2.5,3.0,0.0,50.0,3.9
4981,1,2025-02-16,曇り,10.6,-0.6,5.0,0.0,55.8,1.3
4982,2,2025-02-16,曇り,10.0,-1.0,4.5,0.0,62.7,2.0
4983,3,2025-02-16,曇り,5.5,-5.5,0.0,0.0,64.5,3.3
4984,4,2025-02-16,曇り,7.0,-3.9,1.6,0.0,62.4,2.5
4985,1,2025-02-17,曇り,11.3,-0.2,5.6,0.0,63.4,0.2
4986,2,2025-02-17,曇り,8.9,-2.1,3.4,0.0,66.3,3.8
4987,3,2025-02-17,晴れ,4.8,-6.4,-0.8,0.0,39.1,1.0
4988,4,2025-02-17,晴れ,7.0,-4.1,1.5,0.0,47.1,2.1
4989,1,2025-02-18,曇り,7.9,-3.1,2.4,0.0,79.4,3.2
4990,2,2025-02-18,晴れ,8.9,-2.2,3.4,0.0,37.2,3.2
4991,3,2025-02-18,曇り,4.2,-7.0,-1.4,0.0,59.0,0.9
4992,4,2025-02-18,曇り,6.1,-4.9,0.6,0.0,57.2,1.8
4993,1,2025-02-19,曇り,7.9,-3.4,2.2,0.0,62.9,3.6
4994,2,2025-02-19,曇り,6.8,-4.1,1.4,0.0,63.0,1.9
4995,3,2025-02-19,晴れ,1.9,-9.0,-3.5,0.0,38.5,2.3
4996,4,2025-02-19,晴れ,5.5,-5.7,-0.1,0.0,58.3,0.3
4997,1,2025-02-20,晴れ,6.1,-4.8,0.6,0.0,41.9,1.8
4998,2,2025-02-20,曇り,8.1,-3.1,2.5,0.0,61.6,2.2
4999,3,2025-02-20,晴れ,1.6,-9.3,-3.9,0.0,41.6,1.6
5000,4,2025-02-20,晴れ,7.2,-4.4,1.4,0.0,45.1,1.4
5001,1,2025-02-21,晴れ,6.8,-4.3,1.2,0.0,42.3,1.5
5002,2,2025-02-21,曇り,8.2,-3.0,2.6,0.0,60.2,1.6
5003,3,2025-02-21,晴れ,2.9,-8.3,-2.7,0.0,40.3,1.4
5004,4,2025-02-21,曇り,5.8,-5.5,0.1,0.0,56.0,1.4
5005,1,2025-02-22,晴れ,7.1,-3.8,1.6,0.0,43.1,3.1
5006,2,2025-02-22,晴れ,9.0,-2.2,3.4,0.0,57.0,2.4
5007,3,2025-02-22,晴れ,3.2,-7.9,-2.4,0.0,53.9,1.8
5008,4,2025-02-22,曇り,6.6,-4.7,0.9,0.0,65.0,0.7
5009,1,2025-02-23,雪,7.4,-3.7,1.9,14.5,72.1,1.7
5010,2,2025-02-23,雨,8.6,-2.6,3.0,22.9,79.5,3.3
5011,3,2025-02-23,雨,2.8,-8.2,-2.7,1.5,68.9,0.7
5012,4,2025-02-23,雪,4.4,-6.5,-1.0,7.7,71.8,3.2
5013,1,2025-02-24,晴れ,7.2,-3.9,1.7,0.0,53.6,2.8
5014,2,2025-02-24,晴れ,8.1,-3.1,2.5,0.0,47.9,0.5
5015,3,2025-02-24,晴れ,1.0,-9.7,-4.3,0.0,57.4,1.1
5016,4,2025-02-24,晴れ,7.0,-4.5,1.2,0.0,54.0,2.6
5017,1,2025-02-25,曇り,9.1,-2.3,3.4,0.0,69.0,1.6
5018,2,2025-02-25,晴れ,8.9,-2.3,3.3,0.0,48.0,0.7
5019,3,2025-02-25,晴れ,4.2,-7.1,-1.4,0.0,50.5,3.6
5020,4,2025-02-25,晴れ,6.6,-4.7,0.9,0.0,46.2,1.9
5021,1,2025-02-26,雪,6.7,-4.6,1.1,5.5,53.0,2.0
5022,2,2025-02-26,雨,8.6,-3.0,2.8,2.2,72.6,3.7
5023,3,2025-02-26,雪,2.2,-9.1,-3.4,4.1,66.9,0.2
5024,4,2025-02-26,雨,3.3,-7.8,-2.2,15.3,78.8,2.9
5025,1,2025-02-27,晴れ,8.7,-2.7,3.0,0.0,47.8,3.6
5026,2,2025-02-27,晴れ,11.3,-0.5,5.4,0.0,49.3,1.1
5027,3,2025-02-27,晴れ,4.1,-7.3,-1.6,0.0,37.3,2.8
5028,4,2025-02-27,晴れ,5.1,-6.0,-0.5,0.0,43.1,2.1
5029,1,2025-02-28,雨,11.4,-0.2,5.6,7.0,79.2,3.5
5030,2,2025-02-28,雨,11.2,-0.3,5.4,0.5,78.5,3.3
5031,3,2025-02-28,雨,5.2,-6.1,-0.4,0.5,79.8,4.3
5032,4,2025-02-28,雨,9.2,-2.5,3.3,0.5,73.3,4.5
5033,1,2025-03-01,晴れ,13.7,2.1,7.9,0.0,55.8,1.4
5034,2,2025-03-01,晴れ,13.7,2.2,7.9,0.0,49.6,4.5
5035,3,2025-03-01,晴れ,8.8,-2.8,3.0,0.0,52.3,2.5
5036,4,2025-03-01,晴れ,12.1,0.3,6.2,0.0,55.3,2.9
5037,1,2025-03-02,晴れ,12.7,1.2,6.9,0.0,62.7,2.4
5038,2,2025-03-02,晴れ,11.7,0.5,6.1,0.0,46.4,0.8
5039,3,2025-03-02,晴れ,8.4,-3.1,2.7,0.0,48.0,1.5
5040,4,2025-03-02,晴れ,8.3,-2.8,2.8,0.0,65.2,1.5
5041,1,2025-03-03,晴れ,14.3,2.7,8.5,0.0,50.1,1.6
5042,2,2025-03-03,晴れ,13.6,2.3,7.9,0.0,69.6,1.9
5043,3,2025-03-03,曇り,8.6,-2.8,2.9,0.0,66.6,2.2
5044,4,2025-03-03,曇り,11.0,-0.4,5.3,0.0,67.7,2.5
5045,1,2025-03-04,雨,16.0,3.9,9.9,9.5,87.7,4.0
5046,2,2025-03-04,雨,16.7,4.6,10.6,15.9,93.2,2.8
5047,3,2025-03-04,雨,9.0,-2.6,3.2,8.9,75.7,2.5
5048,4,2025-03-04,雨,10.8,-0.7,5.1,39.1,91.6,3.9
5049,1,2025-03-05,晴れ,14.4,2.8,8.6,0.0,60.1,2.2
5050,2,2025-03-05,晴れ,13.9,2.5,8.2,0.0,53.6,2.4
5051,3,2025-03-05,晴れ,10.6,-1.1,4.8,0.0,61.1,3.4
5052,4,2025-03-05,曇り,11.5,0.0,5.8,0.0,68.2,2.3
5053,1,2025-03-06,曇り,18.4,6.5,12.4,0.0,68.4,3.0
5054,2,2025-03-06,晴れ,18.3,6.6,12.4,0.0,57.2,3.2
5055,3,2025-03-06,晴れ,14.5,2.5,8.5,0.0,58.7,2.5
5056,4,2025-03-06,曇り,14.6,3.1,8.8,0.0,63.7,2.4
5057,1,2025-03-07,晴れ,20.0,7.9,13.9,0.0,44.4,3.0
5058,2,2025-03-07,晴れ,21.7,9.4,15.6,0.0,63.2,1.8
5059,3,2025-03-07,晴れ,15.7,3.6,9.7,0.0,72.4,3.2
5060,4,2025-03-07,晴れ,15.9,4.2,10.1,0.0,54.2,2.2
5061,1,2025-03-08,晴れ,15.2,3.4,9.3,0.0,53.4,3.4
5062,2,2025-03-08,晴れ,15.4,3.6,9.5,0.0,46.7,2.1
5063,3,2025-03-08,晴れ,10.4,-1.4,4.5,0.0,51.7,1.6
5064,4,2025-03-08,曇り,12.6,0.8,6.7,0.0,67.0,1.6
5065,1,2025-03-09,晴れ,14.4,2.8,8.6,0.0,53.7,1.8
5066,2,2025-03-09,曇り,16.1,4.3,10.2,0.0,59.9,3.3
5067,3,2025-03-09,晴れ,12.8,0.5,6.7,0.0,59.2,0.9
5068,4,2025-03-09,晴れ,12.3,0.6,6.5,0.0,55.7,0.9
5069,1,2025-03-10,晴れ,13.9,1.8,7.9,0.0,43.9,1.8
5070,2,2025-03-10,晴れ,15.3,3.1,9.2,0.0,47.8,2.1
5071,3,2025-03-10,晴れ,8.3,-3.6,2.4,0.0,46.4,3.1
5072,4,2025-03-10,晴れ,12.4,0.2,6.3,0.0,56.4,2.7
5073,1,2025-03-11,曇り,10.5,-1.2,4.7,0.0,60.6,2.3
5074,2,2025-03-11,曇り,11.2,-0.5,5.3,0.0,54.2,2.6
5075,3,2025-03-11,晴れ,6.8,-5.1,0.9,0.0,56.7,1.4
5076,4,2025-03-11,晴れ,7.7,-3.9,1.9,0.0,46.9,4.2
5077,1,2025-03-12,曇り,9.5,-2.3,3.6,0.0,60.7,2.6
5078,2,2025-03-12,曇り,14.2,1.6,7.9,0.0,66.1,2.4
5079,3,2025-03-12,晴れ,4.8,-6.9,-1.1,0.0,52.4,3.7
5080,4,2025-03-12,曇り,7.7,-4.2,1.8,0.0,66.1,3.8
5081,1,2025-03-13,晴れ,9.2,-2.7,3.2,0.0,49.9,0.9
5082,2,2025-03-13,曇り,11.8,-0.5,5.7,0.0,67.1,1.7
5083,3,2025-03-13,晴れ,4.5,-7.4,-1.5,0.0,53.9,1.8
5084,4,2025-03-13,曇り,6.6,-5.3,0.6,0.0,69.0,1.8
5085,1,2025-03-14,曇り,11.2,-0.9,5.1,0.0,77.9,2.5
5086,2,2025-03-14,曇り,10.5,-1.4,4.5,0.0,74.8,3.8
5087,3,2025-03-14,曇り,6.0,-6.0,0.0,0.0,71.3,0.9
5088,4,2025-03-14,晴れ,7.0,-4.8,1.1,0.0,67.4,2.8
5089,1,2025-03-15,曇り,12.5,0.6,6.5,0.0,71.2,0.8
5090,2,2025-03-15,晴れ,13.4,1.5,7.5,0.0,47.1,2.3
5091,3,2025-03-15,曇り,9.1,-3.0,3.0,0.0,63.7,1.2
5092,4,2025-03-15,曇り,11.3,-0.8,5.2,0.0,65.6,3.7
5093,1,2025-03-16,晴れ,12.2,0.2,6.2,0.0,48.5,3.7
5094,2,2025-03-16,晴れ,14.1,1.8,8.0,0.0,56.7,0.8
5095,3,2025-03-16,曇り,7.4,-4.5,1.5,0.0,68.7,3.1
5096,4,2025-03-16,晴れ,9.4,-2.5,3.5,0.0,52.3,4.2
5097,1,2025-03-17,曇り,14.8,2.6,8.7,0.0,67.7,2.7
5098,2,2025-03-17,曇り,14.6,2.6,8.6,0.0,64.2,2.9
5099,3,2025-03-17,曇り,10.7,-1.5,4.6,0.0,66.4,3.8
5100,4,2025-03-17,曇り,11.0,-0.9,5.0,0.0,71.1,1.3
5101,1,2025-03-18,雪,14.5,2.5,8.5,11.2,79.5,3.0
5102,2,2025-03-18,雨,13.2,1.5,7.3,3.8,89.8,3.0
5103,3,2025-03-18,雨,10.8,-1.4,4.7,10.5,79.7,4.4
5104,4,2025-03-18,雪,10.4,-1.3,4.5,0.5,76.5,1.6
5105,1,2025-03-19,曇り,14.6,2.7,8.7,0.0,67.9,2.4
5106,2,2025-03-19,晴れ,15.4,3.5,9.4,0.0,60.3,1.5
5107,3,2025-03-19,晴れ,10.1,-1.7,4.2,0.0,66.3,2.4
5108,4,2025-03-19,曇り,14.6,2.3,8.4,0.0,73.5,2.5
5109,1,2025-03-20,晴れ,18.0,6.0,12.0,0.0,57.6,3.2
5110,2,2025-03-20,曇り,18.7,6.7,12.7,0.0,64.7,1.7
5111,3,2025-03-20,晴れ,13.6,1.6,7.6,0.0,60.0,2.3
5112,4,2025-03-20,晴れ,17.6,5.2,11.4,0.0,55.6,2.4
5113,1,2025-03-21,雨,14.4,2.5,8.4,45.2,87.4,4.3
5114,2,2025-03-21,雨,16.8,4.6,10.7,25.1,84.7,3.9
5115,3,2025-03-21,雪,12.0,-0.3,5.8,3.6,78.7,3.0
5116,4,2025-03-21,雪,13.2,1.2,7.2,5.9,73.3,3.3
5117,1,2025-03-22,晴れ,13.5,1.7,7.6,0.0,51.2,1.6
5118,2,2025-03-22,晴れ,14.6,2.7,8.7,0.0,59.9,1.5
5119,3,2025-03-22,晴れ,9.4,-2.4,3.5,0.0,46.8,2.2
5120,4,2025-03-22,曇り,11.4,-0.4,5.5,0.0,68.2,1.8
5121,1,2025-03-23,晴れ,14.8,2.9,8.8,0.0,53.3,0.9
5122,2,2025-03-23,晴れ,15.2,3.3,9.2,0.0,54.1,2.2
5123,3,2025-03-23,晴れ,10.1,-1.8,4.1,0.0,46.0,1.1
5124,4,2025-03-23,晴れ,12.4,0.5,6.5,0.0,57.6,3.4
5125,1,2025-03-24,晴れ,14.3,2.5,8.4,0.0,52.9,0.9
5126,2,2025-03-24,曇り,15.3,3.4,9.3,0.0,70.9,2.4
5127,3,2025-03-24,曇り,9.0,-2.7,3.1,0.0,73.5,2.8
5128,4,2025-03-24,晴れ,10.6,-0.9,4.8,0.0,48.2,3.2
5129,1,2025-03-25,曇り,16.0,4.0,10.0,0.0,73.2,0.7
5130,2,2025-03-25,晴れ,16.7,4.7,10.7,0.0,41.4,2.3
5131,3,2025-03-25,晴れ,11.2,-0.7,5.2,0.0,61.7,2.1
5132,4,2025-03-25,晴れ,10.8,-0.5,5.2,0.0,52.9,1.7
5133,1,2025-03-26,晴れ,15.0,3.4,9.2,0.0,53.0,2.1
5134,2,2025-03-26,晴れ,16.2,4.5,10.3,0.0,58.1,3.2
5135,3,2025-03-26,晴れ,10.8,-0.8,5.0,0.0,52.7,3.0
5136,4,2025-03-26,晴れ,14.8,2.9,8.8,0.0,52.1,3.5
5137,1,2025-03-27,晴れ,12.7,1.1,6.9,0.0,55.8,3.7
5138,2,2025-03-27,曇り,14.5,2.7,8.6,0.0,69.9,1.4
5139,3,2025-03-27,曇り,9.6,-2.3,3.6,0.0,67.5,2.2
5140,4,2025-03-27,晴れ,10.2,-1.3,4.4,0.0,50.6,2.0
5141,1,2025-03-28,雨,13.8,2.5,8.2,4.9,75.5,2.4
5142,2,2025-03-28,雨,13.4,2.2,7.8,3.7,76.0,3.6
5143,3,2025-03-28,雨,10.7,-0.9,4.9,0.5,92.0,1.9
5144,4,2025-03-28,雪,13.9,2.1,8.0,5.3,67.8,1.1
5145,1,2025-03-29,晴れ,18.1,6.4,12.2,0.0,56.7,1.9
5146,2,2025-03-29,晴れ,17.5,6.0,11.8,0.0,50.5,2.4
5147,3,2025-03-29,晴れ,12.6,1.1,6.8,0.0,66.7,0.5
5148,4,2025-03-29,晴れ,15.4,3.8,9.6,0.0,58.3,2.1
5149,1,2025-03-30,晴れ,16.0,4.7,10.3,0.0,61.3,0.5
5150,2,2025-03-30,晴れ,18.9,7.2,13.0,0.0,47.3,2.8
5151,3,2025-03-30,晴れ,11.9,0.5,6.2,0.0,54.7,0.9
5152,4,2025-03-30,晴れ,15.0,3.5,9.2,0.0,48.9,2.8
5153,1,2025-03-31,晴れ,15.4,4.1,9.8,0.0,50.4,1.6
5154,2,2025-03-31,晴れ,18.3,6.6,12.4,0.0,55.4,1.2
5155,3,2025-03-31,曇り,11.0,-0.3,5.3,0.0,72.5,2.2
5156,4,2025-03-31,晴れ,14.7,3.1,8.9,0.0,58.2,1.6
5157,1,2025-04-01,曇り,15.3,3.8,9.6,0.0,59.4,1.1
5158,2,2025-04-01,晴れ,16.0,4.5,10.2,0.0,65.1,1.6
5159,3,2025-04-01,晴れ,11.7,0.0,5.8,0.0,52.9,3.3
5160,4,2025-04-01,曇り,14.9,3.0,8.9,0.0,75.1,2.5
5161,1,2025-04-02,雨,15.8,4.1,9.9,7.2,76.7,2.6
5162,2,2025-04-02,雨,14.6,3.3,8.9,13.2,74.0,3.7
5163,3,2025-04-02,雨,9.7,-1.7,4.0,1.4,80.0,1.4
5164,4,2025-04-02,雨,11.6,0.3,6.0,10.6,77.2,4.4
5165,1,2025-04-03,雨,12.1,1.3,6.7,48.6,83.8,4.2
5166,2,2025-04-03,雨,15.0,3.8,9.4,0.5,98.2,5.3
5167,3,2025-04-03,雨,7.4,-3.4,2.0,5.9,83.0,1.7
5168,4,2025-04-03,雨,12.4,1.1,6.8,4.7,81.8,3.8
5169,1,2025-04-04,雨,13.3,2.1,7.7,13.2,81.0,3.3
5170,2,2025-04-04,雨,14.2,2.9,8.5,0.5,81.8,3.5
5171,3,2025-04-04,雨,6.9,-3.9,1.5,9.5,86.7,0.9
5172,4,2025-04-04,雨,14.2,2.4,8.3,2.9,87.4,4.4
5173,1,2025-04-05,雨,13.9,2.9,8.4,16.8,84.7,6.3
5174,2,2025-04-05,雨,14.4,3.3,8.8,5.0,94.7,4.7
5175,3,2025-04-05,雨,10.6,-0.7,5.0,58.7,80.1,4.3
5176,4,2025-04-05,雨,12.6,1.3,7.0,0.5,83.4,4.2
5177,1,2025-04-06,雨,16.8,5.6,11.2,1.9,86.2,3.3
5178,2,2025-04-06,雨,16.9,5.9,11.4,9.8,87.0,3.2
5179,3,2025-04-06,雨,11.6,0.6,6.1,5.0,99.0,2.2
5180,4,2025-04-06,雨,15.6,4.3,9.9,5.7,95.8,3.5
5181,1,2025-04-07,雨,15.9,5.0,10.4,0.5,81.0,3.3
5182,2,2025-04-07,雨,18.4,7.1,12.8,8.0,91.3,3.3
5183,3,2025-04-07,雨,13.1,1.8,7.5,0.5,81.5,3.1
5184,4,2025-04-07,雨,16.5,5.0,10.8,2.8,87.5,2.8
5185,1,2025-04-08,晴れ,15.9,4.9,10.4,0.0,56.5,2.4
5186,2,2025-04-08,曇り,16.0,5.0,10.5,0.0,72.8,1.3
5187,3,2025-04-08,曇り,11.2,0.2,5.7,0.0,62.4,2.3
5188,4,2025-04-08,晴れ,11.4,0.8,6.1,0.0,53.2,2.7
5189,1,2025-04-09,曇り,14.0,3.1,8.6,0.0,70.9,1.4
5190,2,2025-04-09,晴れ,13.9,3.1,8.5,0.0,45.2,0.7
5191,3,2025-04-09,曇り,9.6,-1.3,4.1,0.0,71.4,1.9
5192,4,2025-04-09,曇り,10.5,-0.2,5.2,0.0,50.0,4.4
5193,1,2025-04-10,晴れ,15.1,4.1,9.6,0.0,54.4,2.9
5194,2,2025-04-10,曇り,16.9,5.7,11.3,0.0,74.7,4.0
5195,3,2025-04-10,晴れ,11.7,0.5,6.1,0.0,52.9,1.9
5196,4,2025-04-10,曇り,13.8,2.7,8.2,0.0,75.3,1.3
5197,1,2025-04-11,雨,16.7,5.5,11.1,6.5,87.7,3.8
5198,2,2025-04-11,雨,15.5,4.7,10.1,5.7,82.3,4.5
5199,3,2025-04-11,雨,11.8,0.7,6.2,25.1,93.0,0.6
5200,4,2025-04-11,雨,11.7,1.1,6.4,6.0,87.0,6.1
5201,1,2025-04-12,曇り,15.2,4.3,9.8,0.0,60.5,1.7
5202,2,2025-04-12,曇り,17.2,6.0,11.6,0.0,66.7,3.2
5203,3,2025-04-12,晴れ,11.5,0.5,6.0,0.0,50.2,0.6
5204,4,2025-04-12,曇り,13.8,2.7,8.2,0.0,67.0,4.0
5205,1,2025-04-13,雨,17.9,6.7,12.3,10.2,93.3,3.4
5206,2,2025-04-13,雨,18.7,7.5,13.1,13.5,81.0,3.8
5207,3,2025-04-13,雨,9.8,-0.7,4.6,0.5,81.2,2.9
5208,4,2025-04-13,雨,16.9,5.5,11.2,9.3,68.7,4.3
5209,1,2025-04-14,曇り,21.7,10.5,16.1,0.0,50.7,1.9
5210,2,2025-04-14,曇り,21.6,10.5,16.1,0.0,57.4,3.3
5211,3,2025-04-14,曇り,15.9,4.9,10.4,0.0,62.9,1.0
5212,4,2025-04-14,曇り,19.3,8.1,13.7,0.0,62.0,1.9
5213,1,2025-04-15,雨,19.9,9.0,14.4,36.2,84.8,2.7
5214,2,2025-04-15,雨,20.6,9.7,15.2,10.2,73.8,3.2
5215,3,2025-04-15,雨,18.7,7.1,12.9,8.3,86.8,3.9
5216,4,2025-04-15,雨,18.4,7.3,12.8,7.7,92.4,3.2
5217,1,2025-04-16,雨,20.3,9.4,14.9,19.8,91.0,2.7
5218,2,2025-04-16,雨,21.7,10.7,16.2,60.2,95.0,3.3
5219,3,2025-04-16,雨,16.9,5.8,11.3,15.3,81.6,4.3
5220,4,2025-04-16,雨,17.8,6.9,12.4,8.1,82.6,5.3
5221,1,2025-04-17,雨,18.9,8.0,13.4,10.0,90.2,3.2
5222,2,2025-04-17,雨,20.3,9.2,14.8,12.2,87.4,3.4
5223,3,2025-04-17,雨,13.8,3.0,8.4,48.1,85.1,2.2
5224,4,2025-04-17,雨,16.1,5.4,10.8,13.7,86.9,2.1
5225,1,2025-04-18,雨,17.7,7.2,12.4,4.1,85.5,2.2
5226,2,2025-04-18,雨,20.0,9.2,14.6,3.5,89.5,1.8
5227,3,2025-04-18,雨,17.1,5.8,11.5,15.6,91.4,3.0
5228,4,2025-04-18,雨,19.4,8.1,13.8,17.3,83.8,3.1
5229,1,2025-04-19,晴れ,20.0,9.2,14.6,0.0,55.9,1.7
5230,2,2025-04-19,晴れ,22.0,11.0,16.5,0.0,66.4,0.2
5231,3,2025-04-19,晴れ,17.2,6.1,11.6,0.0,57.5,1.3
5232,4,2025-04-19,晴れ,19.6,8.5,14.1,0.0,65.9,3.0
5233,1,2025-04-20,雨,19.5,8.6,14.1,52.9,86.8,3.7
5234,2,2025-04-20,雨,19.0,8.3,13.7,5.8,98.9,2.9
5235,3,2025-04-20,雨,14.8,3.9,9.3,9.3,99.0,4.5
5236,4,2025-04-20,雨,17.4,6.5,11.9,11.9,84.4,3.5
5237,1,2025-04-21,曇り,19.0,8.1,13.6,0.0,58.2,3.5
5238,2,2025-04-21,晴れ,20.7,9.6,15.1,0.0,54.7,0.2
5239,3,2025-04-21,曇り,17.1,5.7,11.4,0.0,63.1,1.8
5240,4,2025-04-21,曇り,17.8,6.7,12.2,0.0,70.1,2.2
5241,1,2025-04-22,曇り,18.4,7.8,13.1,0.0,57.5,0.7
5242,2,2025-04-22,曇り,20.4,9.5,14.9,0.0,69.3,2.5
5243,3,2025-04-22,曇り,15.6,4.7,10.2,0.0,61.2,1.8
5244,4,2025-04-22,晴れ,18.7,7.6,13.1,0.0,56.1,3.1
5245,1,2025-04-23,雨,20.0,8.9,14.4,8.4,79.3,3.9
5246,2,2025-04-23,雨,20.8,9.7,15.2,2.4,77.1,3.9
5247,3,2025-04-23,雨,14.6,3.7,9.2,2.4,80.7,4.6
5248,4,2025-04-23,雨,17.8,6.7,12.2,7.2,87.1,2.5
5249,1,2025-04-24,雨,18.5,7.6,13.1,8.6,66.4,3.3
5250,2,2025-04-24,雨,18.8,8.0,13.4,6.9,88.3,4.5
5251,3,2025-04-24,雨,15.1,4.0,9.6,13.3,83.9,4.9
5252,4,2025-04-24,雨,16.7,5.7,11.2,6.3,79.2,2.3
5253,1,2025-04-25,雨,16.7,6.0,11.3,2.9,83.8,3.1
5254,2,2025-04-25,雨,17.6,6.9,12.2,8.4,91.2,4.8
5255,3,2025-04-25,雨,13.1,2.3,7.7,11.0,78.9,4.2
5256,4,2025-04-25,雨,15.7,4.8,10.2,23.3,77.1,2.9
5257,1,2025-04-26,曇り,18.6,8.0,13.3,0.0,60.7,1.1
5258,2,2025-04-26,曇り,19.7,9.0,14.3,0.0,66.9,2.1
5259,3,2025-04-26,曇り,14.4,3.7,9.1,0.0,79.9,0.4
5260,4,2025-04-26,晴れ,17.6,6.8,12.2,0.0,55.4,1.6
5261,1,2025-04-27,曇り,21.0,10.5,15.8,0.0,57.2,1.8
5262,2,2025-04-27,晴れ,23.0,12.2,17.6,0.0,44.7,2.2
5263,3,2025-04-27,曇り,19.3,8.2,13.8,0.0,73.5,2.3
5264,4,2025-04-27,晴れ,18.2,7.8,13.0,0.0,44.9,3.9
5265,1,2025-04-28,曇り,20.4,9.9,15.1,0.0,60.7,2.9
5266,2,2025-04-28,晴れ,20.0,9.6,14.8,0.0,50.7,1.0
5267,3,2025-04-28,曇り,15.8,5.2,10.5,0.0,70.3,0.7
5268,4,2025-04-28,曇り,19.5,8.6,14.1,0.0,68.2,4.2
5269,1,2025-04-29,晴れ,21.9,11.2,16.5,0.0,56.8,2.2
5270,2,2025-04-29,曇り,21.4,11.0,16.2,0.0,61.5,2.3
5271,3,2025-04-29,曇り,16.1,5.7,10.9,0.0,69.8,3.1
5272,4,2025-04-29,晴れ,18.1,7.7,12.9,0.0,55.5,2.7
5273,1,2025-04-30,雨,20.0,9.6,14.8,12.6,78.5,2.6
5274,2,2025-04-30,雨,21.1,10.6,15.9,8.2,85.1,2.7
5275,3,2025-04-30,雨,14.3,4.1,9.2,5.0,88.8,3.0
5276,4,2025-04-30,雨,19.4,8.6,14.0,10.3,86.0,3.3
5277,1,2025-05-01,晴れ,19.3,9.0,14.2,0.0,56.2,2.4
5278,2,2025-05-01,晴れ,20.6,10.2,15.4,0.0,61.9,2.7
5279,3,2025-05-01,曇り,13.7,3.6,8.7,0.0,69.5,2.0
5280,4,2025-05-01,晴れ,18.5,7.9,13.2,0.0,58.6,2.8
5281,1,2025-05-02,雨,18.4,8.2,13.3,18.0,80.2,3.5
5282,2,2025-05-02,雨,20.3,9.9,15.1,13.4,73.9,2.8
5283,3,2025-05-02,雨,16.2,5.6,10.9,12.4,85.6,3.7
5284,4,2025-05-02,雨,17.2,6.9,12.1,61.0,83.1,5.1
5285,1,2025-05-03,雨,19.4,8.7,14.0,5.7,80.4,2.6
5286,2,2025-05-03,雨,17.2,7.1,12.1,10.9,86.6,3.9
5287,3,2025-05-03,雨,13.2,2.8,8.0,8.1,86.3,3.9
5288,4,2025-05-03,雨,17.9,7.0,12.4,16.0,77.9,3.3
5289,1,2025-05-04,晴れ,20.2,9.4,14.8,0.0,58.6,1.9
5290,2,2025-05-04,晴れ,18.6,8.3,13.5,0.0,55.5,3.3
5291,3,2025-05-04,晴れ,12.5,2.4,7.5,0.0,65.9,2.3
5292,4,2025-05-04,晴れ,14.9,4.8,9.8,0.0,57.8,3.5
5293,1,2025-05-05,雨,19.1,8.6,13.9,6.7,79.6,2.9
5294,2,2025-05-05,雨,17.8,7.7,12.8,17.2,81.2,2.7
5295,3,2025-05-05,雨,12.0,2.1,7.0,6.5,86.5,4.3
5296,4,2025-05-05,雨,16.2,5.9,11.1,15.9,86.9,2.4
5297,1,2025-05-06,曇り,18.9,8.9,13.9,0.0,71.4,2.5
5298,2,2025-05-06,晴れ,19.5,9.5,14.5,0.0,63.3,2.9
5299,3,2025-05-06,晴れ,13.7,3.9,8.8,0.0,58.3,1.9
5300,4,2025-05-06,晴れ,18.0,7.8,12.9,0.0,58.6,1.9
5301,1,2025-05-07,曇り,21.1,10.7,15.9,0.0,63.2,2.6
5302,2,2025-05-07,曇り,21.5,11.1,16.3,0.0,65.1,2.1
5303,3,2025-05-07,曇り,15.2,5.0,10.1,0.0,70.3,2.9
5304,4,2025-05-07,晴れ,17.8,7.5,12.7,0.0,54.7,2.8
5305,1,2025-05-08,雨,22.0,11.7,16.9,8.8,93.8,4.0
5306,2,2025-05-08,雨,22.9,12.6,17.8,7.7,82.2,3.6
5307,3,2025-05-08,雨,16.7,6.6,11.6,14.1,77.8,2.9
5308,4,2025-05-08,雨,19.6,9.4,14.5,18.4,69.0,4.8
5309,1,2025-05-09,雨,23.3,12.8,18.1,2.3,76.2,4.5
5310,2,2025-05-09,雨,21.4,11.5,16.4,7.6,79.5,3.2
5311,3,2025-05-09,雨,17.9,7.6,12.8,7.7,76.7,1.3
5312,4,2025-05-09,雨,19.8,9.6,14.7,3.3,90.9,3.1
5313,1,2025-05-10,晴れ,20.6,10.7,15.7,0.0,51.5,3.3
5314,2,2025-05-10,曇り,23.6,13.2,18.4,0.0,69.7,3.2
5315,3,2025-05-10,曇り,17.0,6.9,11.9,0.0,67.4,2.1
5316,4,2025-05-10,晴れ,18.4,8.4,13.4,0.0,49.4,3.0
5317,1,2025-05-11,晴れ,21.8,11.8,16.8,0.0,59.2,1.7
5318,2,2025-05-11,晴れ,24.0,13.7,18.9,0.0,55.8,1.2
5319,3,2025-05-11,晴れ,18.0,7.8,12.9,0.0,59.5,2.2
5320,4,2025-05-11,曇り,21.0,10.7,15.8,0.0,68.0,2.1
5321,1,2025-05-12,晴れ,24.8,14.8,19.8,0.0,48.5,2.1
5322,2,2025-05-12,曇り,25.2,15.2,20.2,0.0,67.0,2.6
5323,3,2025-05-12,晴れ,19.5,9.6,14.6,0.0,55.8,2.6
5324,4,2025-05-12,晴れ,21.2,11.5,16.4,0.0,51.3,3.3
5325,1,2025-05-13,雨,26.2,15.9,21.1,21.9,81.6,4.4
5326,2,2025-05-13,雨,25.7,15.7,20.7,6.3,85.9,2.7
5327,3,2025-05-13,雨,20.2,10.2,15.2,5.7,92.0,2.6
5328,4,2025-05-13,雨,20.9,11.3,16.1,0.5,98.8,4.0
5329,1,2025-05-14,雨,24.1,13.9,19.0,61.6,88.0,2.2
5330,2,2025-05-14,雨,24.4,14.2,19.3,0.5,80.4,3.4
5331,3,2025-05-14,雨,18.5,8.5,13.5,5.2,88.7,3.7
5332,4,2025-05-14,雨,19.4,9.7,14.5,15.6,85.2,4.4
5333,1,2025-05-15,曇り,21.9,12.1,17.0,0.0,61.4,3.7
5334,2,2025-05-15,曇り,23.6,13.5,18.6,0.0,71.0,1.4
5335,3,2025-05-15,曇り,18.2,8.2,13.2,0.0,74.8,0.2
5336,4,2025-05-15,曇り,21.2,11.1,16.1,0.0,63.9,2.4
5337,1,2025-05-16,雨,25.1,14.9,20.0,2.6,80.3,1.7
5338,2,2025-05-16,雨,24.4,14.5,19.4,8.0,83.1,6.1
5339,3,2025-05-16,雨,20.2,10.1,15.1,2.4,83.3,3.6
5340,4,2025-05-16,雨,22.3,12.3,17.3,16.7,79.1,2.9
5341,1,2025-05-17,曇り,24.7,14.8,19.8,0.0,70.9,0.7
5342,2,2025-05-17,晴れ,24.6,14.8,19.7,0.0,61.1,1.6
5343,3,2025-05-17,曇り,20.9,10.9,15.9,0.0,64.4,1.9
5344,4,2025-05-17,晴れ,24.3,14.0,19.1,0.0,64.0,2.1
5345,1,2025-05-18,雨,24.7,14.9,19.8,8.0,78.8,3.2
5346,2,2025-05-18,雨,26.3,16.3,21.3,6.6,80.9,3.0
5347,3,2025-05-18,雨,21.2,11.2,16.2,15.3,88.8,1.8
5348,4,2025-05-18,雨,22.8,13.0,17.9,10.0,88.3,2.6
5349,1,2025-05-19,晴れ,24.6,14.6,19.6,0.0,56.9,2.3
5350,2,2025-05-19,晴れ,25.6,15.6,20.6,0.0,63.9,2.7
5351,3,2025-05-19,晴れ,20.5,10.4,15.4,0.0,61.8,1.2
5352,4,2025-05-19,曇り,21.6,11.8,16.7,0.0,64.5,1.9
5353,1,2025-05-20,曇り,23.6,13.9,18.8,0.0,70.3,2.7
5354,2,2025-05-20,晴れ,24.9,15.0,19.9,0.0,49.0,4.1
5355,3,2025-05-20,曇り,19.6,9.8,14.7,0.0,68.2,2.8
5356,4,2025-05-20,曇り,22.4,12.5,17.4,0.0,76.0,3.7
5357,1,2025-05-21,曇り,21.5,12.1,16.8,0.0,77.9,2.7
5358,2,2025-05-21,晴れ,24.0,14.1,19.1,0.0,56.5,2.3
5359,3,2025-05-21,晴れ,17.8,8.2,13.0,0.0,61.0,2.6
5360,4,2025-05-21,晴れ,21.7,11.8,16.8,0.0,52.2,2.3
5361,1,2025-05-22,雨,22.4,12.8,17.6,0.5,87.5,4.0
5362,2,2025-05-22,雨,23.7,14.0,18.9,31.5,87.3,3.2
5363,3,2025-05-22,雨,18.7,9.0,13.8,7.9,81.2,2.3
5364,4,2025-05-22,雨,21.4,11.6,16.5,9.4,82.1,4.7
5365,1,2025-05-23,雨,25.4,16.0,20.7,11.9,88.6,2.7
5366,2,2025-05-23,雨,27.2,17.5,22.4,8.5,80.0,2.1
5367,3,2025-05-23,雨,20.6,11.2,15.9,7.7,83.0,2.7
5368,4,2025-05-23,雨,23.7,14.1,18.9,1.3,87.9,4.3
5369,1,2025-05-24,曇り,25.5,16.0,20.8,0.0,64.0,2.2
5370,2,2025-05-24,晴れ,28.0,18.0,23.0,0.0,57.8,2.0
5371,3,2025-05-24,曇り,21.5,11.9,16.7,0.0,82.5,2.4
5372,4,2025-05-24,晴れ,23.2,13.6,18.4,0.0,53.8,3.1
5373,1,2025-05-25,曇り,24.4,14.9,19.6,0.0,70.3,1.9
5374,2,2025-05-25,曇り,24.9,15.4,20.1,0.0,75.7,1.2
5375,3,2025-05-25,晴れ,21.1,11.4,16.2,0.0,54.1,2.8
5376,4,2025-05-25,晴れ,21.3,12.0,16.6,0.0,55.6,2.9
5377,1,2025-05-26,雨,24.6,15.1,19.9,7.3,87.2,2.6
5378,2,2025-05-26,雨,24.4,15.0,19.7,7.6,88.3,3.1
5379,3,2025-05-26,雨,19.2,9.8,14.5,6.0,69.5,1.6
5380,4,2025-05-26,雨,20.7,11.5,16.1,40.8,86.8,4.3
5381,1,2025-05-27,晴れ,22.9,13.5,18.2,0.0,42.3,3.3
5382,2,2025-05-27,晴れ,24.0,14.6,19.3,0.0,58.1,1.8
5383,3,2025-05-27,晴れ,18.7,9.3,14.0,0.0,41.9,3.9
5384,4,2025-05-27,曇り,20.6,11.2,15.9,0.0,69.7,2.2
5385,1,2025-05-28,晴れ,26.2,16.6,21.4,0.0,56.0,1.6
5386,2,2025-05-28,曇り,25.1,15.9,20.5,0.0,58.7,3.8
5387,3,2025-05-28,晴れ,20.1,10.9,15.5,0.0,50.3,2.3
5388,4,2025-05-28,晴れ,21.3,12.3,16.8,0.0,60.4,3.0
5389,1,2025-05-29,曇り,24.7,15.5,20.1,0.0,71.1,2.5
5390,2,2025-05-29,晴れ,25.9,16.5,21.2,0.0,51.7,2.4
5391,3,2025-05-29,曇り,21.4,11.9,16.6,0.0,64.5,1.9
5392,4,2025-05-29,晴れ,23.2,13.8,18.5,0.0,52.8,0.5
5393,1,2025-05-30,雨,26.9,17.3,22.1,9.5,90.7,4.0
5394,2,2025-05-30,雨,23.8,15.0,19.4,5.0,81.9,3.2
5395,3,2025-05-30,雨,20.1,11.0,15.6,13.6,79.9,4.5
5396,4,2025-05-30,雨,22.1,13.0,17.6,13.1,82.4,4.6
5397,1,2025-05-31,雨,21.9,13.2,17.5,22.0,70.6,4.1
5398,2,2025-05-31,雨,23.0,14.2,18.6,13.0,81.5,2.6
5399,3,2025-05-31,雨,17.9,9.1,13.5,13.9,82.6,4.0
5400,4,2025-05-31,雨,20.7,11.8,16.2,5.8,86.5,3.9
5401,1,2025-06-01,雷雨,24.1,15.3,19.7,24.9,99.0,3.7
5402,2,2025-06-01,雨,24.3,15.6,19.9,9.6,99.0,3.9
5403,3,2025-06-01,雨,18.5,9.9,14.2,17.8,99.0,4.6
5404,4,2025-06-01,雷雨,22.0,13.2,17.6,28.6,98.7,4.1
5405,1,2025-06-02,曇り,24.0,15.2,19.6,0.0,79.0,2.6
5406,2,2025-06-02,曇り,23.6,15.0,19.3,0.0,84.6,1.9
5407,3,2025-06-02,晴れ,20.2,11.3,15.8,0.0,59.8,3.2
5408,4,2025-06-02,曇り,22.1,13.3,17.7,0.0,74.6,2.7
5409,1,2025-06-03,曇り,25.5,16.8,21.1,0.0,85.5,1.9
5410,2,2025-06-03,曇り,25.6,17.0,21.3,0.0,82.9,2.5
5411,3,2025-06-03,曇り,20.0,11.5,15.8,0.0,69.6,2.8
5412,4,2025-06-03,晴れ,23.2,14.5,18.9,0.0,59.5,2.8
5413,1,2025-06-04,晴れ,25.4,16.8,21.1,0.0,63.6,4.0
5414,2,2025-06-04,晴れ,25.7,17.2,21.4,0.0,78.7,2.7
5415,3,2025-06-04,曇り,20.6,12.1,16.4,0.0,80.6,1.7
5416,4,2025-06-04,曇り,22.8,14.3,18.6,0.0,83.2,2.8
5417,1,2025-06-05,曇り,24.4,16.0,20.2,0.0,74.9,2.3
5418,2,2025-06-05,曇り,25.4,16.9,21.1,0.0,77.5,2.9
5419,3,2025-06-05,曇り,20.2,11.7,15.9,0.0,78.5,2.3
5420,4,2025-06-05,曇り,22.8,14.2,18.5,0.0,69.4,3.1
5421,1,2025-06-06,曇り,26.0,17.3,21.6,0.0,88.1,2.7
5422,2,2025-06-06,晴れ,26.0,17.4,21.7,0.0,68.5,2.6
5423,3,2025-06-06,晴れ,20.4,11.9,16.1,0.0,69.5,2.6
5424,4,2025-06-06,曇り,21.2,13.0,17.1,0.0,76.4,1.4
5425,1,2025-06-07,雷雨,25.8,17.4,21.6,3.4,93.9,4.8
5426,2,2025-06-07,雨,24.4,16.4,20.4,35.3,95.4,3.5
5427,3,2025-06-07,雨,20.8,12.4,16.6,19.8,94.0,2.8
5428,4,2025-06-07,雨,22.2,14.1,18.1,0.5,82.2,4.0
5429,1,2025-06-08,雨,26.9,18.5,22.7,12.4,99.0,3.1
5430,2,2025-06-08,雨,27.7,19.3,23.5,7.6,91.1,5.6
5431,3,2025-06-08,雨,21.1,13.0,17.1,6.1,90.1,2.2
5432,4,2025-06-08,雷雨,25.0,16.6,20.8,39.0,99.0,2.3
5433,1,2025-06-09,雨,26.1,17.7,21.9,4.3,84.5,3.6
5434,2,2025-06-09,雷雨,24.0,16.1,20.1,16.0,91.4,3.7
5435,3,2025-06-09,雷雨,20.6,12.4,16.5,21.6,95.0,3.8
5436,4,2025-06-09,雨,23.2,15.0,19.1,4.7,99.0,1.6
5437,1,2025-06-10,雨,23.8,15.9,19.9,1.5,99.0,3.0
5438,2,2025-06-10,雨,25.6,17.4,21.5,2.3,99.0,3.6
5439,3,2025-06-10,雨,21.1,12.8,17.0,3.2,93.0,3.5
5440,4,2025-06-10,雨,22.8,14.7,18.8,10.2,99.0,4.2
5441,1,2025-06-11,晴れ,23.9,16.1,20.0,0.0,74.5,3.4
5442,2,2025-06-11,晴れ,27.1,18.8,23.0,0.0,58.2,2.9
5443,3,2025-06-11,晴れ,21.0,12.9,16.9,0.0,68.1,3.2
5444,4,2025-06-11,曇り,23.8,15.6,19.7,0.0,69.4,2.3
5445,1,2025-06-12,雷雨,24.7,16.8,20.8,1.0,95.2,4.3
5446,2,2025-06-12,雨,24.5,16.7,20.6,59.7,90.2,2.4
5447,3,2025-06-12,雨,21.3,13.2,17.2,47.8,99.0,3.7
5448,4,2025-06-12,雨,24.4,16.1,20.2,5.1,92.7,4.1
5449,1,2025-06-13,晴れ,25.1,16.9,21.0,0.0,63.6,2.2
5450,2,2025-06-13,晴れ,23.7,16.0,19.9,0.0,68.5,1.0
5451,3,2025-06-13,晴れ,19.4,11.5,15.4,0.0,70.1,3.1
5452,4,2025-06-13,晴れ,22.4,14.4,18.4,0.0,72.7,1.5
5453,1,2025-06-14,晴れ,25.4,17.4,21.4,0.0,68.1,2.8
5454,2,2025-06-14,曇り,25.3,17.5,21.4,0.0,72.1,1.2
5455,3,2025-06-14,曇り,21.9,13.7,17.8,0.0,74.8,0.8
5456,4,2025-06-14,曇り,25.0,16.7,20.9,0.0,80.8,2.0
5457,1,2025-06-15,曇り,31.3,23.0,27.1,0.0,84.2,1.9
5458,2,2025-06-15,曇り,28.8,21.1,25.0,0.0,74.0,2.0
5459,3,2025-06-15,曇り,25.3,17.3,21.3,0.0,71.1,4.6
5460,4,2025-06-15,晴れ,28.5,20.3,24.4,0.0,69.3,2.7
5461,1,2025-06-16,雨,29.1,21.1,25.1,11.7,91.7,4.6
5462,2,2025-06-16,雨,29.1,21.3,25.2,5.8,89.2,4.2
5463,3,2025-06-16,雨,25.3,17.2,21.2,70.3,99.0,3.0
5464,4,2025-06-16,雨,28.1,19.9,24.0,14.8,92.2,1.9
5465,1,2025-06-17,曇り,28.2,20.4,24.3,0.0,82.9,3.9
5466,2,2025-06-17,晴れ,29.9,21.8,25.9,0.0,65.5,2.0
5467,3,2025-06-17,晴れ,23.2,15.5,19.4,0.0,64.1,1.1
5468,4,2025-06-17,曇り,25.3,17.6,21.5,0.0,71.4,1.2
5469,1,2025-06-18,晴れ,29.8,21.6,25.7,0.0,74.9,2.3
5470,2,2025-06-18,曇り,29.8,21.7,25.8,0.0,81.3,2.1
5471,3,2025-06-18,晴れ,22.6,15.0,18.8,0.0,72.0,1.3
5472,4,2025-06-18,晴れ,26.4,18.5,22.4,0.0,57.1,3.4
5473,1,2025-06-19,雨,27.3,19.3,23.3,0.5,99.0,3.4
5474,2,2025-06-19,雨,27.0,19.1,23.1,9.6,96.5,3.2
5475,3,2025-06-19,雷雨,22.1,14.1,18.1,43.3,98.8,3.4
5476,4,2025-06-19,雨,23.7,15.9,19.8,41.2,90.3,3.8
5477,1,2025-06-20,晴れ,26.0,18.2,22.1,0.0,71.9,1.9
5478,2,2025-06-20,曇り,27.7,19.6,23.6,0.0,79.9,2.6
5479,3,2025-06-20,曇り,21.8,13.9,17.9,0.0,73.6,1.8
5480,4,2025-06-20,晴れ,25.6,17.4,21.5,0.0,66.4,1.2
5481,1,2025-06-21,雷雨,26.0,18.1,22.1,45.5,99.0,2.4
5482,2,2025-06-21,雨,26.6,18.7,22.6,7.1,93.6,3.6
5483,3,2025-06-21,雨,20.7,12.9,16.8,9.7,91.6,2.9
5484,4,2025-06-21,雨,24.0,16.1,20.1,3.9,96.3,1.6
5485,1,2025-06-22,晴れ,26.6,18.8,22.7,0.0,75.1,2.4
5486,2,2025-06-22,曇り,27.5,19.6,23.6,0.0,90.6,2.5
5487,3,2025-06-22,晴れ,21.6,13.9,17.8,0.0,63.9,1.8
5488,4,2025-06-22,曇り,25.8,17.7,21.8,0.0,82.0,2.1
5489,1,2025-06-23,雨,27.2,19.2,23.2,0.5,92.0,5.1
5490,2,2025-06-23,雨,27.2,19.3,23.2,11.8,83.8,2.2
5491,3,2025-06-23,雨,21.6,13.8,17.7,52.0,95.8,2.9
5492,4,2025-06-23,雨,25.0,17.0,21.0,55.8,90.9,4.3
5493,1,2025-06-24,雨,24.8,16.8,20.8,12.2,93.1,6.1
5494,2,2025-06-24,雷雨,24.9,17.0,20.9,30.2,83.1,2.3
5495,3,2025-06-24,雨,20.5,12.5,16.5,10.6,92.5,2.3
5496,4,2025-06-24,雨,20.7,13.1,16.9,6.3,94.4,3.5
5497,1,2025-06-25,雨,27.2,19.2,23.2,15.0,99.0,2.3
5498,2,2025-06-25,雨,27.9,19.9,23.9,2.1,95.5,4.2
5499,3,2025-06-25,雨,21.8,14.0,17.9,0.5,91.7,2.9
5500,4,2025-06-25,雨,23.4,15.7,19.5,8.8,99.0,4.3
5501,1,2025-06-26,曇り,25.9,18.4,22.1,0.0,76.5,3.0
5502,2,2025-06-26,曇り,28.8,20.8,24.8,0.0,71.3,2.0
5503,3,2025-06-26,曇り,23.3,15.4,19.4,0.0,70.0,3.7
5504,4,2025-06-26,曇り,26.2,18.1,22.1,0.0,75.9,3.1
5505,1,2025-06-27,雨,29.3,21.2,25.2,16.8,99.0,2.1
5506,2,2025-06-27,雨,30.0,21.9,25.9,26.1,83.0,3.9
5507,3,2025-06-27,雨,27.0,18.5,22.8,10.9,88.7,4.1
5508,4,2025-06-27,雨,26.8,18.8,22.8,6.9,89.8,3.9
5509,1,2025-06-28,晴れ,27.1,19.2,23.1,0.0,58.7,4.3
5510,2,2025-06-28,晴れ,27.7,19.8,23.8,0.0,68.7,2.1
5511,3,2025-06-28,曇り,23.5,15.4,19.4,0.0,72.3,3.2
5512,4,2025-06-28,曇り,26.0,17.9,21.9,0.0,89.7,2.4
5513,1,2025-06-29,雷雨,24.2,16.6,20.4,36.7,98.7,3.1
5514,2,2025-06-29,雨,26.0,18.1,22.1,9.2,99.0,1.7
5515,3,2025-06-29,雨,21.5,13.5,17.5,16.9,94.9,2.6
5516,4,2025-06-29,雷雨,24.1,16.0,20.1,28.9,95.7,4.6
5517,1,2025-06-30,曇り,24.8,16.8,20.8,0.0,88.7,4.3
5518,2,2025-06-30,曇り,23.8,16.1,20.0,0.0,83.4,1.9
5519,3,2025-06-30,晴れ,19.7,11.8,15.8,0.0,85.0,3.2
5520,4,2025-06-30,晴れ,23.7,15.5,19.6,0.0,51.7,2.9
5521,1,2025-07-01,曇り,25.1,17.2,21.1,0.0,82.6,1.5
5522,2,2025-07-01,晴れ,27.0,18.9,22.9,0.0,63.7,2.4
5523,3,2025-07-01,晴れ,20.6,12.8,16.7,0.0,55.7,3.3
5524,4,2025-07-01,晴れ,23.9,15.9,19.9,0.0,74.1,2.7
5525,1,2025-07-02,晴れ,30.1,21.7,25.9,0.0,64.2,3.8
5526,2,2025-07-02,曇り,27.1,19.4,23.2,0.0,70.0,3.6
5527,3,2025-07-02,晴れ,22.8,14.9,18.9,0.0,66.1,2.1
5528,4,2025-07-02,晴れ,27.3,19.0,23.1,0.0,64.5,3.5
5529,1,2025-07-03,晴れ,26.3,18.4,22.4,0.0,62.0,1.7
5530,2,2025-07-03,晴れ,27.6,19.6,23.6,0.0,71.6,1.4
5531,3,2025-07-03,晴れ,22.6,14.5,18.6,0.0,72.7,3.1
5532,4,2025-07-03,晴れ,25.5,17.3,21.4,0.0,67.4,2.2
5533,1,2025-07-04,晴れ,27.9,19.7,23.8,0.0,67.0,3.3
5534,2,2025-07-04,晴れ,28.3,20.1,24.2,0.0,61.8,2.9
5535,3,2025-07-04,晴れ,22.8,14.7,18.8,0.0,69.1,2.1
5536,4,2025-07-04,曇り,25.5,17.4,21.4,0.0,82.3,1.4
5537,1,2025-07-05,雨,29.4,21.3,25.4,6.6,99.0,4.9
5538,2,2025-07-05,雨,28.4,20.6,24.5,0.5,92.0,5.1
5539,3,2025-07-05,雨,22.9,15.2,19.0,7.0,97.3,2.1
5540,4,2025-07-05,雨,26.1,18.2,22.1,74.9,80.9,4.1
5541,1,2025-07-06,雨,28.2,20.2,24.2,10.7,94.4,2.9
5542,2,2025-07-06,雨,29.2,21.1,25.1,8.9,83.4,3.3
5543,3,2025-07-06,雨,24.0,15.9,19.9,14.1,94.5,3.9
5544,4,2025-07-06,雷雨,26.0,18.0,22.0,10.0,92.7,3.8
5545,1,2025-07-07,晴れ,26.9,19.0,22.9,0.0,71.6,2.5
5546,2,2025-07-07,曇り,27.9,19.9,23.9,0.0,69.4,2.9
5547,3,2025-07-07,晴れ,23.1,15.1,19.1,0.0,60.3,2.7
5548,4,2025-07-07,晴れ,26.1,17.9,22.0,0.0,66.5,2.2
5549,1,2025-07-08,晴れ,28.8,20.8,24.8,0.0,56.2,1.1
5550,2,2025-07-08,曇り,29.8,21.7,25.8,0.0,78.9,1.4
5551,3,2025-07-08,晴れ,26.0,17.6,21.8,0.0,56.0,2.5
5552,4,2025-07-08,晴れ,26.7,18.7,22.7,0.0,56.1,3.4
5553,1,2025-07-09,曇り,29.1,21.0,25.1,0.0,79.4,3.2
5554,2,2025-07-09,曇り,27.7,19.9,23.8,0.0,81.9,3.3
5555,3,2025-07-09,晴れ,23.3,15.4,19.4,0.0,66.2,1.7
5556,4,2025-07-09,晴れ,25.7,17.8,21.8,0.0,60.1,3.7
5557,1,2025-07-10,晴れ,26.1,18.3,22.2,0.0,56.1,2.1
5558,2,2025-07-10,晴れ,28.9,20.6,24.8,0.0,70.3,2.6
5559,3,2025-07-10,晴れ,23.1,15.0,19.1,0.0,67.2,0.9
5560,4,2025-07-10,曇り,26.6,18.2,22.4,0.0,77.9,1.4
5561,1,2025-07-11,晴れ,28.5,20.6,24.6,0.0,69.2,1.6
5562,2,2025-07-11,晴れ,30.7,22.4,26.5,0.0,58.9,1.9
5563,3,2025-07-11,曇り,24.9,16.8,20.9,0.0,79.9,2.1
5564,4,2025-07-11,晴れ,27.0,19.0,23.0,0.0,66.9,3.7
5565,1,2025-07-12,雨,31.6,23.3,27.5,0.8,94.6,2.3
5566,2,2025-07-12,雨,31.0,23.0,27.0,9.6,88.5,3.4
5567,3,2025-07-12,雨,24.4,16.7,20.5,7.2,82.9,2.7
5568,4,2025-07-12,雨,29.7,21.4,25.5,7.5,82.2,3.5
5569,1,2025-07-13,晴れ,28.9,21.1,25.0,0.0,66.7,1.2
5570,2,2025-07-13,晴れ,31.6,23.4,27.5,0.0,69.2,3.9
5571,3,2025-07-13,晴れ,26.9,18.6,22.8,0.0,67.7,1.3
5572,4,2025-07-13,曇り,26.2,18.5,22.4,0.0,77.3,3.1
5573,1,2025-07-14,雨,29.7,21.5,25.6,10.0,99.0,4.4
5574,2,2025-07-14,雨,29.2,21.2,25.2,11.1,89.6,3.9
5575,3,2025-07-14,雨,23.1,15.3,19.2,3.1,99.0,2.7
5576,4,2025-07-14,雨,26.3,18.4,22.4,8.7,98.7,1.9
5577,1,2025-07-15,晴れ,28.3,20.4,24.4,0.0,58.4,0.2
5578,2,2025-07-15,曇り,31.1,22.8,27.0,0.0,80.0,1.6
5579,3,2025-07-15,曇り,21.8,14.3,18.1,0.0,79.3,2.3
5580,4,2025-07-15,晴れ,26.1,18.2,22.1,0.0,70.7,1.2
5581,1,2025-07-16,雷雨,31.8,23.8,27.8,15.3,89.9,4.2
5582,2,2025-07-16,雨,31.8,23.9,27.9,7.8,93.1,2.5
5583,3,2025-07-16,雨,28.3,20.1,24.2,10.8,93.5,2.8
5584,4,2025-07-16,雷雨,28.5,20.7,24.6,14.8,99.0,4.8
5585,1,2025-07-17,曇り,31.3,23.5,27.4,0.0,80.2,1.1
5586,2,2025-07-17,晴れ,33.0,25.0,29.0,0.0,64.1,0.8
5587,3,2025-07-17,曇り,28.4,20.2,24.3,0.0,74.7,4.1
5588,4,2025-07-17,晴れ,30.5,22.4,26.4,0.0,62.3,2.9
5589,1,2025-07-18,曇り,31.6,23.6,27.6,0.0,77.9,3.8
5590,2,2025-07-18,曇り,31.7,23.8,27.8,0.0,68.1,3.1
5591,3,2025-07-18,晴れ,25.8,18.0,21.9,0.0,67.9,0.4
5592,4,2025-07-18,曇り,31.6,23.1,27.4,0.0,86.8,1.9
5593,1,2025-07-19,晴れ,30.6,22.6,26.6,0.0,72.6,5.5
5594,2,2025-07-19,曇り,31.9,23.8,27.9,0.0,66.0,2.3
5595,3,2025-07-19,晴れ,25.9,17.9,21.9,0.0,65.6,0.6
5596,4,2025-07-19,曇り,27.7,19.8,23.8,0.0,86.1,3.4
5597,1,2025-07-20,晴れ,28.1,20.5,24.3,0.0,53.1,0.9
5598,2,2025-07-20,晴れ,30.2,22.3,26.2,0.0,64.1,0.2
5599,3,2025-07-20,曇り,26.9,18.6,22.8,0.0,76.8,2.4
5600,4,2025-07-20,晴れ,30.2,21.7,25.9,0.0,71.5,3.6
5601,1,2025-07-21,雨,31.2,23.0,27.1,2.2,90.0,3.0
5602,2,2025-07-21,雨,33.3,24.8,29.0,20.4,93.6,3.8
5603,3,2025-07-21,雨,26.2,18.1,22.1,11.3,99.0,1.6
5604,4,2025-07-21,雨,28.8,20.6,24.7,6.9,89.6,1.9
5605,1,2025-07-22,雨,28.0,20.1,24.1,5.2,86.6,3.4
5606,2,2025-07-22,雨,30.1,21.8,26.0,5.3,99.0,3.1
5607,3,2025-07-22,雷雨,24.9,16.6,20.8,2.6,87.8,3.4
5608,4,2025-07-22,雨,26.2,18.2,22.2,17.2,95.7,2.0
5609,1,2025-07-23,雨,29.7,21.5,25.6,12.6,97.4,2.5
5610,2,2025-07-23,雨,29.4,21.3,25.4,12.7,99.0,3.7
5611,3,2025-07-23,雨,24.8,16.6,20.7,2.6,99.0,2.9
5612,4,2025-07-23,雨,27.6,19.3,23.5,9.4,91.6,3.0
5613,1,2025-07-24,曇り,29.8,21.6,25.7,0.0,82.1,3.3
5614,2,2025-07-24,晴れ,32.2,23.6,27.9,0.0,65.6,2.0
5615,3,2025-07-24,晴れ,26.9,18.4,22.6,0.0,65.6,0.2
5616,4,2025-07-24,曇り,28.0,19.7,23.9,0.0,75.2,3.1
5617,1,2025-07-25,雨,31.4,23.0,27.2,16.4,99.0,3.7
5618,2,2025-07-25,雨,30.2,22.1,26.1,13.2,94.3,5.8
5619,3,2025-07-25,雨,24.5,16.5,20.5,66.1,99.0,4.6
5620,4,2025-07-25,雨,29.7,21.2,25.4,4.1,91.7,4.1
5621,1,2025-07-26,雨,28.8,20.6,24.7,0.5,82.2,4.3
5622,2,2025-07-26,雨,29.3,21.0,25.1,1.9,95.5,2.3
5623,3,2025-07-26,雷雨,23.8,15.6,19.7,40.4,86.4,2.1
5624,4,2025-07-26,雨,28.3,19.7,24.0,8.0,97.0,2.6
5625,1,2025-07-27,雨,28.7,20.4,24.5,13.3,99.0,3.8
5626,2,2025-07-27,雨,28.8,20.6,24.7,6.5,99.0,2.9
5627,3,2025-07-27,雷雨,24.2,15.9,20.1,44.7,97.1,2.3
5628,4,2025-07-27,雨,26.9,18.6,22.8,10.4,98.7,3.7
5629,1,2025-07-28,曇り,33.0,24.3,28.6,0.0,82.7,3.3
5630,2,2025-07-28,晴れ,32.8,24.2,28.5,0.0,58.3,1.3
5631,3,2025-07-28,晴れ,27.7,19.2,23.4,0.0,67.3,1.1
5632,4,2025-07-28,晴れ,28.2,20.1,24.1,0.0,52.2,1.8
5633,1,2025-07-29,曇り,35.9,27.2,31.5,0.0,77.1,1.9
5634,2,2025-07-29,曇り,34.3,26.0,30.1,0.0,88.9,0.2
5635,3,2025-07-29,晴れ,30.0,21.5,25.8,0.0,67.2,2.4
5636,4,2025-07-29,曇り,33.7,25.0,29.4,0.0,82.5,2.5
5637,1,2025-07-30,曇り,36.0,27.5,31.8,0.0,77.2,2.0
5638,2,2025-07-30,晴れ,37.1,28.6,32.9,0.0,55.6,2.7
5639,3,2025-07-30,曇り,31.5,23.1,27.3,0.0,82.2,3.9
5640,4,2025-07-30,曇り,33.6,25.2,29.4,0.0,83.8,1.3
5641,1,2025-07-31,晴れ,31.7,23.3,27.5,0.0,59.2,3.1
5642,2,2025-07-31,晴れ,31.9,23.6,27.8,0.0,62.7,0.6
5643,3,2025-07-31,曇り,27.6,19.1,23.4,0.0,81.8,3.3
5644,4,2025-07-31,晴れ,30.2,21.6,25.9,0.0,62.0,2.1
5645,1,2025-08-01,雨,31.0,22.7,26.9,8.6,99.0,5.1
5646,2,2025-08-01,雨,32.4,24.0,28.2,5.1,93.6,2.7
5647,3,2025-08-01,雨,28.6,19.9,24.2,10.9,99.0,4.4
5648,4,2025-08-01,雨,29.0,20.6,24.8,0.5,96.4,4.3
5649,1,2025-08-02,曇り,31.5,23.0,27.2,0.0,77.8,2.4
5650,2,2025-08-02,曇り,31.6,23.1,27.4,0.0,72.5,1.1
5651,3,2025-08-02,晴れ,28.3,19.5,23.9,0.0,51.9,2.7
5652,4,2025-08-02,晴れ,31.6,22.6,27.1,0.0,58.7,1.3
5653,1,2025-08-03,雷雨,32.4,23.7,28.0,44.0,87.5,3.0
5654,2,2025-08-03,雷雨,31.5,23.1,27.3,13.3,99.0,4.2
5655,3,2025-08-03,雨,26.9,18.4,22.6,0.5,99.0,2.7
5656,4,2025-08-03,雨,28.8,20.4,24.6,7.5,97.1,3.1
5657,1,2025-08-04,曇り,31.9,23.4,27.6,0.0,72.4,2.7
5658,2,2025-08-04,曇り,34.7,25.7,30.2,0.0,59.2,2.5
5659,3,2025-08-04,曇り,27.3,18.8,23.1,0.0,79.5,3.7
5660,4,2025-08-04,晴れ,28.9,20.5,24.7,0.0,71.2,1.9
5661,1,2025-08-05,曇り,31.2,22.7,26.9,0.0,71.6,1.7
5662,2,2025-08-05,晴れ,33.6,24.7,29.1,0.0,66.1,2.3
5663,3,2025-08-05,晴れ,29.2,20.2,24.7,0.0,64.4,3.4
5664,4,2025-08-05,晴れ,30.3,21.5,25.9,0.0,55.4,0.2
5665,1,2025-08-06,晴れ,33.3,24.4,28.8,0.0,74.1,3.0
5666,2,2025-08-06,曇り,34.5,25.5,30.0,0.0,77.8,2.1
5667,3,2025-08-06,晴れ,28.3,19.5,23.9,0.0,71.8,1.8
5668,4,2025-08-06,晴れ,29.3,20.7,25.0,0.0,68.2,0.9
5669,1,2025-08-07,晴れ,33.3,24.3,28.8,0.0,79.6,3.7
5670,2,2025-08-07,晴れ,32.1,23.5,27.8,0.0,62.7,0.4
5671,3,2025-08-07,晴れ,28.1,19.2,23.6,0.0,58.0,2.8
5672,4,2025-08-07,晴れ,29.3,20.6,25.0,0.0,71.3,2.7
5673,1,2025-08-08,晴れ,35.5,26.4,30.9,0.0,64.9,1.2
5674,2,2025-08-08,曇り,35.1,26.2,30.6,0.0,81.8,4.0
5675,3,2025-08-08,晴れ,29.6,20.8,25.2,0.0,78.6,0.7
5676,4,2025-08-08,曇り,32.3,23.4,27.8,0.0,83.1,2.5
5677,1,2025-08-09,雨,33.0,24.3,28.6,9.4,99.0,2.5
5678,2,2025-08-09,雨,34.3,25.4,29.8,15.2,99.0,2.5
5679,3,2025-08-09,雨,30.8,21.6,26.2,14.7,93.6,4.0
5680,4,2025-08-09,雨,31.5,22.6,27.1,11.5,96.6,3.1
5681,1,2025-08-10,晴れ,33.6,24.7,29.1,0.0,64.9,2.1
5682,2,2025-08-10,晴れ,36.2,27.0,31.6,0.0,60.5,1.7
5683,3,2025-08-10,晴れ,28.4,19.7,24.0,0.0,60.1,2.0
5684,4,2025-08-10,曇り,33.6,24.3,29.0,0.0,75.0,2.6
5685,1,2025-08-11,雨,37.1,27.8,32.5,8.4,99.0,3.0
5686,2,2025-08-11,雨,37.4,28.2,32.8,2.2,82.5,2.3
5687,3,2025-08-11,雨,31.4,22.4,26.9,15.9,99.0,4.2
5688,4,2025-08-11,雨,32.6,23.8,28.2,2.4,99.0,3.1
5689,1,2025-08-12,曇り,34.8,25.8,30.3,0.0,87.8,2.0
5690,2,2025-08-12,晴れ,34.1,25.3,29.7,0.0,64.1,1.9
5691,3,2025-08-12,晴れ,31.2,22.0,26.6,0.0,72.9,4.6
5692,4,2025-08-12,晴れ,31.6,22.7,27.1,0.0,60.2,2.5
5693,1,2025-08-13,晴れ,31.8,23.0,27.4,0.0,78.5,2.8
5694,2,2025-08-13,晴れ,32.5,23.6,28.1,0.0,63.3,2.7
5695,3,2025-08-13,晴れ,27.4,18.6,23.0,0.0,64.3,2.7
5696,4,2025-08-13,晴れ,29.0,20.3,24.6,0.0,71.1,2.1
5697,1,2025-08-14,雨,30.4,21.5,25.9,9.7,89.3,2.9
5698,2,2025-08-14,雨,31.8,22.8,27.3,0.9,86.8,4.0
5699,3,2025-08-14,雨,25.5,16.7,21.1,19.0,89.7,1.3
5700,4,2025-08-14,雨,29.2,20.1,24.6,5.1,99.0,1.8
5701,1,2025-08-15,曇り,31.4,22.3,26.9,0.0,74.9,3.6
5702,2,2025-08-15,曇り,31.3,22.4,26.9,0.0,72.4,2.5
5703,3,2025-08-15,曇り,25.5,16.7,21.1,0.0,67.8,1.6
5704,4,2025-08-15,晴れ,28.4,19.5,23.9,0.0,67.0,2.2
5705,1,2025-08-16,曇り,33.4,24.3,28.9,0.0,82.3,2.3
5706,2,2025-08-16,晴れ,33.4,24.4,28.9,0.0,52.9,2.3
5707,3,2025-08-16,晴れ,27.6,18.7,23.1,0.0,61.2,1.6
5708,4,2025-08-16,晴れ,30.0,21.2,25.6,0.0,56.1,4.0
5709,1,2025-08-17,晴れ,32.4,23.6,28.0,0.0,57.1,1.8
5710,2,2025-08-17,晴れ,34.7,25.5,30.1,0.0,71.1,4.6
5711,3,2025-08-17,晴れ,28.8,19.8,24.3,0.0,53.5,0.9
5712,4,2025-08-17,晴れ,31.0,22.0,26.5,0.0,63.2,1.9
5713,1,2025-08-18,雨,33.6,24.6,29.1,13.1,93.6,2.5
5714,2,2025-08-18,雨,34.0,25.1,29.6,13.2,93.5,3.5
5715,3,2025-08-18,雨,31.1,21.7,26.4,0.5,99.0,2.8
5716,4,2025-08-18,雨,29.2,20.7,24.9,0.5,94.3,3.5
5717,1,2025-08-19,雨,32.4,23.5,27.9,12.4,97.5,2.9
5718,2,2025-08-19,雨,33.0,24.1,28.6,8.4,95.5,3.1
5719,3,2025-08-19,雨,27.2,18.5,22.9,9.5,95.9,3.3
5720,4,2025-08-19,雨,28.8,20.2,24.5,14.3,91.1,2.9
5721,1,2025-08-20,雨,33.2,24.3,28.8,14.3,98.4,4.0
5722,2,2025-08-20,雨,34.7,25.6,30.2,3.7,90.9,3.0
5723,3,2025-08-20,雷雨,29.9,20.7,25.3,16.1,99.0,2.1
5724,4,2025-08-20,雨,31.6,22.6,27.1,9.9,96.5,2.5
5725,1,2025-08-21,雨,30.3,21.3,25.8,0.5,92.0,2.8
5726,2,2025-08-21,雨,31.0,22.0,26.5,1.3,92.5,2.5
5727,3,2025-08-21,雷雨,23.8,15.2,19.5,24.0,96.1,3.5
5728,4,2025-08-21,雨,28.8,19.7,24.2,6.2,95.7,4.1
5729,1,2025-08-22,曇り,32.4,23.3,27.9,0.0,78.0,2.6
5730,2,2025-08-22,曇り,33.8,24.6,29.2,0.0,75.1,3.8
5731,3,2025-08-22,晴れ,24.5,16.1,20.3,0.0,68.9,2.5
5732,4,2025-08-22,晴れ,28.7,20.0,24.4,0.0,66.6,1.3
5733,1,2025-08-23,雨,36.9,27.5,32.2,3.7,98.9,3.6
5734,2,2025-08-23,雨,34.2,25.4,29.8,2.7,99.0,3.1
5735,3,2025-08-23,雨,29.6,20.7,25.1,12.8,90.0,5.4
5736,4,2025-08-23,雨,31.5,22.7,27.1,7.9,95.7,4.3
5737,1,2025-08-24,晴れ,34.5,25.5,30.0,0.0,63.5,2.3
5738,2,2025-08-24,曇り,33.5,24.9,29.2,0.0,78.1,2.5
5739,3,2025-08-24,曇り,31.4,22.2,26.8,0.0,81.2,2.4
5740,4,2025-08-24,晴れ,30.9,22.3,26.6,0.0,62.7,1.5
5741,1,2025-08-25,曇り,33.0,24.2,28.6,0.0,72.8,2.1
5742,2,2025-08-25,曇り,33.4,24.5,28.9,0.0,81.2,2.5
5743,3,2025-08-25,曇り,28.9,19.9,24.4,0.0,76.8,1.9
5744,4,2025-08-25,曇り,31.1,22.2,26.6,0.0,72.4,4.3
5745,1,2025-08-26,雨,33.2,24.3,28.8,0.5,97.2,2.8
5746,2,2025-08-26,雨,33.7,24.7,29.2,13.7,90.7,3.2
5747,3,2025-08-26,雨,28.2,19.3,23.8,5.3,94.8,3.9
5748,4,2025-08-26,雨,31.1,22.1,26.6,5.2,94.1,4.4
5749,1,2025-08-27,雨,32.3,23.4,27.8,10.8,89.5,2.5
5750,2,2025-08-27,雷雨,31.5,23.0,27.2,1.0,93.5,3.0
5751,3,2025-08-27,雷雨,25.3,17.0,21.1,43.6,99.0,2.8
5752,4,2025-08-27,雨,28.3,19.8,24.1,2.5,96.4,6.2
5753,1,2025-08-28,曇り,33.3,24.8,29.0,0.0,82.6,2.8
5754,2,2025-08-28,曇り,33.6,25.1,29.4,0.0,74.2,2.3
5755,3,2025-08-28,晴れ,27.8,19.4,23.6,0.0,73.9,1.4
5756,4,2025-08-28,曇り,31.6,22.9,27.2,0.0,76.4,2.8
5757,1,2025-08-29,雨,31.2,23.0,27.1,1.1,99.0,2.5
5758,2,2025-08-29,雨,32.2,23.9,28.1,6.8,95.2,5.8
5759,3,2025-08-29,雨,28.5,19.9,24.2,3.0,94.7,4.8
5760,4,2025-08-29,雨,30.2,21.8,26.0,0.5,97.3,3.1
5761,1,2025-08-30,雷雨,34.2,25.5,29.9,9.7,99.0,1.9
5762,2,2025-08-30,雨,35.5,26.7,31.1,12.8,98.1,5.1
5763,3,2025-08-30,雷雨,29.9,21.2,25.5,27.3,99.0,4.1
5764,4,2025-08-30,雷雨,31.7,23.1,27.4,1.0,94.1,4.5
5765,1,2025-08-31,曇り,33.6,25.1,29.4,0.0,80.9,2.4
5766,2,2025-08-31,晴れ,33.3,24.9,29.1,0.0,70.4,1.2
5767,3,2025-08-31,曇り,28.7,20.3,24.5,0.0,74.2,4.6
5768,4,2025-08-31,晴れ,30.0,21.8,25.9,0.0,60.7,3.3
5769,1,2025-09-01,晴れ,34.5,26.1,30.3,0.0,70.9,2.6
5770,2,2025-09-01,晴れ,36.2,27.6,31.9,0.0,60.6,3.6
5771,3,2025-09-01,晴れ,28.7,20.5,24.6,0.0,61.1,3.0
5772,4,2025-09-01,曇り,31.0,22.8,26.9,0.0,64.8,4.7
5773,1,2025-09-02,雨,33.7,25.3,29.5,15.9,94.5,2.9
5774,2,2025-09-02,雨,33.6,25.3,29.5,9.2,98.8,5.9
5775,3,2025-09-02,雨,27.8,19.6,23.7,19.0,99.0,5.4
5776,4,2025-09-02,雨,31.4,23.0,27.2,4.5,94.2,6.1
5777,1,2025-09-03,雨,34.1,25.4,29.8,2.6,92.7,6.1
5778,2,2025-09-03,雨,33.9,25.4,29.6,5.4,96.5,5.0
5779,3,2025-09-03,雨,27.4,19.1,23.2,14.3,84.2,6.0
5780,4,2025-09-03,雨,31.3,22.7,27.0,8.5,83.5,5.6
5781,1,2025-09-04,雨,26.0,18.2,22.1,2.5,89.6,5.3
5782,2,2025-09-04,雨,28.7,20.5,24.6,5.4,95.2,5.4
5783,3,2025-09-04,雨,25.1,16.5,20.8,0.7,99.0,4.0
5784,4,2025-09-04,雨,27.6,19.0,23.3,59.6,84.8,5.0
5785,1,2025-09-05,晴れ,27.5,19.2,23.4,0.0,68.2,3.0
5786,2,2025-09-05,曇り,27.7,19.4,23.5,0.0,82.0,4.2
5787,3,2025-09-05,晴れ,23.9,15.4,19.6,0.0,60.7,3.3
5788,4,2025-09-05,曇り,25.4,17.1,21.2,0.0,78.9,2.2
5789,1,2025-09-06,雨,25.6,17.5,21.6,68.5,99.0,6.0
5790,2,2025-09-06,雨,28.8,20.2,24.5,15.8,99.0,3.6
5791,3,2025-09-06,雨,21.4,13.3,17.4,13.5,93.0,5.6
5792,4,2025-09-06,雨,24.6,16.3,20.5,9.8,97.7,5.5
5793,1,2025-09-07,雨,28.1,19.8,24.0,6.7,95.1,5.6
5794,2,2025-09-07,雨,29.1,20.7,24.9,18.9,96.1,4.8
5795,3,2025-09-07,雨,23.2,15.0,19.1,20.2,99.0,6.5
5796,4,2025-09-07,雨,24.2,16.3,20.2,6.5,98.3,6.3
5797,1,2025-09-08,晴れ,25.6,17.6,21.6,0.0,78.3,4.6
5798,2,2025-09-08,曇り,26.3,18.3,22.3,0.0,82.4,4.5
5799,3,2025-09-08,晴れ,21.2,13.2,17.2,0.0,73.2,5.4
5800,4,2025-09-08,曇り,24.4,16.2,20.3,0.0,76.4,3.3
5801,1,2025-09-09,曇り,30.2,21.7,25.9,0.0,90.4,4.0
5802,2,2025-09-09,曇り,28.9,20.8,24.9,0.0,81.0,1.9
5803,3,2025-09-09,曇り,25.4,17.0,21.2,0.0,80.6,4.8
5804,4,2025-09-09,晴れ,27.0,18.8,22.9,0.0,57.4,4.8
5805,1,2025-09-10,雨,26.6,18.7,22.6,48.9,88.0,5.9
5806,2,2025-09-10,雨,27.5,19.6,23.6,10.1,86.9,6.4
5807,3,2025-09-10,雨,23.6,15.4,19.5,6.3,87.5,5.2
5808,4,2025-09-10,雨,24.8,16.8,20.8,8.3,89.8,4.5
5809,1,2025-09-11,雨,27.2,18.9,23.0,13.5,80.2,6.8
5810,2,2025-09-11,雨,26.7,18.6,22.6,17.1,90.2,4.3
5811,3,2025-09-11,雨,20.8,12.8,16.8,12.9,99.0,3.5
5812,4,2025-09-11,雨,22.0,14.3,18.1,8.3,93.0,4.3
5813,1,2025-09-12,曇り,26.1,18.1,22.1,0.0,81.8,3.2
5814,2,2025-09-12,曇り,28.4,20.0,24.2,0.0,82.6,3.0
5815,3,2025-09-12,曇り,21.6,13.6,17.6,0.0,80.9,3.6
5816,4,2025-09-12,晴れ,24.7,16.5,20.6,0.0,46.5,1.9
5817,1,2025-09-13,雨,26.4,18.1,22.2,0.5,99.0,6.3
5818,2,2025-09-13,雨,24.7,16.8,20.8,9.1,87.8,4.3
5819,3,2025-09-13,雨,20.9,12.8,16.9,10.5,96.4,4.2
5820,4,2025-09-13,雨,20.5,12.9,16.7,19.8,90.3,2.5
5821,1,2025-09-14,晴れ,24.6,16.5,20.6,0.0,66.9,4.5
5822,2,2025-09-14,晴れ,25.2,17.2,21.2,0.0,63.5,2.9
5823,3,2025-09-14,晴れ,19.0,11.2,15.1,0.0,63.5,1.2
5824,4,2025-09-14,晴れ,21.9,13.9,17.9,0.0,68.8,2.6
5825,1,2025-09-15,晴れ,23.0,15.1,19.1,0.0,63.3,5.5
5826,2,2025-09-15,晴れ,25.3,17.1,21.2,0.0,62.8,2.4
5827,3,2025-09-15,晴れ,20.7,12.4,16.6,0.0,73.2,3.4
5828,4,2025-09-15,曇り,24.1,15.6,19.9,0.0,70.7,4.9
5829,1,2025-09-16,晴れ,24.2,16.4,20.3,0.0,70.7,6.1
5830,2,2025-09-16,曇り,24.7,16.9,20.8,0.0,72.2,3.9
5831,3,2025-09-16,曇り,22.3,13.9,18.1,0.0,61.3,4.3
5832,4,2025-09-16,曇り,22.9,14.9,18.9,0.0,87.6,1.7
5833,1,2025-09-17,曇り,25.2,17.1,21.1,0.0,70.3,2.6
5834,2,2025-09-17,晴れ,26.3,18.1,22.2,0.0,57.7,4.9
5835,3,2025-09-17,曇り,20.0,12.1,16.1,0.0,76.4,2.6
5836,4,2025-09-17,晴れ,23.9,15.7,19.8,0.0,65.2,4.1
5837,1,2025-09-18,雨,24.6,16.5,20.6,5.1,89.6,5.0
5838,2,2025-09-18,雨,25.3,17.1,21.2,14.5,97.0,5.5
5839,3,2025-09-18,雨,20.7,12.4,16.6,0.5,87.0,4.1
5840,4,2025-09-18,雨,20.9,13.1,17.0,6.0,86.8,4.3
5841,1,2025-09-19,曇り,24.1,15.9,20.0,0.0,77.9,4.8
5842,2,2025-09-19,晴れ,23.9,15.9,19.9,0.0,63.8,4.9
5843,3,2025-09-19,晴れ,18.7,10.7,14.7,0.0,61.4,4.3
5844,4,2025-09-19,晴れ,23.0,14.6,18.8,0.0,56.0,4.7
5845,1,2025-09-20,雨,22.5,14.6,18.6,2.2,99.0,4.2
5846,2,2025-09-20,雨,26.1,17.6,21.9,14.0,97.2,6.0
5847,3,2025-09-20,雨,18.2,10.3,14.2,4.2,92.1,5.0
5848,4,2025-09-20,雨,21.9,13.7,17.8,16.6,92.2,5.9
5849,1,2025-09-21,曇り,20.1,12.3,16.2,0.0,69.0,2.4
5850,2,2025-09-21,晴れ,22.0,13.9,17.9,0.0,64.6,3.3
5851,3,2025-09-21,晴れ,16.7,8.7,12.7,0.0,69.6,3.7
5852,4,2025-09-21,晴れ,19.0,10.9,14.9,0.0,61.0,3.4
5853,1,2025-09-22,晴れ,20.7,12.4,16.6,0.0,62.9,3.6
5854,2,2025-09-22,晴れ,21.0,12.8,16.9,0.0,72.5,1.8
5855,3,2025-09-22,晴れ,13.0,5.4,9.2,0.0,74.6,2.6
5856,4,2025-09-22,曇り,19.5,11.0,15.2,0.0,93.9,4.8
5857,1,2025-09-23,曇り,19.3,11.3,15.3,0.0,75.5,2.9
5858,2,2025-09-23,曇り,20.8,12.6,16.7,0.0,80.1,4.9
5859,3,2025-09-23,晴れ,15.4,7.3,11.3,0.0,55.6,3.8
5860,4,2025-09-23,曇り,17.4,9.4,13.4,0.0,81.4,3.5
5861,1,2025-09-24,曇り,22.0,13.6,17.8,0.0,81.5,3.2
5862,2,2025-09-24,晴れ,20.4,12.5,16.4,0.0,62.6,4.8
5863,3,2025-09-24,晴れ,17.7,9.3,13.5,0.0,69.5,3.2
5864,4,2025-09-24,晴れ,18.7,10.6,14.6,0.0,77.1,3.7
5865,1,2025-09-25,晴れ,22.1,14.1,18.1,0.0,72.5,4.0
5866,2,2025-09-25,曇り,23.9,15.6,19.8,0.0,80.9,4.7
5867,3,2025-09-25,晴れ,20.3,11.8,16.1,0.0,74.0,5.5
5868,4,2025-09-25,曇り,19.8,11.8,15.8,0.0,84.7,4.3
5869,1,2025-09-26,晴れ,23.5,15.3,19.4,0.0,66.4,3.2
5870,2,2025-09-26,曇り,24.7,16.3,20.5,0.0,73.8,4.0
5871,3,2025-09-26,晴れ,20.7,12.2,16.4,0.0,69.5,4.3
5872,4,2025-09-26,晴れ,21.7,13.4,17.6,0.0,58.4,4.1
5873,1,2025-09-27,晴れ,20.8,12.4,16.6,0.0,60.9,2.7
5874,2,2025-09-27,曇り,20.4,12.3,16.4,0.0,68.8,4.8
5875,3,2025-09-27,曇り,17.8,9.1,13.4,0.0,78.4,4.9
5876,4,2025-09-27,曇り,17.4,9.3,13.3,0.0,86.8,3.2
5877,1,2025-09-28,雨,20.3,11.9,16.1,2.6,99.0,4.9
5878,2,2025-09-28,雨,21.3,12.8,17.1,15.5,99.0,3.5
5879,3,2025-09-28,雨,15.1,6.9,11.0,3.7,98.8,6.3
5880,4,2025-09-28,雨,17.4,9.1,13.2,67.5,98.2,4.7
5881,1,2025-09-29,雨,24.5,15.7,20.1,11.4,92.4,4.7
5882,2,2025-09-29,雨,23.7,15.2,19.4,44.4,91.1,5.7
5883,3,2025-09-29,雨,17.0,8.9,12.9,3.3,91.5,6.0
5884,4,2025-09-29,雨,20.7,12.3,16.5,14.7,89.9,5.1
5885,1,2025-09-30,雨,20.7,12.3,16.5,0.5,87.8,5.1
5886,2,2025-09-30,雨,22.8,14.1,18.4,14.4,97.3,6.7
5887,3,2025-09-30,雨,16.9,8.4,12.6,22.8,98.3,6.1
5888,4,2025-09-30,雨,17.5,9.3,13.4,12.4,85.8,4.3
5889,1,2025-10-01,晴れ,19.2,10.5,14.8,0.0,72.0,1.5
5890,2,2025-10-01,晴れ,19.2,10.6,14.9,0.0,53.6,1.5
5891,3,2025-10-01,晴れ,14.3,5.7,10.0,0.0,61.6,3.4
5892,4,2025-10-01,曇り,17.2,8.5,12.8,0.0,64.3,3.3
5893,1,2025-10-02,晴れ,20.4,12.0,16.2,0.0,54.5,5.5
5894,2,2025-10-02,晴れ,22.4,13.6,18.0,0.0,60.7,0.5
5895,3,2025-10-02,晴れ,15.9,7.4,11.7,0.0,57.3,2.7
5896,4,2025-10-02,晴れ,20.6,11.7,16.1,0.0,57.2,0.2
5897,1,2025-10-03,雨,17.8,9.6,13.7,5.4,90.2,2.8
5898,2,2025-10-03,雨,21.0,12.3,16.6,6.8,82.4,2.8
5899,3,2025-10-03,雨,14.5,6.1,10.3,11.7,77.4,2.5
5900,4,2025-10-03,雨,17.0,8.6,12.8,15.3,83.2,3.2
5901,1,2025-10-04,雨,18.8,10.7,14.8,7.5,90.7,2.6
5902,2,2025-10-04,雨,23.0,14.1,18.6,4.7,91.1,1.8
5903,3,2025-10-04,雨,16.1,7.6,11.9,14.9,96.9,2.7
5904,4,2025-10-04,雨,18.4,9.8,14.1,79.6,92.0,5.6
5905,1,2025-10-05,雨,21.9,13.4,17.6,9.0,79.9,3.4
5906,2,2025-10-05,雨,23.1,14.5,18.8,16.3,88.0,2.5
5907,3,2025-10-05,雨,17.2,8.7,12.9,0.5,87.2,5.5
5908,4,2025-10-05,雨,21.4,12.5,16.9,10.4,86.5,4.0
5909,1,2025-10-06,曇り,23.0,14.2,18.6,0.0,56.5,2.1
5910,2,2025-10-06,晴れ,24.8,15.8,20.3,0.0,57.3,2.8
5911,3,2025-10-06,曇り,17.4,8.8,13.1,0.0,78.1,3.3
5912,4,2025-10-06,曇り,22.6,13.4,18.0,0.0,61.3,0.7
5913,1,2025-10-07,晴れ,25.0,15.8,20.4,0.0,57.0,3.0
5914,2,2025-10-07,晴れ,22.7,14.0,18.4,0.0,48.1,2.3
5915,3,2025-10-07,晴れ,19.5,10.4,14.9,0.0,62.1,2.6
5916,4,2025-10-07,晴れ,20.1,11.4,15.8,0.0,55.5,1.3
5917,1,2025-10-08,晴れ,23.4,14.4,18.9,0.0,47.9,0.9
5918,2,2025-10-08,晴れ,22.6,13.9,18.2,0.0,57.8,1.9
5919,3,2025-10-08,晴れ,18.8,9.8,14.3,0.0,56.7,1.0
5920,4,2025-10-08,曇り,20.6,11.8,16.2,0.0,67.6,1.8
5921,1,2025-10-09,曇り,21.2,12.6,16.9,0.0,58.5,0.9
5922,2,2025-10-09,晴れ,22.3,13.6,17.9,0.0,55.8,2.6
5923,3,2025-10-09,晴れ,18.6,9.6,14.1,0.0,49.1,1.6
5924,4,2025-10-09,晴れ,19.6,10.8,15.2,0.0,60.0,2.0
5925,1,2025-10-10,晴れ,21.8,12.8,17.3,0.0,54.6,3.5
5926,2,2025-10-10,晴れ,21.2,12.5,16.9,0.0,52.1,1.0
5927,3,2025-10-10,晴れ,15.4,6.8,11.1,0.0,53.2,2.4
5928,4,2025-10-10,晴れ,18.5,9.7,14.1,0.0,60.8,1.8
5929,1,2025-10-11,雨,21.6,12.4,17.0,12.0,77.4,3.8
5930,2,2025-10-11,雨,19.9,11.2,15.5,9.4,87.3,1.8
5931,3,2025-10-11,雨,15.4,6.6,11.0,14.2,87.1,3.9
5932,4,2025-10-11,雨,19.1,10.0,14.6,3.7,87.6,2.4
5933,1,2025-10-12,曇り,20.4,11.2,15.8,0.0,67.8,2.8
5934,2,2025-10-12,晴れ,20.7,11.6,16.1,0.0,57.6,3.7
5935,3,2025-10-12,晴れ,14.6,5.7,10.2,0.0,63.7,1.5
5936,4,2025-10-12,曇り,17.1,8.1,12.6,0.0,66.3,2.8
5937,1,2025-10-13,雨,22.1,12.9,17.5,0.5,87.3,4.3
5938,2,2025-10-13,雨,20.7,11.9,16.3,8.9,88.7,3.4
5939,3,2025-10-13,雨,15.6,6.9,11.2,0.5,81.0,2.7
5940,4,2025-10-13,雨,20.4,11.2,15.8,10.2,86.7,3.1
5941,1,2025-10-14,曇り,20.6,11.5,16.1,0.0,73.2,3.0
5942,2,2025-10-14,曇り,20.2,11.3,15.8,0.0,71.3,2.0
5943,3,2025-10-14,晴れ,13.9,5.2,9.6,0.0,49.2,2.5
5944,4,2025-10-14,晴れ,18.4,9.3,13.8,0.0,64.7,3.5
5945,1,2025-10-15,曇り,22.0,12.9,17.4,0.0,59.9,1.3
5946,2,2025-10-15,曇り,22.1,13.1,17.6,0.0,66.1,1.9
5947,3,2025-10-15,曇り,17.3,8.2,12.8,0.0,62.6,1.7
5948,4,2025-10-15,曇り,20.0,10.8,15.4,0.0,66.3,2.6
5949,1,2025-10-16,晴れ,20.0,11.4,15.7,0.0,55.3,2.1
5950,2,2025-10-16,晴れ,22.0,13.0,17.5,0.0,46.2,1.7
5951,3,2025-10-16,晴れ,18.3,9.1,13.7,0.0,53.7,3.6
5952,4,2025-10-16,曇り,18.4,9.6,14.0,0.0,68.6,2.2
5953,1,2025-10-17,曇り,22.9,13.7,18.3,0.0,68.5,1.1
5954,2,2025-10-17,晴れ,21.6,12.8,17.2,0.0,53.8,1.7
5955,3,2025-10-17,晴れ,17.7,8.6,13.1,0.0,58.9,2.2
5956,4,2025-10-17,晴れ,20.6,11.4,16.0,0.0,49.9,2.6
5957,1,2025-10-18,雨,23.6,14.4,19.0,5.2,96.3,4.6
5958,2,2025-10-18,雨,24.8,15.4,20.1,12.0,78.9,3.5
5959,3,2025-10-18,雨,17.9,8.9,13.4,67.1,85.9,2.1
5960,4,2025-10-18,雨,20.5,11.4,15.9,12.4,86.0,0.2
5961,1,2025-10-19,晴れ,22.4,13.3,17.9,0.0,57.5,1.2
5962,2,2025-10-19,晴れ,24.6,15.2,19.9,0.0,64.0,4.2
5963,3,2025-10-19,晴れ,17.1,8.1,12.6,0.0,52.4,1.9
5964,4,2025-10-19,曇り,20.6,11.4,16.0,0.0,63.6,0.8
5965,1,2025-10-20,曇り,22.9,13.7,18.3,0.0,60.6,2.1
5966,2,2025-10-20,晴れ,21.7,12.9,17.3,0.0,52.1,0.5
5967,3,2025-10-20,晴れ,19.7,10.2,14.9,0.0,52.5,1.9
5968,4,2025-10-20,曇り,20.9,11.6,16.2,0.0,75.0,3.2
5969,1,2025-10-21,晴れ,20.2,11.3,15.8,0.0,47.4,2.2
5970,2,2025-10-21,曇り,22.2,13.0,17.6,0.0,79.2,4.2
5971,3,2025-10-21,曇り,18.9,9.4,14.1,0.0,59.9,1.6
5972,4,2025-10-21,晴れ,18.4,9.4,13.9,0.0,54.4,2.3
5973,1,2025-10-22,曇り,23.3,13.9,18.6,0.0,82.0,1.8
5974,2,2025-10-22,晴れ,23.4,14.1,18.8,0.0,60.9,2.9
5975,3,2025-10-22,曇り,17.8,8.5,13.2,0.0,62.1,2.7
5976,4,2025-10-22,曇り,19.5,10.4,14.9,0.0,65.1,2.4
5977,1,2025-10-23,曇り,22.0,12.8,17.4,0.0,71.9,1.6
5978,2,2025-10-23,晴れ,24.2,14.7,19.4,0.0,51.1,1.7
5979,3,2025-10-23,曇り,18.7,9.3,14.0,0.0,63.0,2.5
5980,4,2025-10-23,曇り,22.3,12.6,17.4,0.0,56.8,3.9
5981,1,2025-10-24,雨,22.6,13.2,17.9,14.0,90.6,2.9
5982,2,2025-10-24,雨,24.6,15.0,19.8,9.0,87.4,2.8
5983,3,2025-10-24,雨,18.3,8.9,13.6,50.2,78.1,3.3
5984,4,2025-10-24,雨,19.6,10.4,15.0,8.0,85.9,5.1
5985,1,2025-10-25,雨,20.9,11.5,16.2,4.7,79.8,4.2
5986,2,2025-10-25,雨,23.6,13.8,18.7,6.5,86.8,3.4
5987,3,2025-10-25,雨,15.0,5.9,10.4,0.8,85.9,4.1
5988,4,2025-10-25,雨,19.3,9.8,14.6,9.4,77.5,4.3
5989,1,2025-10-26,曇り,19.9,10.1,15.0,0.0,67.2,3.9
5990,2,2025-10-26,曇り,18.3,8.9,13.6,0.0,74.8,1.3
5991,3,2025-10-26,曇り,14.3,4.7,9.5,0.0,75.1,2.6
5992,4,2025-10-26,曇り,16.3,6.7,11.5,0.0,61.8,2.1
5993,1,2025-10-27,晴れ,18.8,9.3,14.1,0.0,54.6,3.7
5994,2,2025-10-27,晴れ,17.8,8.5,13.2,0.0,52.8,1.9
5995,3,2025-10-27,晴れ,13.7,4.3,9.0,0.0,48.9,2.2
5996,4,2025-10-27,晴れ,17.0,7.3,12.2,0.0,46.5,3.7
5997,1,2025-10-28,晴れ,19.0,9.3,14.2,0.0,46.5,2.6
5998,2,2025-10-28,晴れ,19.6,9.8,14.7,0.0,50.3,2.5
5999,3,2025-10-28,曇り,14.1,4.4,9.2,0.0,70.9,3.0
6000,4,2025-10-28,曇り,17.2,7.4,12.3,0.0,62.3,2.3
6001,1,2025-10-29,曇り,16.7,6.9,11.8,0.0,73.1,0.2
6002,2,2025-10-29,曇り,17.7,7.8,12.8,0.0,67.1,1.2
6003,3,2025-10-29,晴れ,13.3,3.3,8.3,0.0,41.7,3.7
6004,4,2025-10-29,曇り,13.2,3.7,8.4,0.0,62.6,2.2
6005,1,2025-10-30,曇り,17.1,7.2,12.2,0.0,58.6,0.2
6006,2,2025-10-30,晴れ,17.5,7.5,12.5,0.0,49.7,2.6
6007,3,2025-10-30,晴れ,12.7,2.7,7.7,0.0,55.6,1.3
6008,4,2025-10-30,晴れ,14.9,4.9,9.9,0.0,54.7,2.2
6009,1,2025-10-31,雨,21.6,11.3,16.5,6.5,81.7,3.3
6010,2,2025-10-31,雨,21.7,11.4,16.6,13.6,86.5,3.5
6011,3,2025-10-31,雨,16.1,5.9,11.0,13.4,83.1,3.6
6012,4,2025-10-31,雨,17.0,7.2,12.1,7.9,91.1,2.6
6013,1,2025-11-01,晴れ,18.3,8.2,13.2,0.0,54.7,1.1
6014,2,2025-11-01,曇り,16.2,6.6,11.4,0.0,55.3,2.9
6015,3,2025-11-01,晴れ,14.8,4.5,9.7,0.0,61.6,1.3
6016,4,2025-11-01,曇り,17.0,6.8,11.9,0.0,64.9,1.8
6017,1,2025-11-02,晴れ,16.1,6.2,11.2,0.0,54.0,1.6
6018,2,2025-11-02,晴れ,17.9,7.7,12.8,0.0,53.0,2.5
6019,3,2025-11-02,晴れ,11.9,1.9,6.9,0.0,50.9,3.2
6020,4,2025-11-02,曇り,14.9,4.8,9.8,0.0,70.2,3.7
6021,1,2025-11-03,曇り,17.9,7.5,12.7,0.0,67.3,2.0
6022,2,2025-11-03,晴れ,18.0,7.7,12.8,0.0,52.7,1.9
6023,3,2025-11-03,晴れ,14.3,3.8,9.1,0.0,54.0,3.1
6024,4,2025-11-03,晴れ,16.4,5.9,11.1,0.0,47.6,2.2
6025,1,2025-11-04,雨,17.4,7.0,12.2,49.4,87.9,5.1
6026,2,2025-11-04,雨,17.7,7.4,12.6,9.7,90.8,4.2
6027,3,2025-11-04,雨,13.9,3.4,8.7,81.6,84.8,2.9
6028,4,2025-11-04,雨,13.5,3.5,8.5,73.3,84.5,4.0
6029,1,2025-11-05,晴れ,17.8,7.3,12.6,0.0,56.1,3.7
6030,2,2025-11-05,晴れ,19.8,9.1,14.4,0.0,40.9,3.1
6031,3,2025-11-05,曇り,12.7,2.4,7.5,0.0,76.1,3.9
6032,4,2025-11-05,曇り,15.9,5.4,10.7,0.0,63.9,0.2
6033,1,2025-11-06,晴れ,16.4,5.8,11.1,0.0,51.8,2.9
6034,2,2025-11-06,晴れ,17.8,7.1,12.4,0.0,56.5,3.1
6035,3,2025-11-06,曇り,12.9,2.1,7.5,0.0,70.6,3.9
6036,4,2025-11-06,晴れ,13.9,3.4,8.7,0.0,48.2,1.4
6037,1,2025-11-07,曇り,16.8,6.3,11.6,0.0,74.8,3.4
6038,2,2025-11-07,曇り,17.9,7.2,12.5,0.0,74.6,2.5
6039,3,2025-11-07,晴れ,11.5,1.1,6.3,0.0,58.3,2.2
6040,4,2025-11-07,晴れ,14.7,4.1,9.4,0.0,66.5,2.1
6041,1,2025-11-08,晴れ,15.9,5.5,10.7,0.0,47.5,0.9
6042,2,2025-11-08,曇り,17.9,7.2,12.5,0.0,66.9,2.6
6043,3,2025-11-08,曇り,11.3,0.8,6.1,0.0,67.9,2.8
6044,4,2025-11-08,晴れ,15.8,4.9,10.4,0.0,55.5,3.4
6045,1,2025-11-09,曇り,18.5,7.4,12.9,0.0,71.8,2.0
6046,2,2025-11-09,曇り,17.9,7.0,12.4,0.0,67.5,2.7
6047,3,2025-11-09,晴れ,10.3,0.0,5.2,0.0,52.5,1.8
6048,4,2025-11-09,曇り,15.4,4.5,9.9,0.0,63.5,1.7
6049,1,2025-11-10,晴れ,16.8,6.0,11.4,0.0,57.1,1.8
6050,2,2025-11-10,晴れ,17.1,6.3,11.7,0.0,51.3,2.2
6051,3,2025-11-10,晴れ,13.5,2.4,8.0,0.0,61.3,1.9
6052,4,2025-11-10,曇り,13.9,3.2,8.6,0.0,72.6,1.1
6053,1,2025-11-11,晴れ,15.0,4.3,9.7,0.0,49.9,1.8
6054,2,2025-11-11,晴れ,16.8,5.8,11.3,0.0,63.1,3.5
6055,3,2025-11-11,晴れ,11.6,0.7,6.1,0.0,56.8,3.7
6056,4,2025-11-11,曇り,12.9,2.2,7.6,0.0,71.1,2.2
6057,1,2025-11-12,雨,15.6,4.8,10.2,12.0,74.0,2.9
6058,2,2025-11-12,雨,17.6,6.5,12.1,14.8,92.6,3.7
6059,3,2025-11-12,雨,11.4,0.6,6.0,19.5,84.2,3.2
6060,4,2025-11-12,雨,14.4,3.4,8.9,6.4,83.6,2.7
6061,1,2025-11-13,雨,19.7,8.5,14.1,10.2,85.7,4.4
6062,2,2025-11-13,雨,19.4,8.4,13.9,34.5,79.0,4.0
6063,3,2025-11-13,雨,14.6,3.6,9.1,6.7,75.7,2.8
6064,4,2025-11-13,雨,15.0,4.4,9.7,9.5,72.2,2.9
6065,1,2025-11-14,雨,22.8,11.5,17.1,7.0,77.9,3.1
6066,2,2025-11-14,雨,20.6,9.9,15.2,1.0,82.2,4.1
6067,3,2025-11-14,雨,17.8,6.6,12.2,8.9,71.0,2.6
6068,4,2025-11-14,雨,18.6,7.7,13.2,0.5,76.8,2.5
6069,1,2025-11-15,曇り,20.7,9.8,15.2,0.0,62.8,2.3
6070,2,2025-11-15,晴れ,21.4,10.4,15.9,0.0,50.4,1.3
6071,3,2025-11-15,晴れ,18.4,7.0,12.7,0.0,62.3,1.3
6072,4,2025-11-15,晴れ,20.2,8.9,14.6,0.0,51.7,4.1
6073,1,2025-11-16,曇り,20.8,9.6,15.2,0.0,56.3,2.3
6074,2,2025-11-16,晴れ,18.8,8.2,13.5,0.0,46.1,3.5
6075,3,2025-11-16,晴れ,17.3,5.9,11.6,0.0,58.8,2.6
6076,4,2025-11-16,晴れ,17.4,6.5,11.9,0.0,56.2,1.5
6077,1,2025-11-17,晴れ,21.6,10.3,16.0,0.0,52.6,2.1
6078,2,2025-11-17,曇り,20.5,9.5,15.0,0.0,65.9,3.7
6079,3,2025-11-17,晴れ,14.2,3.4,8.8,0.0,58.1,1.2
6080,4,2025-11-17,晴れ,18.0,6.9,12.4,0.0,54.8,4.2
6081,1,2025-11-18,晴れ,20.2,9.4,14.8,0.0,53.5,1.9
6082,2,2025-11-18,晴れ,21.8,10.7,16.2,0.0,60.1,2.4
6083,3,2025-11-18,晴れ,16.2,5.3,10.8,0.0,57.9,3.1
6084,4,2025-11-18,晴れ,16.6,6.1,11.4,0.0,46.8,1.5
6085,1,2025-11-19,曇り,17.5,6.5,12.0,0.0,68.2,3.7
6086,2,2025-11-19,晴れ,16.9,6.2,11.5,0.0,55.8,2.4
6087,3,2025-11-19,曇り,11.7,1.0,6.3,0.0,63.3,3.1
6088,4,2025-11-19,晴れ,14.2,3.5,8.8,0.0,55.1,1.5
6089,1,2025-11-20,曇り,17.8,6.8,12.3,0.0,75.0,3.1
6090,2,2025-11-20,晴れ,19.1,8.0,13.6,0.0,48.9,3.4
6091,3,2025-11-20,晴れ,13.4,2.4,7.9,0.0,46.7,1.8
6092,4,2025-11-20,晴れ,15.0,4.1,9.6,0.0,64.4,1.1
6093,1,2025-11-21,晴れ,16.5,5.8,11.2,0.0,60.1,3.1
6094,2,2025-11-21,晴れ,19.9,8.6,14.2,0.0,58.7,2.5
6095,3,2025-11-21,曇り,14.8,3.5,9.2,0.0,61.6,1.7
6096,4,2025-11-21,晴れ,16.4,5.2,10.8,0.0,65.6,1.7
6097,1,2025-11-22,晴れ,17.2,6.1,11.6,0.0,60.6,2.5
6098,2,2025-11-22,曇り,17.3,6.2,11.8,0.0,62.7,2.9
6099,3,2025-11-22,晴れ,11.3,0.4,5.9,0.0,51.2,2.2
6100,4,2025-11-22,曇り,13.6,2.7,8.2,0.0,60.2,1.9
6101,1,2025-11-23,雨,18.4,7.2,12.8,9.2,96.7,2.9
6102,2,2025-11-23,雨,18.6,7.5,13.1,11.0,85.8,2.9
6103,3,2025-11-23,雨,12.1,1.3,6.7,4.1,86.0,2.4
6104,4,2025-11-23,雨,15.0,4.1,9.6,4.7,77.7,2.9
6105,1,2025-11-24,雨,15.5,4.9,10.2,36.6,82.7,3.7
6106,2,2025-11-24,雨,17.9,6.9,12.4,53.1,85.2,2.0
6107,3,2025-11-24,雨,12.4,1.4,6.9,51.8,96.6,3.2
6108,4,2025-11-24,雨,14.2,3.4,8.8,4.2,70.5,4.1
6109,1,2025-11-25,晴れ,17.3,6.2,11.8,0.0,64.5,1.9
6110,2,2025-11-25,曇り,16.0,5.2,10.6,0.0,68.1,1.6
6111,3,2025-11-25,晴れ,11.7,0.8,6.2,0.0,65.3,1.5
6112,4,2025-11-25,晴れ,13.4,2.7,8.1,0.0,55.6,1.1
6113,1,2025-11-26,雨,14.9,3.9,9.4,9.6,76.9,1.2
6114,2,2025-11-26,雨,17.7,6.3,12.0,6.6,88.7,1.7
6115,3,2025-11-26,雨,11.0,-0.1,5.5,3.5,97.3,3.4
6116,4,2025-11-26,雨,11.8,1.0,6.4,8.9,87.1,2.4
6117,1,2025-11-27,晴れ,14.5,3.5,9.0,0.0,63.0,4.0
6118,2,2025-11-27,晴れ,16.2,5.0,10.6,0.0,57.3,2.9
6119,3,2025-11-27,晴れ,9.5,-1.4,4.0,0.0,49.2,1.1
6120,4,2025-11-27,晴れ,11.0,0.2,5.6,0.0,56.1,2.6
6121,1,2025-11-28,晴れ,15.0,3.8,9.4,0.0,51.3,1.3
6122,2,2025-11-28,晴れ,14.6,3.6,9.1,0.0,50.6,1.6
6123,3,2025-11-28,晴れ,10.6,-0.6,5.0,0.0,59.5,1.9
6124,4,2025-11-28,晴れ,10.6,-0.2,5.2,0.0,57.1,1.1
6125,1,2025-11-29,雨,15.0,3.9,9.4,3.8,80.0,5.2
6126,2,2025-11-29,雨,14.6,3.7,9.2,11.5,88.1,3.0
6127,3,2025-11-29,雨,8.4,-2.3,3.1,57.1,91.3,3.3
6128,4,2025-11-29,雨,10.4,-0.3,5.0,16.5,78.7,4.0
6129,1,2025-11-30,晴れ,10.7,-0.4,5.1,0.0,54.2,2.5
6130,2,2025-11-30,晴れ,11.4,0.3,5.9,0.0,55.2,1.4
6131,3,2025-11-30,曇り,6.9,-4.3,1.3,0.0,76.1,2.6
6132,4,2025-11-30,晴れ,8.2,-2.8,2.7,0.0,51.7,1.4
6133,1,2025-12-01,曇り,10.0,-0.9,4.5,0.0,49.2,4.5
6134,2,2025-12-01,曇り,10.5,-0.5,5.0,0.0,63.0,2.9
6135,3,2025-12-01,晴れ,4.2,-6.5,-1.1,0.0,40.5,2.2
6136,4,2025-12-01,晴れ,7.8,-3.1,2.3,0.0,50.4,3.3
6137,1,2025-12-02,曇り,7.9,-2.8,2.6,0.0,55.5,0.4
6138,2,2025-12-02,晴れ,9.7,-1.3,4.2,0.0,45.4,0.9
6139,3,2025-12-02,曇り,4.6,-6.4,-0.9,0.0,66.2,2.3
6140,4,2025-12-02,曇り,7.0,-4.0,1.5,0.0,61.4,2.4
6141,1,2025-12-03,雨,11.4,0.2,5.8,11.1,73.4,5.3
6142,2,2025-12-03,雨,10.6,-0.4,5.1,4.0,71.9,1.3
6143,3,2025-12-03,雪,4.8,-6.0,-0.6,5.5,65.9,2.8
6144,4,2025-12-03,雨,8.6,-2.5,3.0,1.6,75.8,2.9
6145,1,2025-12-04,曇り,9.3,-1.3,4.0,0.0,63.5,2.2
6146,2,2025-12-04,曇り,12.3,1.2,6.8,0.0,59.3,2.9
6147,3,2025-12-04,晴れ,7.5,-3.7,1.9,0.0,54.5,2.1
6148,4,2025-12-04,晴れ,8.9,-2.1,3.4,0.0,44.0,0.8
6149,1,2025-12-05,曇り,9.2,-1.7,3.7,0.0,57.0,0.2
6150,2,2025-12-05,晴れ,10.9,-0.1,5.4,0.0,51.6,1.9
6151,3,2025-12-05,晴れ,5.8,-5.3,0.2,0.0,47.5,1.4
6152,4,2025-12-05,晴れ,9.0,-2.2,3.4,0.0,46.4,0.8
6153,1,2025-12-06,雨,8.7,-2.3,3.2,21.4,72.6,3.8
6154,2,2025-12-06,雨,9.3,-1.7,3.8,0.5,79.5,1.9
6155,3,2025-12-06,雪,5.1,-6.0,-0.5,0.5,70.6,1.7
6156,4,2025-12-06,雪,7.8,-3.4,2.2,2.6,69.1,3.3
6157,1,2025-12-07,晴れ,8.6,-2.4,3.1,0.0,51.9,3.6
6158,2,2025-12-07,曇り,9.7,-1.4,4.1,0.0,63.3,1.8
6159,3,2025-12-07,晴れ,4.2,-6.8,-1.3,0.0,47.7,3.0
6160,4,2025-12-07,晴れ,6.2,-4.8,0.7,0.0,46.2,2.8
6161,1,2025-12-08,曇り,8.9,-2.2,3.4,0.0,55.7,3.2
6162,2,2025-12-08,曇り,8.5,-2.4,3.0,0.0,57.5,1.0
6163,3,2025-12-08,晴れ,4.0,-7.0,-1.5,0.0,43.5,1.2
6164,4,2025-12-08,曇り,6.0,-4.9,0.5,0.0,49.2,2.6
6165,1,2025-12-09,晴れ,11.2,-0.4,5.4,0.0,53.8,2.6
6166,2,2025-12-09,晴れ,7.4,-3.3,2.1,0.0,49.0,2.2
6167,3,2025-12-09,晴れ,2.8,-8.0,-2.6,0.0,46.2,2.3
6168,4,2025-12-09,曇り,4.1,-6.5,-1.2,0.0,58.8,1.4
6169,1,2025-12-10,曇り,7.8,-3.4,2.2,0.0,55.4,3.0
6170,2,2025-12-10,晴れ,8.0,-3.1,2.5,0.0,53.2,2.9
6171,3,2025-12-10,晴れ,0.9,-9.8,-4.5,0.0,43.6,1.9
6172,4,2025-12-10,晴れ,4.6,-6.4,-0.9,0.0,54.3,0.7
6173,1,2025-12-11,晴れ,8.5,-2.7,2.9,0.0,58.1,3.0
6174,2,2025-12-11,晴れ,8.2,-2.8,2.7,0.0,47.1,0.6
6175,3,2025-12-11,晴れ,2.7,-8.2,-2.7,0.0,54.5,3.6
6176,4,2025-12-11,曇り,4.0,-6.7,-1.4,0.0,45.0,0.7
6177,1,2025-12-12,雨,9.4,-1.8,3.8,5.9,75.8,2.8
6178,2,2025-12-12,雨,8.9,-2.1,3.4,0.5,80.1,3.2
6179,3,2025-12-12,雨,3.1,-7.7,-2.3,0.5,80.8,4.0
6180,4,2025-12-12,雨,5.5,-5.3,0.1,9.8,72.6,2.7
6181,1,2025-12-13,雨,9.4,-1.4,4.0,15.1,70.9,4.0
6182,2,2025-12-13,雨,12.4,1.1,6.8,8.1,79.9,1.7
6183,3,2025-12-13,雪,4.8,-6.0,-0.6,0.5,64.8,3.0
6184,4,2025-12-13,雪,8.3,-2.7,2.8,10.9,67.4,2.0
6185,1,2025-12-14,曇り,8.9,-1.9,3.5,0.0,60.2,3.1
6186,2,2025-12-14,曇り,10.8,-0.2,5.3,0.0,63.2,2.7
6187,3,2025-12-14,晴れ,4.9,-5.9,-0.5,0.0,53.4,2.1
6188,4,2025-12-14,曇り,7.9,-3.1,2.4,0.0,57.9,3.7
6189,1,2025-12-15,曇り,12.9,1.7,7.3,0.0,63.8,2.2
6190,2,2025-12-15,晴れ,12.5,1.6,7.0,0.0,46.8,1.7
6191,3,2025-12-15,晴れ,6.5,-4.3,1.1,0.0,40.8,2.0
6192,4,2025-12-15,晴れ,10.4,-0.7,4.9,0.0,45.1,1.8
6193,1,2025-12-16,晴れ,10.5,-0.2,5.2,0.0,59.5,1.7
6194,2,2025-12-16,晴れ,13.3,2.1,7.7,0.0,54.1,1.2
6195,3,2025-12-16,曇り,7.4,-3.7,1.9,0.0,54.1,4.5
6196,4,2025-12-16,曇り,8.6,-2.3,3.1,0.0,60.5,3.3
6197,1,2025-12-17,曇り,9.0,-2.1,3.5,0.0,53.0,2.3
6198,2,2025-12-17,晴れ,8.5,-2.3,3.1,0.0,38.4,0.9
6199,3,2025-12-17,曇り,5.2,-6.0,-0.4,0.0,58.7,0.6
6200,4,2025-12-17,晴れ,7.6,-3.6,2.0,0.0,42.8,3.3
6201,1,2025-12-18,雨,7.9,-2.7,2.6,0.5,76.7,4.1
6202,2,2025-12-18,雨,10.1,-0.8,4.6,13.2,76.7,2.8
6203,3,2025-12-18,雪,6.3,-4.8,0.8,3.8,69.7,2.4
6204,4,2025-12-18,雨,8.5,-2.6,3.0,49.4,80.0,3.5
6205,1,2025-12-19,晴れ,8.5,-2.5,3.0,0.0,44.1,2.3
6206,2,2025-12-19,晴れ,8.9,-2.0,3.5,0.0,44.8,3.3
6207,3,2025-12-19,曇り,2.0,-8.6,-3.3,0.0,66.5,3.0
6208,4,2025-12-19,晴れ,4.9,-5.8,-0.4,0.0,52.9,4.2
6209,1,2025-12-20,晴れ,9.4,-1.4,4.0,0.0,43.8,1.6
6210,2,2025-12-20,晴れ,12.7,1.4,7.0,0.0,56.5,3.0
6211,3,2025-12-20,曇り,5.8,-5.1,0.4,0.0,57.8,3.1
6212,4,2025-12-20,晴れ,8.4,-2.6,2.9,0.0,52.2,1.1
6213,1,2025-12-21,曇り,8.9,-2.0,3.5,0.0,45.7,3.1
6214,2,2025-12-21,晴れ,11.3,0.0,5.7,0.0,51.4,2.6
6215,3,2025-12-21,晴れ,4.6,-6.4,-0.9,0.0,44.9,2.2
6216,4,2025-12-21,晴れ,7.6,-3.5,2.0,0.0,52.9,1.3
6217,1,2025-12-22,晴れ,9.1,-1.7,3.7,0.0,43.4,1.4
6218,2,2025-12-22,晴れ,8.8,-1.9,3.5,0.0,47.5,4.5
6219,3,2025-12-22,曇り,6.4,-4.8,0.8,0.0,61.1,2.6
6220,4,2025-12-22,晴れ,8.3,-2.9,2.7,0.0,44.0,2.0
6221,1,2025-12-23,晴れ,10.0,-1.3,4.3,0.0,40.6,1.0
6222,2,2025-12-23,曇り,7.3,-3.3,2.0,0.0,69.3,1.0
6223,3,2025-12-23,曇り,2.9,-7.9,-2.5,0.0,65.4,2.9
6224,4,2025-12-23,晴れ,6.0,-4.9,0.5,0.0,41.6,1.4
6225,1,2025-12-24,晴れ,9.4,-1.6,3.9,0.0,48.6,3.2
6226,2,2025-12-24,晴れ,8.7,-2.0,3.3,0.0,52.6,3.0
6227,3,2025-12-24,晴れ,4.6,-6.4,-0.9,0.0,56.4,3.8
6228,4,2025-12-24,曇り,6.5,-4.4,1.0,0.0,62.6,2.1
6229,1,2025-12-25,曇り,12.8,1.5,7.2,0.0,59.4,1.6
6230,2,2025-12-25,晴れ,13.1,1.9,7.5,0.0,50.4,3.2
6231,3,2025-12-25,曇り,5.7,-5.1,0.3,0.0,62.8,2.5
6232,4,2025-12-25,曇り,8.0,-2.7,2.6,0.0,65.5,3.0
6233,1,2025-12-26,晴れ,10.8,-0.2,5.3,0.0,37.5,2.8
6234,2,2025-12-26,晴れ,11.5,0.5,6.0,0.0,38.0,2.7
6235,3,2025-12-26,晴れ,5.9,-5.0,0.5,0.0,49.7,2.0
6236,4,2025-12-26,晴れ,8.4,-2.5,3.0,0.0,52.6,1.5
6237,1,2025-12-27,晴れ,11.6,0.6,6.1,0.0,48.4,2.6
6238,2,2025-12-27,晴れ,13.6,2.3,7.9,0.0,33.3,4.0
6239,3,2025-12-27,晴れ,7.1,-3.9,1.6,0.0,41.2,2.1
6240,4,2025-12-27,曇り,10.1,-1.0,4.5,0.0,63.9,1.9
6241,1,2025-12-28,晴れ,12.0,1.0,6.5,0.0,50.4,2.4
6242,2,2025-12-28,晴れ,11.5,0.8,6.2,0.0,44.9,0.9
6243,3,2025-12-28,曇り,6.7,-4.1,1.3,0.0,56.0,2.4
6244,4,2025-12-28,曇り,9.6,-1.3,4.1,0.0,64.8,2.6
6245,1,2025-12-29,曇り,11.8,0.6,6.2,0.0,47.3,0.4
6246,2,2025-12-29,曇り,11.9,0.8,6.4,0.0,60.6,2.4
6247,3,2025-12-29,晴れ,5.8,-5.1,0.4,0.0,49.9,1.9
6248,4,2025-12-29,晴れ,9.1,-2.0,3.5,0.0,45.7,1.4
6249,1,2025-12-30,雨,8.6,-2.1,3.2,69.5,67.5,4.4
6250,2,2025-12-30,雨,10.7,-0.3,5.2,0.5,80.9,5.3
6251,3,2025-12-30,雪,5.4,-5.6,-0.1,10.6,63.2,3.1
6252,4,2025-12-30,雨,8.2,-2.8,2.7,2.0,69.1,3.4
6253,1,2025-12-31,晴れ,11.4,0.4,5.9,0.0,53.4,4.7
6254,2,2025-12-31,晴れ,12.6,1.5,7.0,0.0,45.0,3.0
6255,3,2025-12-31,晴れ,7.2,-3.8,1.7,0.0,50.9,2.8
6256,4,2025-12-31,曇り,9.8,-1.3,4.2,0.0,63.3,2.3
6257,1,2026-01-01,晴れ,11.6,0.7,6.1,0.0,50.1,2.1
6258,2,2026-01-01,曇り,12.8,1.8,7.3,0.0,60.5,2.9
6259,3,2026-01-01,曇り,8.3,-2.8,2.8,0.0,60.7,2.0
6260,4,2026-01-01,曇り,10.7,-0.5,5.1,0.0,65.4,0.2
6261,1,2026-01-02,曇り,10.3,-0.7,4.8,0.0,52.9,2.0
6262,2,2026-01-02,曇り,11.2,0.2,5.7,0.0,61.4,2.5
6263,3,2026-01-02,晴れ,7.3,-3.9,1.7,0.0,40.5,2.4
6264,4,2026-01-02,晴れ,6.7,-4.0,1.4,0.0,50.6,3.1
6265,1,2026-01-03,晴れ,8.8,-2.0,3.4,0.0,43.0,3.9
6266,2,2026-01-03,晴れ,11.8,0.5,6.2,0.0,47.4,2.1
6267,3,2026-01-03,曇り,4.0,-6.7,-1.4,0.0,49.7,4.5
6268,4,2026-01-03,晴れ,6.4,-4.4,1.0,0.0,56.3,1.7
6269,1,2026-01-04,曇り,9.2,-1.7,3.7,0.0,64.1,3.8
6270,2,2026-01-04,晴れ,10.0,-1.0,4.5,0.0,45.4,1.7
6271,3,2026-01-04,晴れ,3.2,-7.4,-2.1,0.0,47.8,1.6
6272,4,2026-01-04,晴れ,9.1,-2.2,3.4,0.0,53.4,1.6
6273,1,2026-01-05,晴れ,7.4,-3.4,2.0,0.0,55.7,2.1
6274,2,2026-01-05,曇り,10.6,-0.7,5.0,0.0,69.4,2.3
6275,3,2026-01-05,曇り,3.3,-7.6,-2.1,0.0,65.8,1.2
6276,4,2026-01-05,曇り,5.6,-5.3,0.1,0.0,56.1,0.2
6277,1,2026-01-06,曇り,8.2,-2.7,2.7,0.0,61.8,2.7
6278,2,2026-01-06,晴れ,8.1,-2.6,2.8,0.0,41.6,3.1
6279,3,2026-01-06,晴れ,4.0,-7.0,-1.5,0.0,41.0,3.5
6280,4,2026-01-06,晴れ,6.9,-4.2,1.4,0.0,38.1,1.1
6281,1,2026-01-07,晴れ,9.8,-1.4,4.2,0.0,46.4,1.7
6282,2,2026-01-07,晴れ,8.3,-2.5,2.9,0.0,48.8,2.6
6283,3,2026-01-07,曇り,5.1,-6.1,-0.5,0.0,63.8,2.3
6284,4,2026-01-07,晴れ,5.8,-5.0,0.4,0.0,48.9,1.6
6285,1,2026-01-08,曇り,6.2,-4.7,0.8,0.0,58.2,2.6
6286,2,2026-01-08,晴れ,6.7,-4.1,1.3,0.0,51.6,1.2
6287,3,2026-01-08,曇り,1.2,-9.6,-4.2,0.0,65.9,3.5
6288,4,2026-01-08,晴れ,4.0,-6.9,-1.5,0.0,42.0,2.1
6289,1,2026-01-09,雪,8.1,-3.0,2.5,6.3,68.7,2.9
6290,2,2026-01-09,雨,7.8,-3.1,2.3,11.2,79.3,3.4
6291,3,2026-01-09,雨,3.7,-7.3,-1.8,17.2,78.3,3.8
6292,4,2026-01-09,雨,6.0,-5.0,0.5,8.8,66.5,4.0
6293,1,2026-01-10,曇り,10.0,-1.1,4.5,0.0,54.1,3.0
6294,2,2026-01-10,晴れ,9.5,-1.4,4.0,0.0,52.1,2.6
6295,3,2026-01-10,曇り,4.8,-6.1,-0.6,0.0,51.6,2.0
6296,4,2026-01-10,晴れ,7.7,-3.4,2.2,0.0,45.7,1.8
6297,1,2026-01-11,曇り,7.6,-3.2,2.2,0.0,62.6,1.1
6298,2,2026-01-11,曇り,7.4,-3.3,2.1,0.0,65.8,2.4
6299,3,2026-01-11,晴れ,3.7,-7.3,-1.8,0.0,42.1,3.4
6300,4,2026-01-11,晴れ,6.0,-5.0,0.5,0.0,51.6,2.7
6301,1,2026-01-12,雪,7.0,-3.9,1.6,6.2,74.4,2.6
6302,2,2026-01-12,雨,7.6,-3.3,2.1,9.5,65.8,3.5
6303,3,2026-01-12,雨,2.7,-8.3,-2.8,5.2,67.2,3.7
6304,4,2026-01-12,雨,4.9,-6.0,-0.5,10.1,83.7,4.2
6305,1,2026-01-13,曇り,7.8,-3.3,2.2,0.0,58.9,2.5
6306,2,2026-01-13,曇り,7.4,-3.5,2.0,0.0,58.7,3.7
6307,3,2026-01-13,曇り,1.0,-9.7,-4.3,0.0,66.1,2.2
6308,4,2026-01-13,曇り,6.5,-4.9,0.8,0.0,61.6,3.8
6309,1,2026-01-14,曇り,6.6,-4.4,1.1,0.0,60.7,2.9
6310,2,2026-01-14,曇り,7.2,-3.8,1.7,0.0,74.4,3.3
6311,3,2026-01-14,晴れ,2.1,-8.9,-3.4,0.0,36.1,2.2
6312,4,2026-01-14,曇り,5.5,-5.7,-0.1,0.0,55.4,3.9
6313,1,2026-01-15,曇り,7.6,-3.6,2.0,0.0,58.3,2.7
6314,2,2026-01-15,晴れ,6.5,-4.4,1.0,0.0,55.7,3.9
6315,3,2026-01-15,晴れ,0.7,-10.0,-4.7,0.0,52.3,1.4
6316,4,2026-01-15,晴れ,3.9,-7.1,-1.6,0.0,55.1,2.8
6317,1,2026-01-16,曇り,7.9,-3.2,2.4,0.0,62.8,1.5
6318,2,2026-01-16,晴れ,7.9,-3.1,2.4,0.0,37.3,2.3
6319,3,2026-01-16,晴れ,3.2,-7.9,-2.4,0.0,52.8,2.7
6320,4,2026-01-16,晴れ,3.8,-7.0,-1.6,0.0,50.3,1.4
6321,1,2026-01-17,晴れ,8.7,-2.2,3.2,0.0,55.0,1.6
6322,2,2026-01-17,晴れ,9.4,-1.5,4.0,0.0,49.0,2.6
6323,3,2026-01-17,曇り,4.7,-6.3,-0.8,0.0,56.7,0.3
6324,4,2026-01-17,曇り,6.0,-4.8,0.6,0.0,66.3,1.2
6325,1,2026-01-18,晴れ,8.7,-2.2,3.2,0.0,59.7,2.6
6326,2,2026-01-18,晴れ,9.3,-1.6,3.9,0.0,52.7,1.5
6327,3,2026-01-18,晴れ,4.3,-6.6,-1.1,0.0,49.4,2.1
6328,4,2026-01-18,晴れ,6.8,-4.2,1.3,0.0,49.7,2.3
6329,1,2026-01-19,晴れ,8.4,-2.5,3.0,0.0,49.3,1.9
6330,2,2026-01-19,晴れ,10.3,-0.8,4.8,0.0,40.8,3.6
6331,3,2026-01-19,晴れ,4.2,-6.8,-1.3,0.0,49.9,1.9
6332,4,2026-01-19,晴れ,8.6,-2.7,2.9,0.0,49.7,0.7
6333,1,2026-01-20,曇り,7.8,-3.5,2.1,0.0,57.4,3.0
6334,2,2026-01-20,晴れ,5.4,-5.3,0.1,0.0,40.1,2.9
6335,3,2026-01-20,曇り,2.6,-8.5,-3.0,0.0,53.9,3.0
6336,4,2026-01-20,晴れ,4.2,-6.8,-1.3,0.0,52.3,3.1
6337,1,2026-01-21,晴れ,9.4,-1.4,4.0,0.0,46.2,0.6
6338,2,2026-01-21,曇り,10.1,-0.8,4.6,0.0,56.4,1.3
6339,3,2026-01-21,曇り,3.8,-6.8,-1.5,0.0,60.5,2.5
6340,4,2026-01-21,晴れ,8.7,-2.5,3.1,0.0,46.1,1.5
6341,1,2026-01-22,雨,12.1,0.8,6.5,12.5,92.9,4.6
6342,2,2026-01-22,雨,10.2,-0.7,4.8,14.0,75.5,2.7
6343,3,2026-01-22,雨,6.9,-4.3,1.3,0.5,80.6,4.9
6344,4,2026-01-22,雨,8.5,-2.5,3.0,8.5,74.5,3.3
6345,1,2026-01-23,晴れ,10.3,-0.4,5.0,0.0,45.3,2.1
6346,2,2026-01-23,曇り,13.0,1.8,7.4,0.0,67.1,0.8
6347,3,2026-01-23,曇り,6.1,-4.7,0.7,0.0,64.9,4.2
6348,4,2026-01-23,晴れ,9.4,-1.7,3.9,0.0,43.0,2.3
6349,1,2026-01-24,晴れ,11.4,0.4,5.9,0.0,45.1,1.1
6350,2,2026-01-24,曇り,13.6,2.3,7.9,0.0,56.1,1.6
6351,3,2026-01-24,曇り,6.3,-4.6,0.9,0.0,70.0,3.0
6352,4,2026-01-24,晴れ,10.0,-1.2,4.4,0.0,51.2,1.0
6353,1,2026-01-25,雪,10.3,-0.6,4.9,1.3,74.7,2.6
6354,2,2026-01-25,雪,10.5,-0.3,5.1,10.0,65.3,1.6
6355,3,2026-01-25,雪,5.8,-5.1,0.4,2.1,67.2,2.3
6356,4,2026-01-25,雪,8.9,-2.1,3.4,0.5,65.7,1.7
6357,1,2026-01-26,晴れ,10.5,-0.3,5.1,0.0,52.7,3.0
6358,2,2026-01-26,曇り,12.0,1.0,6.5,0.0,56.7,3.9
6359,3,2026-01-26,晴れ,8.1,-3.2,2.4,0.0,51.2,2.5
6360,4,2026-01-26,晴れ,9.2,-1.9,3.6,0.0,46.0,1.5
6361,1,2026-01-27,曇り,9.8,-0.8,4.5,0.0,64.7,1.7
6362,2,2026-01-27,曇り,14.1,2.7,8.4,0.0,56.4,1.7
6363,3,2026-01-27,曇り,7.7,-3.5,2.1,0.0,52.6,2.5
6364,4,2026-01-27,晴れ,9.8,-1.3,4.2,0.0,45.3,0.6
6365,1,2026-01-28,晴れ,8.4,-2.6,2.9,0.0,43.5,0.2
6366,2,2026-01-28,晴れ,8.0,-2.7,2.6,0.0,49.6,2.8
6367,3,2026-01-28,晴れ,3.2,-7.6,-2.2,0.0,49.9,1.7
6368,4,2026-01-28,曇り,4.8,-5.9,-0.6,0.0,59.2,0.7
6369,1,2026-01-29,晴れ,5.7,-5.2,0.2,0.0,41.1,1.7
6370,2,2026-01-29,晴れ,5.2,-5.5,-0.1,0.0,49.0,1.7
6371,3,2026-01-29,曇り,0.6,-10.2,-4.8,0.0,54.3,0.6
6372,4,2026-01-29,晴れ,4.5,-6.6,-1.0,0.0,49.2,1.4
6373,1,2026-01-30,晴れ,6.1,-4.7,0.7,0.0,36.8,1.4
6374,2,2026-01-30,晴れ,5.7,-4.9,0.4,0.0,45.2,2.6
6375,3,2026-01-30,曇り,3.7,-7.6,-1.9,0.0,46.6,2.5
6376,4,2026-01-30,曇り,5.2,-5.8,-0.3,0.0,53.4,2.2
6377,1,2026-01-31,雨,6.9,-4.1,1.4,7.5,79.0,3.5
6378,2,2026-01-31,雨,8.1,-3.0,2.5,0.9,70.4,3.7
6379,3,2026-01-31,雨,2.3,-8.6,-3.1,12.7,74.1,3.1
6380,4,2026-01-31,雨,4.3,-6.5,-1.1,41.9,85.5,1.3
6381,1,2026-02-01,晴れ,7.4,-3.7,1.9,0.0,47.5,1.7
6382,2,2026-02-01,晴れ,7.1,-3.8,1.6,0.0,44.4,2.0
6383,3,2026-02-01,曇り,1.8,-9.1,-3.6,0.0,63.8,2.3
6384,4,2026-02-01,晴れ,5.8,-5.5,0.1,0.0,35.5,2.3
6385,1,2026-02-02,曇り,6.0,-5.0,0.5,0.0,45.1,2.3
6386,2,2026-02-02,曇り,5.9,-4.9,0.5,0.0,63.4,0.2
6387,3,2026-02-02,曇り,1.0,-9.9,-4.5,0.0,57.5,2.0
6388,4,2026-02-02,曇り,2.5,-8.2,-2.8,0.0,57.8,2.9
6389,1,2026-02-03,晴れ,5.4,-5.5,0.0,0.0,51.3,3.5
6390,2,2026-02-03,晴れ,6.8,-4.3,1.2,0.0,40.2,2.1
6391,3,2026-02-03,曇り,2.9,-8.4,-2.8,0.0,56.1,1.5
6392,4,2026-02-03,晴れ,4.1,-6.9,-1.4,0.0,56.4,2.1
6393,1,2026-02-04,晴れ,7.9,-3.3,2.3,0.0,57.9,4.4
6394,2,2026-02-04,曇り,7.3,-3.7,1.8,0.0,52.1,3.5
6395,3,2026-02-04,晴れ,3.3,-7.8,-2.2,0.0,51.3,1.9
6396,4,2026-02-04,曇り,4.7,-6.3,-0.8,0.0,64.8,3.4
6397,1,2026-02-05,晴れ,8.9,-2.3,3.3,0.0,54.7,4.0
6398,2,2026-02-05,曇り,8.4,-2.5,3.0,0.0,60.2,3.2
6399,3,2026-02-05,晴れ,3.9,-7.2,-1.7,0.0,42.4,1.9
6400,4,2026-02-05,晴れ,5.8,-5.2,0.3,0.0,45.3,1.9
6401,1,2026-02-06,晴れ,8.4,-2.2,3.1,0.0,53.8,1.6
6402,2,2026-02-06,晴れ,10.0,-0.9,4.5,0.0,43.4,1.6
6403,3,2026-02-06,晴れ,5.3,-5.6,-0.1,0.0,44.2,1.1
6404,4,2026-02-06,晴れ,7.7,-3.2,2.2,0.0,50.2,2.3
6405,1,2026-02-07,晴れ,9.6,-1.5,4.0,0.0,49.0,2.4
6406,2,2026-02-07,晴れ,8.5,-2.3,3.1,0.0,51.6,1.3
6407,3,2026-02-07,晴れ,3.9,-7.0,-1.6,0.0,41.6,2.2
6408,4,2026-02-07,曇り,7.9,-3.4,2.2,0.0,56.2,1.7
6409,1,2026-02-08,雨,9.8,-1.1,4.4,10.6,74.3,4.0
6410,2,2026-02-08,雨,11.0,0.0,5.5,5.2,74.3,4.4
6411,3,2026-02-08,雪,5.4,-5.5,0.0,5.7,74.4,3.0
6412,4,2026-02-08,雨,6.7,-4.0,1.4,2.6,76.4,5.3
6413,1,2026-02-09,曇り,9.3,-1.6,3.9,0.0,56.2,2.3
6414,2,2026-02-09,晴れ,11.1,-0.1,5.5,0.0,53.3,2.8
6415,3,2026-02-09,晴れ,6.5,-4.8,0.9,0.0,50.1,2.4
6416,4,2026-02-09,曇り,6.3,-4.5,0.9,0.0,56.4,1.8
6417,1,2026-02-10,晴れ,6.6,-4.2,1.2,0.0,41.8,3.0
6418,2,2026-02-10,曇り,7.1,-3.7,1.7,0.0,63.6,3.5
6419,3,2026-02-10,晴れ,3.1,-7.8,-2.3,0.0,52.8,1.4
6420,4,2026-02-10,曇り,4.3,-6.5,-1.1,0.0,59.8,1.8
6421,1,2026-02-11,曇り,5.9,-5.0,0.5,0.0,64.4,1.8
6422,2,2026-02-11,晴れ,6.4,-4.5,1.0,0.0,46.5,0.4
6423,3,2026-02-11,晴れ,0.4,-10.4,-5.0,0.0,41.1,3.3
6424,4,2026-02-11,曇り,4.5,-6.6,-1.0,0.0,58.3,3.5
6425,1,2026-02-12,晴れ,7.5,-3.7,1.9,0.0,48.4,0.5
6426,2,2026-02-12,曇り,5.9,-4.8,0.6,0.0,62.1,2.7
6427,3,2026-02-12,晴れ,1.0,-9.8,-4.4,0.0,49.2,1.9
6428,4,2026-02-12,晴れ,4.9,-6.2,-0.6,0.0,47.3,2.9
6429,1,2026-02-13,雨,7.3,-3.7,1.8,0.5,86.1,1.9
6430,2,2026-02-13,雨,8.5,-2.6,3.0,16.5,78.1,3.2
6431,3,2026-02-13,雪,1.8,-9.1,-3.6,5.9,60.4,1.2
6432,4,2026-02-13,雨,6.4,-4.9,0.8,6.6,82.7,3.1
6433,1,2026-02-14,曇り,6.2,-4.7,0.8,0.0,50.0,3.1
6434,2,2026-02-14,晴れ,8.5,-2.8,2.9,0.0,47.9,2.8
6435,3,2026-02-14,晴れ,2.9,-8.3,-2.7,0.0,46.4,2.5
6436,4,2026-02-14,曇り,3.4,-7.4,-2.0,0.0,53.8,2.0
6437,1,2026-02-15,雨,6.6,-4.3,1.1,8.0,87.3,5.6
6438,2,2026-02-15,雨,5.5,-5.1,0.2,3.1,72.1,2.7
6439,3,2026-02-15,雨,1.7,-9.1,-3.7,5.7,71.2,2.3
6440,4,2026-02-15,雨,5.2,-5.8,-0.3,0.5,70.9,2.4
6441,1,2026-02-16,晴れ,7.5,-3.6,1.9,0.0,55.9,4.0
6442,2,2026-02-16,晴れ,7.1,-3.7,1.7,0.0,45.2,1.8
6443,3,2026-02-16,晴れ,1.1,-9.6,-4.2,0.0,43.1,0.2
6444,4,2026-02-16,曇り,4.4,-6.5,-1.0,0.0,61.7,3.1
6445,1,2026-02-17,曇り,9.2,-1.7,3.7,0.0,51.3,3.1
6446,2,2026-02-17,曇り,8.9,-1.9,3.5,0.0,69.3,3.2
6447,3,2026-02-17,晴れ,5.9,-5.3,0.3,0.0,43.7,3.1
6448,4,2026-02-17,曇り,5.6,-5.1,0.2,0.0,52.1,2.5
6449,1,2026-02-18,曇り,9.8,-1.3,4.2,0.0,61.0,2.3
6450,2,2026-02-18,曇り,8.4,-2.3,3.1,0.0,68.6,0.8
6451,3,2026-02-18,曇り,3.1,-7.6,-2.2,0.0,64.6,3.8
6452,4,2026-02-18,晴れ,8.0,-3.2,2.4,0.0,54.4,2.8
6453,1,2026-02-19,雨,6.3,-4.7,0.8,9.4,74.6,3.2
6454,2,2026-02-19,雨,5.0,-5.6,-0.3,12.4,75.4,3.1
6455,3,2026-02-19,雨,3.4,-7.9,-2.2,0.5,74.4,4.4
6456,4,2026-02-19,雨,3.8,-7.1,-1.6,11.9,75.5,3.7
6457,1,2026-02-20,晴れ,3.9,-7.0,-1.6,0.0,57.2,2.1
6458,2,2026-02-20,晴れ,5.3,-5.8,-0.2,0.0,54.0,3.7
6459,3,2026-02-20,曇り,0.6,-10.6,-5.0,0.0,56.6,2.7
6460,4,2026-02-20,晴れ,3.6,-7.7,-2.0,0.0,59.5,1.4
6461,1,2026-02-21,晴れ,8.4,-2.7,2.9,0.0,40.6,2.9
6462,2,2026-02-21,晴れ,8.9,-2.2,3.4,0.0,47.4,3.4
6463,3,2026-02-21,曇り,4.5,-6.8,-1.1,0.0,74.4,0.4
6464,4,2026-02-21,晴れ,7.4,-4.0,1.7,0.0,32.1,2.4
6465,1,2026-02-22,雪,10.0,-1.3,4.3,8.0,59.0,1.9
6466,2,2026-02-22,雨,11.0,-0.4,5.3,15.2,80.4,4.1
6467,3,2026-02-22,雪,3.6,-7.3,-1.8,11.6,64.0,3.7
6468,4,2026-02-22,雨,5.4,-5.4,0.0,4.9,80.0,2.4
6469,1,2026-02-23,曇り,8.2,-2.8,2.7,0.0,51.5,1.9
6470,2,2026-02-23,曇り,10.1,-1.2,4.5,0.0,61.8,2.0
6471,3,2026-02-23,曇り,5.1,-6.2,-0.6,0.0,49.5,2.1
6472,4,2026-02-23,曇り,6.0,-5.0,0.5,0.0,59.5,0.6
6473,1,2026-02-24,雨,10.5,-0.8,4.8,1.3,78.0,2.8
6474,2,2026-02-24,雪,10.2,-0.9,4.6,13.4,69.0,2.7
6475,3,2026-02-24,雪,6.4,-5.0,0.7,2.1,71.2,3.3
6476,4,2026-02-24,雪,7.8,-3.4,2.2,6.3,76.7,1.3
6477,1,2026-02-25,晴れ,9.4,-1.8,3.8,0.0,53.7,2.0
6478,2,2026-02-25,曇り,9.0,-2.0,3.5,0.0,57.8,2.0
6479,3,2026-02-25,晴れ,5.2,-6.1,-0.4,0.0,51.8,3.8
6480,4,2026-02-25,晴れ,6.3,-4.8,0.8,0.0,48.1,2.3
6481,1,2026-02-26,曇り,9.2,-2.4,3.4,0.0,64.5,1.7
6482,2,2026-02-26,晴れ,8.6,-2.8,2.9,0.0,55.4,2.4
6483,3,2026-02-26,曇り,4.9,-6.8,-0.9,0.0,57.2,3.8
6484,4,2026-02-26,晴れ,6.3,-5.2,0.5,0.0,56.1,1.2
6485,1,2026-02-27,雨,9.3,-2.0,3.7,14.3,71.7,2.2
6486,2,2026-02-27,雨,10.5,-1.0,4.8,2.8,72.2,3.6
6487,3,2026-02-27,雨,3.8,-7.4,-1.8,0.5,65.4,2.9
6488,4,2026-02-27,雨,6.0,-5.1,0.5,5.8,80.0,4.7
6489,1,2026-02-28,晴れ,12.6,0.6,6.6,0.0,48.5,2.5
6490,2,2026-02-28,晴れ,11.5,0.0,5.8,0.0,41.4,2.2
6491,3,2026-02-28,晴れ,3.6,-7.4,-1.9,0.0,46.4,2.7
6492,4,2026-02-28,晴れ,6.4,-4.7,0.9,0.0,48.5,2.4
6493,1,2026-03-01,曇り,11.4,-0.2,5.6,0.0,68.4,2.4
6494,2,2026-03-01,曇り,10.9,-0.4,5.2,0.0,63.3,3.5
6495,3,2026-03-01,曇り,7.0,-4.6,1.2,0.0,68.8,2.6
6496,4,2026-03-01,曇り,10.7,-1.1,4.8,0.0,66.7,1.6
6497,1,2026-03-02,晴れ,11.7,0.3,6.0,0.0,59.0,2.1
6498,2,2026-03-02,晴れ,12.8,1.2,7.0,0.0,48.3,3.2
6499,3,2026-03-02,晴れ,7.4,-4.1,1.7,0.0,52.5,0.4
6500,4,2026-03-02,曇り,10.0,-1.5,4.2,0.0,66.3,1.7
6501,1,2026-03-03,雨,13.3,1.6,7.5,0.5,84.3,3.2
6502,2,2026-03-03,雨,14.8,2.9,8.8,7.9,84.3,3.0
6503,3,2026-03-03,雨,8.7,-3.0,2.8,2.8,84.6,3.1
6504,4,2026-03-03,雪,11.7,-0.1,5.8,14.3,67.6,3.6
6505,1,2026-03-04,晴れ,12.4,0.8,6.6,0.0,58.7,2.5
6506,2,2026-03-04,晴れ,14.0,2.2,8.1,0.0,50.7,3.5
6507,3,2026-03-04,曇り,8.4,-3.3,2.6,0.0,62.8,4.0
6508,4,2026-03-04,曇り,10.5,-1.1,4.7,0.0,70.2,1.9
6509,1,2026-03-05,曇り,14.4,2.5,8.4,0.0,70.3,2.8
6510,2,2026-03-05,晴れ,15.4,3.3,9.3,0.0,44.5,3.1
6511,3,2026-03-05,晴れ,9.7,-2.2,3.7,0.0,56.2,3.1
6512,4,2026-03-05,晴れ,11.5,-0.4,5.5,0.0,53.5,2.3
6513,1,2026-03-06,曇り,14.3,2.2,8.2,0.0,73.9,0.2
6514,2,2026-03-06,曇り,13.3,1.6,7.5,0.0,74.2,3.3
6515,3,2026-03-06,曇り,10.1,-2.0,4.0,0.0,74.9,1.8
6516,4,2026-03-06,晴れ,10.1,-1.5,4.3,0.0,58.4,1.9
6517,1,2026-03-07,晴れ,11.8,-0.1,5.9,0.0,45.8,1.5
6518,2,2026-03-07,晴れ,11.6,-0.1,5.8,0.0,47.8,3.7
6519,3,2026-03-07,晴れ,6.7,-5.1,0.8,0.0,57.2,2.8
6520,4,2026-03-07,晴れ,8.8,-2.9,3.0,0.0,45.6,2.5
6521,1,2026-03-08,雨,16.3,3.9,10.1,10.6,78.9,3.4
6522,2,2026-03-08,雨,15.6,3.5,9.6,31.4,83.3,4.9
6523,3,2026-03-08,雨,9.5,-2.3,3.6,0.5,84.1,3.1
6524,4,2026-03-08,雨,13.6,1.4,7.5,3.7,85.8,5.2
6525,1,2026-03-09,雪,14.0,2.1,8.1,5.2,89.3,1.2
6526,2,2026-03-09,雨,14.5,2.7,8.6,4.1,86.4,5.2
6527,3,2026-03-09,雪,10.1,-1.9,4.1,1.7,79.4,4.7
6528,4,2026-03-09,雨,13.1,1.0,7.0,11.2,93.0,3.5
6529,1,2026-03-10,曇り,16.0,4.2,10.1,0.0,53.7,2.0
6530,2,2026-03-10,曇り,17.7,5.7,11.7,0.0,68.7,1.5
6531,3,2026-03-10,晴れ,11.9,0.0,6.0,0.0,56.2,4.4
6532,4,2026-03-10,曇り,15.2,3.1,9.2,0.0,84.3,2.9
6533,1,2026-03-11,晴れ,15.3,3.1,9.2,0.0,62.6,1.6
6534,2,2026-03-11,晴れ,15.0,3.0,9.0,0.0,54.6,1.2
6535,3,2026-03-11,曇り,10.1,-1.9,4.1,0.0,63.4,2.8
6536,4,2026-03-11,晴れ,12.3,0.3,6.3,0.0,66.2,1.9
6537,1,2026-03-12,曇り,13.1,1.3,7.2,0.0,69.9,3.3
6538,2,2026-03-12,晴れ,14.7,2.7,8.7,0.0,62.2,2.2
6539,3,2026-03-12,晴れ,10.5,-1.7,4.4,0.0,48.3,2.8
6540,4,2026-03-12,晴れ,11.6,-0.4,5.6,0.0,49.7,1.5
6541,1,2026-03-13,曇り,12.8,0.9,6.9,0.0,67.1,2.7
6542,2,2026-03-13,晴れ,13.7,1.7,7.7,0.0,56.7,3.7
6543,3,2026-03-13,晴れ,6.8,-4.8,1.0,0.0,62.6,2.3
6544,4,2026-03-13,晴れ,12.0,-0.2,5.9,0.0,50.1,2.4
6545,1,2026-03-14,晴れ,14.8,2.5,8.7,0.0,50.6,2.9
6546,2,2026-03-14,晴れ,14.0,1.9,8.0,0.0,58.3,3.6
6547,3,2026-03-14,晴れ,10.4,-1.9,4.2,0.0,66.3,2.6
6548,4,2026-03-14,晴れ,9.3,-2.3,3.5,0.0,59.2,1.8
6549,1,2026-03-15,曇り,13.2,1.0,7.1,0.0,65.4,2.9
6550,2,2026-03-15,晴れ,11.8,0.0,5.9,0.0,40.2,2.0
6551,3,2026-03-15,曇り,7.0,-4.8,1.1,0.0,76.8,2.3
6552,4,2026-03-15,晴れ,8.8,-2.9,3.0,0.0,53.9,4.1
6553,1,2026-03-16,雨,13.8,1.2,7.5,54.7,89.9,5.1
6554,2,2026-03-16,雪,12.0,-0.2,5.9,3.4,69.6,2.0
6555,3,2026-03-16,雨,5.9,-6.0,0.0,14.7,73.1,4.5
6556,4,2026-03-16,雪,9.2,-3.0,3.1,0.5,64.2,2.7
6557,1,2026-03-17,晴れ,12.4,0.2,6.3,0.0,56.8,2.8
6558,2,2026-03-17,晴れ,12.7,0.6,6.6,0.0,61.1,3.3
6559,3,2026-03-17,曇り,6.7,-5.2,0.8,0.0,68.7,1.7
6560,4,2026-03-17,晴れ,8.3,-3.4,2.5,0.0,63.3,1.9
6561,1,2026-03-18,晴れ,12.8,1.0,6.9,0.0,58.4,2.3
6562,2,2026-03-18,晴れ,15.9,3.6,9.8,0.0,67.9,3.1
6563,3,2026-03-18,晴れ,9.5,-2.6,3.5,0.0,51.0,2.4
6564,4,2026-03-18,曇り,10.4,-1.4,4.5,0.0,69.5,3.3
6565,1,2026-03-19,晴れ,14.1,2.2,8.2,0.0,54.4,3.7
6566,2,2026-03-19,曇り,15.4,3.5,9.4,0.0,72.4,1.4
6567,3,2026-03-19,晴れ,12.1,-0.3,5.9,0.0,59.9,2.5
6568,4,2026-03-19,曇り,13.3,1.2,7.2,0.0,70.2,2.1
6569,1,2026-03-20,曇り,13.6,1.6,7.6,0.0,64.9,1.5
6570,2,2026-03-20,晴れ,13.1,1.4,7.2,0.0,46.7,3.3
6571,3,2026-03-20,曇り,10.2,-2.0,4.1,0.0,61.2,2.2
6572,4,2026-03-20,曇り,12.0,-0.1,6.0,0.0,66.4,2.6
6573,1,2026-03-21,晴れ,8.9,-2.5,3.2,0.0,59.3,3.7
6574,2,2026-03-21,晴れ,11.6,-0.2,5.7,0.0,61.0,0.6
6575,3,2026-03-21,晴れ,7.1,-4.8,1.1,0.0,58.1,2.1
6576,4,2026-03-21,曇り,9.6,-2.3,3.6,0.0,72.3,3.1
6577,1,2026-03-22,曇り,12.4,0.7,6.5,0.0,65.1,3.8
6578,2,2026-03-22,曇り,15.7,3.5,9.6,0.0,68.3,2.9
6579,3,2026-03-22,晴れ,9.4,-2.5,3.5,0.0,58.3,3.1
6580,4,2026-03-22,晴れ,12.0,0.0,6.0,0.0,50.6,3.3
6581,1,2026-03-23,晴れ,16.5,4.2,10.3,0.0,46.8,2.2
6582,2,2026-03-23,晴れ,15.3,3.3,9.3,0.0,56.6,3.4
6583,3,2026-03-23,晴れ,9.8,-2.1,3.9,0.0,44.5,1.9
6584,4,2026-03-23,曇り,9.2,-2.1,3.5,0.0,68.4,1.7
6585,1,2026-03-24,晴れ,13.6,1.9,7.8,0.0,51.2,1.1
6586,2,2026-03-24,曇り,13.9,2.2,8.1,0.0,58.7,2.0
6587,3,2026-03-24,曇り,10.2,-1.8,4.2,0.0,59.2,2.3
6588,4,2026-03-24,晴れ,12.7,0.7,6.7,0.0,54.7,1.4
6589,1,2026-03-25,雨,11.8,0.5,6.2,7.7,80.9,2.9
6590,2,2026-03-25,雨,15.8,3.8,9.8,16.7,85.2,3.2
6591,3,2026-03-25,雪,8.8,-2.8,3.0,5.8,68.6,2.6
6592,4,2026-03-25,雨,13.8,1.6,7.7,6.0,85.2,5.5
6593,1,2026-03-26,曇り,12.8,1.6,7.2,0.0,59.6,0.2
6594,2,2026-03-26,曇り,16.9,4.9,10.9,0.0,69.2,2.8
6595,3,2026-03-26,晴れ,10.2,-1.5,4.3,0.0,67.3,1.4
6596,4,2026-03-26,晴れ,13.5,1.6,7.5,0.0,56.4,2.6
6597,1,2026-03-27,晴れ,17.1,5.1,11.1,0.0,56.4,2.9
6598,2,2026-03-27,曇り,15.7,4.1,9.9,0.0,68.3,0.9
6599,3,2026-03-27,曇り,11.8,0.0,5.9,0.0,68.2,3.6
6600,4,2026-03-27,晴れ,12.8,1.2,7.0,0.0,52.6,2.9
6601,1,2026-03-28,雨,18.0,5.8,11.9,6.1,90.7,4.4
6602,2,2026-03-28,雨,16.2,4.5,10.3,10.0,77.0,2.6
6603,3,2026-03-28,雨,11.1,-0.6,5.2,64.6,86.4,2.0
6604,4,2026-03-28,雪,12.5,1.0,6.8,0.5,77.4,3.4
6605,1,2026-03-29,曇り,15.9,4.2,10.1,0.0,62.7,0.2
6606,2,2026-03-29,曇り,16.2,4.6,10.4,0.0,75.3,3.7
6607,3,2026-03-29,晴れ,11.1,-0.6,5.2,0.0,60.2,2.2
6608,4,2026-03-29,晴れ,12.0,0.6,6.3,0.0,46.3,4.1
6609,1,2026-03-30,曇り,13.7,2.2,7.9,0.0,68.6,1.2
6610,2,2026-03-30,晴れ,13.6,2.2,7.9,0.0,58.6,1.0
6611,3,2026-03-30,曇り,8.5,-2.9,2.8,0.0,75.6,3.7
6612,4,2026-03-30,晴れ,12.8,1.0,6.9,0.0,66.5,2.0
6613,1,2026-03-31,晴れ,13.9,2.4,8.2,0.0,54.9,3.5
6614,2,2026-03-31,曇り,14.9,3.4,9.2,0.0,60.7,3.7
6615,3,2026-03-31,晴れ,10.9,-0.9,5.0,0.0,55.4,4.1
6616,4,2026-03-31,曇り,12.6,1.0,6.8,0.0,66.0,2.2
6617,1,2026-04-01,晴れ,14.1,2.4,8.2,0.0,49.6,1.2
6618,2,2026-04-01,曇り,12.8,1.5,7.2,0.0,67.7,2.7
6619,3,2026-04-01,曇り,6.7,-4.4,1.1,0.0,78.6,2.7
6620,4,2026-04-01,晴れ,10.0,-1.3,4.3,0.0,56.4,1.2
6621,1,2026-04-02,晴れ,14.6,2.9,8.8,0.0,58.1,1.6
6622,2,2026-04-02,晴れ,12.6,1.4,7.0,0.0,59.0,2.4
6623,3,2026-04-02,曇り,9.5,-2.0,3.8,0.0,67.7,2.5
6624,4,2026-04-02,曇り,13.2,1.3,7.2,0.0,67.8,2.3
6625,1,2026-04-03,晴れ,15.1,3.5,9.3,0.0,55.4,1.8
6626,2,2026-04-03,晴れ,13.5,2.3,7.9,0.0,52.7,3.0
6627,3,2026-04-03,晴れ,10.5,-1.1,4.7,0.0,51.4,3.1
6628,4,2026-04-03,曇り,10.9,-0.4,5.2,0.0,71.6,3.7
6629,1,2026-04-04,晴れ,13.5,2.0,7.8,0.0,60.4,3.8
6630,2,2026-04-04,曇り,12.3,1.2,6.8,0.0,62.4,2.6
6631,3,2026-04-04,曇り,6.0,-4.8,0.6,0.0,66.7,3.3
6632,4,2026-04-04,晴れ,11.5,0.0,5.8,0.0,65.5,2.1
6633,1,2026-04-05,晴れ,16.7,5.2,10.9,0.0,51.2,2.6
6634,2,2026-04-05,曇り,13.5,2.8,8.2,0.0,65.1,3.4
6635,3,2026-04-05,晴れ,12.0,0.6,6.3,0.0,51.5,1.8
6636,4,2026-04-05,曇り,13.4,2.1,7.8,0.0,66.3,2.0
6637,1,2026-04-06,雨,15.1,3.9,9.5,12.8,87.3,5.4
6638,2,2026-04-06,雨,15.3,4.2,9.8,8.3,80.9,2.4
6639,3,2026-04-06,雨,11.4,0.1,5.8,0.5,71.7,3.8
6640,4,2026-04-06,雨,13.1,1.8,7.5,0.9,90.9,4.3
6641,1,2026-04-07,晴れ,15.2,3.8,9.5,0.0,49.7,1.8
6642,2,2026-04-07,曇り,13.3,2.4,7.9,0.0,66.1,1.8
6643,3,2026-04-07,曇り,11.3,-0.2,5.6,0.0,74.5,2.7
6644,4,2026-04-07,晴れ,11.2,0.2,5.7,0.0,57.8,2.1
6645,1,2026-04-08,曇り,15.1,3.9,9.5,0.0,69.8,1.5
6646,2,2026-04-08,晴れ,15.6,4.5,10.1,0.0,56.9,2.3
6647,3,2026-04-08,曇り,10.0,-1.0,4.5,0.0,64.6,2.3
6648,4,2026-04-08,晴れ,11.5,0.6,6.0,0.0,56.6,3.5
6649,1,2026-04-09,晴れ,15.8,4.8,10.3,0.0,47.2,1.3
6650,2,2026-04-09,晴れ,18.0,6.7,12.3,0.0,50.0,2.6
6651,3,2026-04-09,曇り,12.8,1.5,7.2,0.0,59.6,1.9
6652,4,2026-04-09,晴れ,16.0,4.6,10.3,0.0,55.8,3.8
6653,1,2026-04-10,雨,17.8,6.7,12.2,0.5,88.5,4.4
6654,2,2026-04-10,雨,17.3,6.5,11.9,8.3,79.4,4.7
6655,3,2026-04-10,雨,13.9,2.7,8.3,9.3,86.0,3.6
6656,4,2026-04-10,雨,16.9,5.6,11.2,20.6,88.8,5.1
6657,1,2026-04-11,雨,19.0,7.6,13.3,4.6,87.1,3.8
6658,2,2026-04-11,雨,17.8,6.8,12.3,20.5,79.9,5.2
6659,3,2026-04-11,雨,11.2,0.5,5.8,10.0,81.5,4.9
6660,4,2026-04-11,雨,14.2,3.3,8.8,11.9,84.5,3.4
6661,1,2026-04-12,晴れ,16.0,5.2,10.6,0.0,47.3,3.5
6662,2,2026-04-12,曇り,16.8,5.9,11.4,0.0,72.5,2.1
6663,3,2026-04-12,晴れ,14.2,2.8,8.5,0.0,53.5,0.9
6664,4,2026-04-12,曇り,14.4,3.5,8.9,0.0,70.7,2.6
6665,1,2026-04-13,雨,17.8,6.8,12.3,18.9,80.7,2.2
6666,2,2026-04-13,雨,17.2,6.4,11.8,0.5,88.7,3.5
6667,3,2026-04-13,雨,13.8,2.6,8.2,9.6,85.6,4.6
6668,4,2026-04-13,雨,14.7,3.8,9.2,4.8,81.7,3.4
6669,1,2026-04-14,晴れ,18.1,7.3,12.7,0.0,51.2,3.0
6670,2,2026-04-14,晴れ,19.1,8.2,13.7,0.0,65.5,3.2
6671,3,2026-04-14,曇り,15.4,4.2,9.8,0.0,68.9,2.4
6672,4,2026-04-14,晴れ,16.0,5.1,10.6,0.0,63.7,1.7
6673,1,2026-04-15,曇り,19.0,8.0,13.5,0.0,69.6,2.3
6674,2,2026-04-15,晴れ,18.8,7.9,13.4,0.0,53.7,1.5
6675,3,2026-04-15,晴れ,13.8,2.9,8.3,0.0,58.6,2.6
6676,4,2026-04-15,晴れ,17.8,6.6,12.2,0.0,47.9,0.3
6677,1,2026-04-16,雨,17.5,6.7,12.1,0.8,86.7,3.9
6678,2,2026-04-16,雨,18.5,7.5,13.0,56.2,81.7,2.9
6679,3,2026-04-16,雨,14.9,3.7,9.3,8.9,88.4,3.8
6680,4,2026-04-16,雨,15.6,4.7,10.2,12.2,86.3,4.1
6681,1,2026-04-17,晴れ,17.9,6.9,12.4,0.0,48.0,1.3
6682,2,2026-04-17,曇り,18.1,7.2,12.7,0.0,72.5,1.6
6683,3,2026-04-17,曇り,15.8,4.4,10.1,0.0,56.5,4.3
6684,4,2026-04-17,晴れ,16.1,5.0,10.6,0.0,50.2,2.8
6685,1,2026-04-18,雨,17.4,6.4,11.9,16.5,84.0,3.7
6686,2,2026-04-18,雨,17.0,6.2,11.6,15.5,83.8,2.0
6687,3,2026-04-18,雨,11.8,1.0,6.4,0.5,88.2,3.1
6688,4,2026-04-18,雨,14.3,3.5,8.9,64.2,84.6,2.4
6689,1,2026-04-19,晴れ,15.0,4.4,9.7,0.0,49.7,4.3
6690,2,2026-04-19,曇り,16.7,5.9,11.3,0.0,52.9,3.2
6691,3,2026-04-19,晴れ,11.5,0.7,6.1,0.0,47.9,3.2
6692,4,2026-04-19,晴れ,14.2,3.3,8.8,0.0,57.2,1.7
6693,1,2026-04-20,曇り,16.3,5.6,10.9,0.0,72.2,2.6
6694,2,2026-04-20,曇り,17.3,6.5,11.9,0.0,68.4,2.0
6695,3,2026-04-20,晴れ,11.6,0.9,6.2,0.0,49.8,4.5
6696,4,2026-04-20,曇り,14.7,3.9,9.3,0.0,79.0,1.8
6697,1,2026-04-21,晴れ,17.4,6.3,11.8,0.0,52.4,1.1
6698,2,2026-04-21,曇り,17.6,6.6,12.1,0.0,76.4,2.5
6699,3,2026-04-21,晴れ,12.6,1.6,7.1,0.0,49.8,3.9
6700,4,2026-04-21,曇り,13.6,2.8,8.2,0.0,69.1,2.3
6701,1,2026-04-22,晴れ,17.4,6.3,11.8,0.0,48.3,1.0
6702,2,2026-04-22,曇り,15.9,5.3,10.6,0.0,74.7,2.1
6703,3,2026-04-22,曇り,12.2,1.3,6.8,0.0,66.4,4.0
6704,4,2026-04-22,晴れ,13.6,2.8,8.2,0.0,57.1,2.3
6705,1,2026-04-23,雨,18.1,7.6,12.9,65.8,88.3,4.1
6706,2,2026-04-23,雨,21.0,10.1,15.6,9.9,91.6,2.5
6707,3,2026-04-23,雨,15.9,5.0,10.4,10.4,82.3,3.6
6708,4,2026-04-23,雨,14.6,4.4,9.5,0.5,85.8,3.7
6709,1,2026-04-24,雨,19.0,8.2,13.6,18.9,68.6,3.0
6710,2,2026-04-24,雨,19.9,9.1,14.5,0.5,78.0,3.5
6711,3,2026-04-24,雨,13.0,2.5,7.8,3.9,87.2,4.5
6712,4,2026-04-24,雨,17.6,6.7,12.2,9.2,80.7,5.6
6713,1,2026-04-25,晴れ,20.8,10.0,15.4,0.0,65.3,3.4
6714,2,2026-04-25,曇り,20.4,9.8,15.1,0.0,71.4,1.5
6715,3,2026-04-25,曇り,16.6,5.7,11.2,0.0,71.0,2.2
6716,4,2026-04-25,曇り,15.7,5.4,10.6,0.0,65.3,3.5
6717,1,2026-04-26,曇り,21.1,10.7,15.9,0.0,67.8,2.4
6718,2,2026-04-26,晴れ,23.0,12.3,17.6,0.0,54.2,1.8
6719,3,2026-04-26,曇り,19.2,8.3,13.8,0.0,69.4,1.6
6720,4,2026-04-26,曇り,20.0,9.4,14.7,0.0,73.0,2.3
6721,1,2026-04-27,雨,23.4,12.6,18.0,10.9,90.7,4.0
6722,2,2026-04-27,雨,23.6,12.9,18.2,36.5,78.3,2.8
6723,3,2026-04-27,雨,16.6,6.3,11.5,8.7,87.7,4.7
6724,4,2026-04-27,雨,20.7,10.0,15.3,6.3,81.3,2.7
6725,1,2026-04-28,雨,21.3,10.8,16.1,0.5,84.1,4.4
6726,2,2026-04-28,雨,22.7,12.0,17.4,10.6,94.4,2.1
6727,3,2026-04-28,雨,16.0,5.6,10.8,1.8,81.2,3.1
6728,4,2026-04-28,雨,21.4,10.4,15.9,7.8,82.1,3.0
6729,1,2026-04-29,曇り,21.1,10.8,16.0,0.0,67.6,2.7
6730,2,2026-04-29,曇り,22.7,12.2,17.4,0.0,60.6,2.8
6731,3,2026-04-29,曇り,18.3,7.6,12.9,0.0,63.4,2.8
6732,4,2026-04-29,曇り,20.8,10.1,15.4,0.0,66.4,2.2
6733,1,2026-04-30,晴れ,21.0,10.6,15.8,0.0,64.1,2.3
6734,2,2026-04-30,曇り,21.4,11.1,16.2,0.0,63.8,2.9
6735,3,2026-04-30,晴れ,15.4,5.3,10.3,0.0,45.9,1.9
6736,4,2026-04-30,晴れ,19.1,8.7,13.9,0.0,49.0,1.2
6737,1,2026-05-01,雨,20.5,10.0,15.2,0.5,80.1,4.9
6738,2,2026-05-01,雨,21.0,10.6,15.8,6.4,87.3,3.8
6739,3,2026-05-01,雨,15.6,5.2,10.4,20.5,76.0,2.8
6740,4,2026-05-01,雨,19.5,8.7,14.1,5.3,80.4,2.9
6741,1,2026-05-02,曇り,21.2,10.7,15.9,0.0,71.5,2.5
6742,2,2026-05-02,曇り,20.7,10.4,15.6,0.0,72.0,1.8
6743,3,2026-05-02,晴れ,16.4,5.9,11.1,0.0,58.7,3.7
6744,4,2026-05-02,晴れ,19.1,8.6,13.9,0.0,57.4,1.3
6745,1,2026-05-03,晴れ,22.1,11.4,16.8,0.0,57.9,3.3
6746,2,2026-05-03,曇り,20.0,9.9,14.9,0.0,69.1,3.1
6747,3,2026-05-03,曇り,15.1,5.0,10.1,0.0,64.8,0.5
6748,4,2026-05-03,晴れ,19.8,9.2,14.5,0.0,53.7,3.6
6749,1,2026-05-04,雨,22.0,11.7,16.9,4.6,87.1,4.1
6750,2,2026-05-04,雨,23.7,13.2,18.4,14.4,90.4,2.6
6751,3,2026-05-04,雨,16.8,6.6,11.7,7.4,85.0,3.4
6752,4,2026-05-04,雨,20.9,10.4,15.6,11.6,75.9,3.4
6753,1,2026-05-05,曇り,24.1,13.8,19.0,0.0,66.4,3.7
6754,2,2026-05-05,晴れ,25.6,15.1,20.4,0.0,55.8,1.9
6755,3,2026-05-05,曇り,20.4,9.9,15.1,0.0,68.5,0.5
6756,4,2026-05-05,晴れ,23.0,12.4,17.7,0.0,60.0,2.0
6757,1,2026-05-06,晴れ,20.3,10.5,15.4,0.0,63.6,3.3
6758,2,2026-05-06,晴れ,23.8,13.3,18.6,0.0,58.5,0.7
6759,3,2026-05-06,曇り,18.2,7.9,13.1,0.0,68.6,2.4
6760,4,2026-05-06,晴れ,20.3,10.0,15.2,0.0,60.6,3.3
6761,1,2026-05-07,晴れ,21.3,11.2,16.2,0.0,54.0,0.7
6762,2,2026-05-07,晴れ,21.9,11.8,16.9,0.0,47.4,3.0
6763,3,2026-05-07,曇り,17.6,7.3,12.5,0.0,58.8,1.0
6764,4,2026-05-07,曇り,19.4,9.2,14.3,0.0,71.7,0.8
6765,1,2026-05-08,曇り,20.7,10.7,15.7,0.0,69.4,3.8
6766,2,2026-05-08,晴れ,22.0,11.9,16.9,0.0,49.9,0.6
6767,3,2026-05-08,晴れ,16.4,6.3,11.3,0.0,61.0,0.8
6768,4,2026-05-08,晴れ,19.6,9.4,14.5,0.0,57.6,3.3
6769,1,2026-05-09,曇り,19.7,9.7,14.7,0.0,65.1,3.4
6770,2,2026-05-09,晴れ,23.1,12.5,17.8,0.0,58.2,1.9
6771,3,2026-05-09,晴れ,15.2,5.2,10.2,0.0,45.2,3.2
6772,4,2026-05-09,晴れ,16.2,6.4,11.3,0.0,47.7,2.4
6773,1,2026-05-10,曇り,22.1,11.9,17.0,0.0,62.6,2.5
6774,2,2026-05-10,曇り,20.5,10.7,15.6,0.0,68.0,1.9
6775,3,2026-05-10,曇り,16.4,6.4,11.4,0.0,66.2,1.7
6776,4,2026-05-10,曇り,18.6,8.7,13.7,0.0,68.6,2.4
6777,1,2026-05-11,曇り,21.4,11.6,16.5,0.0,67.4,1.8
6778,2,2026-05-11,曇り,24.0,13.8,18.9,0.0,78.4,2.6
6779,3,2026-05-11,曇り,17.8,7.8,12.8,0.0,76.5,2.1
6780,4,2026-05-11,晴れ,20.6,10.5,15.6,0.0,55.7,0.6
6781,1,2026-05-12,雨,20.9,11.2,16.0,48.1,92.4,3.0
6782,2,2026-05-12,雨,25.2,14.8,20.0,53.2,77.1,4.4
6783,3,2026-05-12,雨,17.6,7.7,12.7,12.7,79.4,2.4
6784,4,2026-05-12,雨,22.6,12.1,17.4,4.9,80.6,2.7
6785,1,2026-05-13,雨,24.8,14.7,19.8,5.7,89.6,2.3
6786,2,2026-05-13,雨,26.2,15.9,21.1,22.2,81.7,3.3
6787,3,2026-05-13,雨,18.6,8.8,13.7,8.2,81.0,2.6
6788,4,2026-05-13,雨,22.4,12.3,17.4,10.4,76.2,3.8
6789,1,2026-05-14,雨,22.3,12.2,17.2,43.8,88.5,4.4
6790,2,2026-05-14,雨,22.9,12.8,17.9,27.7,86.8,2.7
6791,3,2026-05-14,雨,17.5,7.4,12.4,6.8,89.0,3.7
6792,4,2026-05-14,雨,19.3,9.3,14.3,0.6,85.6,3.0
6793,1,2026-05-15,晴れ,22.5,12.7,17.6,0.0,51.9,2.5
6794,2,2026-05-15,曇り,25.3,15.0,20.1,0.0,61.3,2.3
6795,3,2026-05-15,晴れ,18.2,8.3,13.2,0.0,65.9,3.2
6796,4,2026-05-15,曇り,22.4,12.1,17.2,0.0,60.9,1.7
6797,1,2026-05-16,曇り,23.0,13.2,18.1,0.0,65.4,1.7
6798,2,2026-05-16,晴れ,24.9,14.8,19.9,0.0,57.2,1.7
6799,3,2026-05-16,曇り,19.5,9.5,14.5,0.0,65.4,2.8
6800,4,2026-05-16,曇り,18.7,9.3,14.0,0.0,62.0,3.0
6801,1,2026-05-17,晴れ,25.2,15.0,20.1,0.0,55.8,3.0
6802,2,2026-05-17,曇り,24.8,14.8,19.8,0.0,69.6,3.2
6803,3,2026-05-17,晴れ,22.3,11.8,17.1,0.0,62.2,1.1
6804,4,2026-05-17,晴れ,21.8,11.9,16.9,0.0,46.6,0.8
6805,1,2026-05-18,雨,21.5,11.8,16.6,16.5,86.0,4.2
6806,2,2026-05-18,雨,23.7,13.6,18.6,7.4,80.3,3.1
6807,3,2026-05-18,雨,16.1,6.5,11.3,15.5,68.4,4.5
6808,4,2026-05-18,雨,21.1,11.0,16.1,10.0,84.4,3.4
6809,1,2026-05-19,曇り,23.9,13.7,18.8,0.0,64.2,3.1
6810,2,2026-05-19,晴れ,22.3,12.5,17.4,0.0,60.6,3.1
6811,3,2026-05-19,晴れ,17.2,7.5,12.3,0.0,56.4,2.1
6812,4,2026-05-19,晴れ,20.0,10.1,15.1,0.0,47.6,2.3
6813,1,2026-05-20,雨,22.5,12.5,17.5,3.9,86.2,3.8
6814,2,2026-05-20,雨,22.3,12.4,17.4,2.1,69.6,4.6
6815,3,2026-05-20,雨,16.0,6.4,11.2,4.2,80.0,2.8
6816,4,2026-05-20,雨,19.8,9.9,14.9,13.8,83.8,2.8
6817,1,2026-05-21,曇り,18.5,9.2,13.8,0.0,65.0,0.2
6818,2,2026-05-21,曇り,22.1,12.2,17.1,0.0,62.2,2.1
6819,3,2026-05-21,曇り,17.0,7.1,12.1,0.0,64.9,4.7
6820,4,2026-05-21,曇り,19.7,9.7,14.7,0.0,71.7,2.6
6821,1,2026-05-22,雨,20.1,10.5,15.3,4.4,88.0,3.7
6822,2,2026-05-22,雨,21.9,12.0,16.9,10.0,83.2,4.3
6823,3,2026-05-22,雨,17.9,7.8,12.8,46.3,95.2,4.0
6824,4,2026-05-22,雨,17.6,8.1,12.9,50.3,85.3,4.9
6825,1,2026-05-23,晴れ,22.5,12.8,17.6,0.0,55.6,3.0
6826,2,2026-05-23,曇り,23.6,13.9,18.8,0.0,65.3,2.5
6827,3,2026-05-23,晴れ,19.7,9.7,14.7,0.0,61.9,2.9
6828,4,2026-05-23,曇り,20.3,10.6,15.4,0.0,69.5,0.2
6829,1,2026-05-24,晴れ,20.1,10.6,15.4,0.0,59.8,3.0
6830,2,2026-05-24,晴れ,20.2,10.8,15.5,0.0,61.2,1.9
6831,3,2026-05-24,晴れ,15.7,6.1,10.9,0.0,59.4,3.0
6832,4,2026-05-24,曇り,18.9,9.2,14.0,0.0,59.3,2.3
6833,1,2026-05-25,雨,19.9,10.2,15.0,8.8,94.5,2.8
6834,2,2026-05-25,雨,18.1,8.9,13.5,2.9,83.7,3.1
6835,3,2026-05-25,雨,14.3,4.8,9.6,9.5,80.4,4.2
6836,4,2026-05-25,雨,17.3,7.6,12.4,69.5,70.8,4.9
6837,1,2026-05-26,曇り,20.5,10.9,15.7,0.0,64.5,2.3
6838,2,2026-05-26,曇り,20.6,11.2,15.9,0.0,68.1,2.3
6839,3,2026-05-26,晴れ,16.3,6.7,11.5,0.0,57.0,3.1
6840,4,2026-05-26,曇り,19.4,9.7,14.5,0.0,76.8,2.1
6841,1,2026-05-27,曇り,21.2,12.1,16.6,0.0,67.2,2.4
6842,2,2026-05-27,曇り,23.0,13.7,18.4,0.0,63.6,2.7
6843,3,2026-05-27,曇り,18.5,9.0,13.8,0.0,72.9,3.6
6844,4,2026-05-27,晴れ,20.9,11.4,16.1,0.0,51.8,2.1
6845,1,2026-05-28,晴れ,20.2,11.0,15.6,0.0,54.2,1.7
6846,2,2026-05-28,曇り,20.4,11.3,15.8,0.0,68.9,1.9
6847,3,2026-05-28,晴れ,15.4,6.2,10.8,0.0,47.8,1.7
6848,4,2026-05-28,曇り,19.1,9.6,14.4,0.0,59.9,2.8
6849,1,2026-05-29,曇り,21.1,11.9,16.5,0.0,69.5,2.4
6850,2,2026-05-29,曇り,21.9,12.7,17.3,0.0,64.4,0.9
6851,3,2026-05-29,晴れ,16.5,7.4,11.9,0.0,63.7,2.4
6852,4,2026-05-29,曇り,19.3,10.1,14.7,0.0,66.5,0.2
6853,1,2026-05-30,雨,22.7,13.7,18.2,6.7,81.0,4.2
6854,2,2026-05-30,雨,23.9,14.8,19.4,9.8,79.3,2.8
6855,3,2026-05-30,雨,17.9,9.0,13.4,56.5,75.5,2.6
6856,4,2026-05-30,雨,20.2,11.3,15.8,0.7,91.2,3.7
6857,1,2026-05-31,曇り,21.9,13.2,17.5,0.0,67.0,1.8
6858,2,2026-05-31,曇り,23.1,14.3,18.7,0.0,68.5,4.4
6859,3,2026-05-31,曇り,17.6,8.8,13.2,0.0,62.5,0.9
6860,4,2026-05-31,晴れ,20.8,11.9,16.4,0.0,51.6,2.2
6861,1,2026-06-01,曇り,25.6,16.6,21.1,0.0,70.0,3.0
6862,2,2026-06-01,曇り,25.2,16.4,20.8,0.0,75.0,2.2
6863,3,2026-06-01,晴れ,17.8,9.4,13.6,0.0,71.0,2.0
6864,4,2026-06-01,晴れ,22.9,14.0,18.4,0.0,65.6,2.4
6865,1,2026-06-02,曇り,25.6,16.7,21.1,0.0,80.2,3.6
6866,2,2026-06-02,曇り,26.2,17.3,21.8,0.0,88.8,1.0
6867,3,2026-06-02,曇り,20.1,11.4,15.8,0.0,82.1,2.2
6868,4,2026-06-02,曇り,22.9,14.1,18.5,0.0,80.1,2.5
6869,1,2026-06-03,曇り,24.4,16.2,20.3,0.0,80.1,1.1
6870,2,2026-06-03,曇り,28.1,19.3,23.7,0.0,89.2,1.1
6871,3,2026-06-03,晴れ,22.6,13.9,18.2,0.0,58.9,1.7
6872,4,2026-06-03,曇り,24.3,15.7,20.0,0.0,88.0,3.9
6873,1,2026-06-04,晴れ,26.5,18.1,22.3,0.0,51.2,0.6
6874,2,2026-06-04,晴れ,28.9,20.1,24.5,0.0,62.9,3.4
6875,3,2026-06-04,晴れ,21.5,13.2,17.4,0.0,64.6,3.2
6876,4,2026-06-04,曇り,24.5,16.1,20.3,0.0,74.5,1.2
6877,1,2026-06-05,曇り,27.8,19.0,23.4,0.0,86.3,1.4
6878,2,2026-06-05,晴れ,26.0,17.7,21.9,0.0,59.4,1.6
6879,3,2026-06-05,晴れ,21.6,13.2,17.4,0.0,68.6,3.5
6880,4,2026-06-05,曇り,25.0,16.3,20.6,0.0,89.2,0.9
6881,1,2026-06-06,曇り,27.1,19.1,23.1,0.0,69.6,3.2
6882,2,2026-06-06,曇り,29.7,21.3,25.5,0.0,73.5,2.5
6883,3,2026-06-06,曇り,24.6,16.2,20.4,0.0,85.0,2.4
6884,4,2026-06-06,曇り,27.0,18.6,22.8,0.0,72.1,2.6
6885,1,2026-06-07,曇り,28.5,20.3,24.4,0.0,68.3,2.0
6886,2,2026-06-07,曇り,30.6,22.1,26.4,0.0,88.6,2.8
6887,3,2026-06-07,曇り,24.3,16.1,20.2,0.0,77.1,2.9
6888,4,2026-06-07,曇り,27.8,19.3,23.6,0.0,83.8,1.3
6889,1,2026-06-08,雨,28.5,20.2,24.4,2.2,96.0,3.0
6890,2,2026-06-08,雷雨,27.7,19.7,23.7,41.6,99.0,3.0
6891,3,2026-06-08,雨,22.8,14.8,18.8,15.5,99.0,4.4
6892,4,2026-06-08,雨,24.8,16.8,20.8,11.6,90.3,2.9
6893,1,2026-06-09,雨,26.2,18.1,22.1,0.5,99.0,2.8
6894,2,2026-06-09,雷雨,27.6,19.4,23.5,46.5,99.0,2.8
6895,3,2026-06-09,雨,22.9,14.6,18.8,9.3,92.0,4.2
6896,4,2026-06-09,雷雨,24.9,16.7,20.8,10.3,96.5,5.7
6897,1,2026-06-10,曇り,27.0,18.9,22.9,0.0,67.4,1.0
6898,2,2026-06-10,曇り,29.1,20.7,24.9,0.0,77.9,1.7
6899,3,2026-06-10,晴れ,23.4,15.2,19.3,0.0,67.9,1.4
6900,4,2026-06-10,晴れ,22.2,14.6,18.4,0.0,59.7,1.9
6901,1,2026-06-11,晴れ,27.7,20.1,23.9,0.0,65.1,2.7
6902,2,2026-06-11,晴れ,30.7,22.6,26.6,0.0,62.5,3.3
6903,3,2026-06-11,曇り,25.6,17.5,21.6,0.0,82.8,3.1
6904,4,2026-06-11,晴れ,26.1,18.3,22.2,0.0,63.6,3.6
6905,1,2026-06-12,曇り,29.4,21.2,25.3,0.0,70.4,2.9
6906,2,2026-06-12,曇り,30.0,21.9,25.9,0.0,86.0,2.0
6907,3,2026-06-12,晴れ,23.4,15.6,19.5,0.0,64.5,3.3
6908,4,2026-06-12,曇り,27.2,19.1,23.1,0.0,71.5,1.5
6909,1,2026-06-13,雨,28.5,20.3,24.4,73.4,92.5,3.2
6910,2,2026-06-13,雷雨,28.4,20.4,24.4,20.1,85.4,1.5
6911,3,2026-06-13,雨,22.3,14.5,18.4,7.2,87.9,2.4
6912,4,2026-06-13,雨,25.2,17.3,21.2,9.9,93.2,2.9
6913,1,2026-06-14,雨,32.0,23.5,27.8,4.3,95.0,5.2
6914,2,2026-06-14,雨,31.0,22.8,26.9,5.4,98.5,3.4
6915,3,2026-06-14,雷雨,26.2,17.9,22.0,1.0,99.0,5.9
6916,4,2026-06-14,雨,26.2,18.4,22.3,6.2,97.2,1.7
6917,1,2026-06-15,雨,28.1,20.0,24.1,3.9,88.8,2.9
6918,2,2026-06-15,雨,28.5,20.4,24.4,3.6,91.2,2.5
6919,3,2026-06-15,雨,22.8,14.8,18.8,56.0,98.1,3.8
6920,4,2026-06-15,雨,24.8,16.9,20.9,18.5,87.1,5.9
6921,1,2026-06-16,雨,26.1,18.1,22.1,8.4,99.0,2.3
6922,2,2026-06-16,雷雨,26.9,18.9,22.9,15.6,92.4,3.5
6923,3,2026-06-16,雷雨,21.7,13.7,17.7,12.9,80.9,3.2
6924,4,2026-06-16,雨,24.6,16.5,20.6,66.1,95.2,3.9
6925,1,2026-06-17,晴れ,28.3,20.0,24.1,0.0,64.3,1.2
6926,2,2026-06-17,曇り,27.5,19.5,23.5,0.0,69.3,2.3
6927,3,2026-06-17,曇り,21.8,13.9,17.9,0.0,76.0,2.5
6928,4,2026-06-17,晴れ,23.5,15.6,19.6,0.0,56.8,2.0
6929,1,2026-06-18,雨,26.3,18.2,22.2,15.8,93.8,2.8
6930,2,2026-06-18,雨,26.1,18.2,22.1,44.5,89.7,4.4
6931,3,2026-06-18,雨,20.2,12.4,16.3,7.1,92.4,6.1
6932,4,2026-06-18,雨,23.4,15.4,19.4,0.5,99.0,4.0
6933,1,2026-06-19,雨,25.7,17.7,21.7,6.3,99.0,3.7
6934,2,2026-06-19,雨,27.8,19.5,23.6,14.1,99.0,3.7
6935,3,2026-06-19,雨,20.4,12.6,16.5,11.9,90.9,3.0
6936,4,2026-06-19,雨,22.5,14.7,18.6,3.0,90.3,2.7
6937,1,2026-06-20,晴れ,25.0,16.7,20.9,0.0,55.9,1.4
6938,2,2026-06-20,晴れ,25.9,17.6,21.8,0.0,67.9,3.5
6939,3,2026-06-20,曇り,19.9,11.8,15.8,0.0,79.1,4.1
6940,4,2026-06-20,曇り,22.3,14.1,18.2,0.0,85.1,2.8
6941,1,2026-06-21,曇り,23.8,15.8,19.8,0.0,73.4,3.2
6942,2,2026-06-21,曇り,24.4,16.4,20.4,0.0,75.7,2.5
6943,3,2026-06-21,曇り,20.4,12.1,16.2,0.0,80.2,0.7
6944,4,2026-06-21,曇り,21.4,13.4,17.4,0.0,73.5,0.4
6945,1,2026-06-22,雨,26.3,18.0,22.1,7.4,98.7,4.0
6946,2,2026-06-22,雨,25.1,17.1,21.1,0.6,94.4,3.9
6947,3,2026-06-22,雨,20.4,12.4,16.4,11.5,99.0,5.4
6948,4,2026-06-22,雨,23.4,15.2,19.3,6.3,97.2,5.6
6949,1,2026-06-23,曇り,24.0,16.1,20.1,0.0,83.7,2.6
6950,2,2026-06-23,曇り,25.1,17.1,21.1,0.0,77.6,2.0
6951,3,2026-06-23,曇り,19.7,11.7,15.7,0.0,71.4,2.4
6952,4,2026-06-23,曇り,22.0,14.0,18.0,0.0,79.1,2.8
6953,1,2026-06-24,雨,21.3,13.7,17.5,12.4,84.5,3.1
6954,2,2026-06-24,雨,22.8,15.0,18.9,0.5,85.3,4.1
6955,3,2026-06-24,雨,18.8,10.8,14.8,12.3,99.0,1.8
6956,4,2026-06-24,雨,18.8,11.2,15.0,37.5,97.0,3.7
6957,1,2026-06-25,雷雨,27.2,19.1,23.1,6.3,95.2,1.8
6958,2,2026-06-25,雨,27.4,19.4,23.4,52.1,96.4,2.6
6959,3,2026-06-25,雨,25.2,16.6,20.9,0.5,95.4,4.1
6960,4,2026-06-25,雨,24.1,16.2,20.1,2.8,86.7,5.0
6961,1,2026-06-26,雨,28.6,20.2,24.4,6.5,99.0,4.1
6962,2,2026-06-26,雨,27.5,19.5,23.5,1.0,96.1,2.8
6963,3,2026-06-26,雷雨,21.4,13.5,17.4,32.9,94.1,3.5
6964,4,2026-06-26,雷雨,24.3,16.4,20.4,15.8,92.5,2.8
6965,1,2026-06-27,曇り,26.7,18.6,22.6,0.0,80.6,1.0
6966,2,2026-06-27,曇り,26.3,18.5,22.4,0.0,70.3,2.7
6967,3,2026-06-27,曇り,22.9,14.7,18.8,0.0,75.8,2.6
6968,4,2026-06-27,曇り,25.8,17.5,21.6,0.0,74.3,2.5
6969,1,2026-06-28,雨,26.9,19.2,23.0,6.1,92.2,3.8
6970,2,2026-06-28,雷雨,30.3,22.1,26.2,24.8,94.8,1.8
6971,3,2026-06-28,雨,24.1,16.1,20.1,11.2,98.8,6.5
6972,4,2026-06-28,雨,26.4,18.4,22.4,5.4,91.3,4.4
6973,1,2026-06-29,晴れ,30.2,22.1,26.1,0.0,64.7,0.4
6974,2,2026-06-29,曇り,29.5,21.6,25.6,0.0,63.8,2.5
6975,3,2026-06-29,曇り,24.9,17.0,20.9,0.0,77.1,2.4
6976,4,2026-06-29,晴れ,26.8,18.9,22.9,0.0,77.5,1.5
6977,1,2026-06-30,雨,30.0,22.3,26.1,0.5,91.2,3.5
6978,2,2026-06-30,雨,32.5,24.4,28.4,15.5,99.0,4.0
6979,3,2026-06-30,雨,28.0,19.8,23.9,87.5,90.1,4.6
6980,4,2026-06-30,雨,29.1,21.2,25.1,13.0,88.3,3.8
6981,1,2026-07-01,雨,32.3,24.1,28.2,19.2,97.0,4.5
6982,2,2026-07-01,雨,33.4,25.2,29.3,16.7,94.9,3.2
6983,3,2026-07-01,雨,26.4,18.6,22.5,1.8,97.5,3.8
6984,4,2026-07-01,雨,28.7,20.9,24.8,64.0,90.8,4.6
6985,1,2026-07-02,晴れ,34.0,25.7,29.9,0.0,66.5,2.3
6986,2,2026-07-02,晴れ,34.9,26.6,30.8,0.0,72.6,2.9
6987,3,2026-07-02,晴れ,28.0,20.0,24.0,0.0,66.4,4.0
6988,4,2026-07-02,晴れ,31.2,23.0,27.1,0.0,59.7,3.2
6989,1,2026-07-03,晴れ,30.5,22.8,26.6,0.0,63.4,1.9
6990,2,2026-07-03,曇り,30.5,23.0,26.8,0.0,73.9,2.1
6991,3,2026-07-03,曇り,26.2,18.5,22.4,0.0,79.6,1.9
6992,4,2026-07-03,晴れ,27.9,20.3,24.1,0.0,75.6,2.5
6993,1,2026-07-04,晴れ,31.6,23.5,27.6,0.0,67.1,0.5
6994,2,2026-07-04,曇り,33.2,24.9,29.1,0.0,81.9,2.1
6995,3,2026-07-04,曇り,27.7,19.5,23.6,0.0,67.2,1.4
6996,4,2026-07-04,曇り,29.1,21.1,25.1,0.0,90.4,1.3
6997,1,2026-07-05,雨,30.8,22.9,26.9,3.9,87.0,2.1
6998,2,2026-07-05,雨,31.7,23.7,27.7,12.5,91.5,4.8
6999,3,2026-07-05,雷雨,27.2,19.1,23.1,39.3,95.3,2.7
7000,4,2026-07-05,雨,29.1,21.1,25.1,35.7,90.8,3.1
7001,1,2026-07-06,曇り,34.2,25.9,30.1,0.0,74.2,3.3
7002,2,2026-07-06,曇り,32.0,24.2,28.1,0.0,80.7,2.8
7003,3,2026-07-06,晴れ,29.9,21.5,25.7,0.0,72.3,1.9
7004,4,2026-07-06,晴れ,29.9,22.0,25.9,0.0,65.3,1.8
7005,1,2026-07-07,晴れ,33.7,25.4,29.6,0.0,66.4,2.4
7006,2,2026-07-07,晴れ,32.7,24.7,28.7,0.0,65.1,2.0
7007,3,2026-07-07,晴れ,28.7,20.5,24.6,0.0,59.4,2.7
7008,4,2026-07-07,曇り,28.9,21.1,25.0,0.0,88.0,2.8
7009,1,2026-07-08,晴れ,29.5,21.6,25.6,0.0,54.6,2.5
7010,2,2026-07-08,曇り,29.6,21.8,25.7,0.0,74.7,2.4
7011,3,2026-07-08,曇り,26.7,18.4,22.5,0.0,71.9,2.1
7012,4,2026-07-08,曇り,28.6,20.4,24.5,0.0,66.6,0.2
7013,1,2026-07-09,雷雨,30.6,22.6,26.6,10.4,99.0,6.6
7014,2,2026-07-09,雨,32.1,23.9,28.0,24.5,99.0,1.5
7015,3,2026-07-09,雨,25.9,17.9,21.9,3.1,91.6,3.0
7016,4,2026-07-09,雨,29.8,21.5,25.6,2.4,96.8,2.8
7017,1,2026-07-10,雨,31.0,23.0,27.0,9.7,93.4,5.7
7018,2,2026-07-10,雨,32.6,24.4,28.5,0.5,91.2,5.6
7019,3,2026-07-10,雨,25.8,18.0,21.9,14.2,94.3,3.4
7020,4,2026-07-10,雨,28.2,20.3,24.2,12.1,94.3,3.1
7021,1,2026-07-11,雨,30.8,22.8,26.8,11.2,99.0,2.8
7022,2,2026-07-11,雨,30.1,22.4,26.2,12.3,96.0,3.9
7023,3,2026-07-11,雨,26.4,18.4,22.4,17.3,89.3,5.8
7024,4,2026-07-11,雨,28.9,20.9,24.9,10.4,94.1,1.8
7025,1,2026-07-12,晴れ,29.7,21.6,25.6,0.0,71.7,1.2
7026,2,2026-07-12,晴れ,30.0,22.0,26.0,0.0,65.5,1.6
7027,3,2026-07-12,曇り,24.5,16.5,20.5,0.0,78.0,2.4
7028,4,2026-07-12,曇り,26.5,18.6,22.6,0.0,86.0,2.3
7029,1,2026-07-13,晴れ,29.4,21.2,25.3,0.0,55.8,4.1
7030,2,2026-07-13,晴れ,28.4,20.6,24.5,0.0,72.9,3.4
7031,3,2026-07-13,曇り,24.6,16.5,20.6,0.0,89.1,0.2
7032,4,2026-07-13,曇り,26.4,18.4,22.4,0.0,76.4,3.2
7033,1,2026-07-14,晴れ,29.4,21.3,25.4,0.0,65.5,1.5
7034,2,2026-07-14,晴れ,29.5,21.6,25.6,0.0,64.4,0.5
7035,3,2026-07-14,曇り,24.9,16.9,20.9,0.0,80.8,3.6
7036,4,2026-07-14,曇り,26.0,18.2,22.1,0.0,71.5,2.9
7037,1,2026-07-15,雷雨,22.7,15.2,18.9,16.4,97.2,3.9
7038,2,2026-07-15,雨,27.2,18.9,23.0,16.0,95.7,4.5
7039,3,2026-07-15,雨,21.1,12.9,17.0,11.5,98.3,4.5
7040,4,2026-07-15,雨,22.6,14.6,18.6,6.3,84.3,1.7
7041,1,2026-07-16,雨,25.0,17.0,21.0,39.0,91.9,4.7
7042,2,2026-07-16,雨,24.8,17.0,20.9,7.7,95.9,2.6
7043,3,2026-07-16,雨,19.6,11.7,15.7,8.7,99.0,3.1
7044,4,2026-07-16,雨,22.0,14.1,18.1,2.1,92.0,3.4
7045,1,2026-07-17,曇り,24.3,16.5,20.4,0.0,72.0,1.2
7046,2,2026-07-17,晴れ,24.7,17.0,20.9,0.0,72.8,2.9
7047,3,2026-07-17,晴れ,21.1,13.0,17.1,0.0,57.8,1.7
7048,4,2026-07-17,晴れ,20.3,12.9,16.6,0.0,80.9,3.5
7049,1,2026-07-18,雨,26.8,18.7,22.8,7.8,87.2,2.5
7050,2,2026-07-18,雨,29.5,21.0,25.2,5.9,93.1,2.5
7051,3,2026-07-18,雨,21.6,13.7,17.6,15.1,92.4,3.8
7052,4,2026-07-18,雨,24.8,16.7,20.8,3.0,96.1,4.2
7053,1,2026-07-19,雨,29.2,20.9,25.0,11.6,88.1,2.9
7054,2,2026-07-19,雷雨,27.6,19.8,23.7,22.2,99.0,2.6
7055,3,2026-07-19,雷雨,24.9,16.6,20.8,37.4,93.6,3.8
7056,4,2026-07-19,雨,27.2,18.9,23.0,8.3,97.5,4.6
7057,1,2026-07-20,雨,28.9,20.8,24.9,0.5,91.7,3.2
7058,2,2026-07-20,雨,30.1,21.9,26.0,9.3,97.6,2.9
7059,3,2026-07-20,雨,24.6,16.5,20.6,0.5,97.5,4.2
7060,4,2026-07-20,雨,25.7,17.8,21.8,27.2,98.3,3.0
7061,1,2026-07-21,雨,30.7,22.2,26.4,22.2,91.8,4.0
7062,2,2026-07-21,雨,30.4,22.1,26.2,4.9,95.3,3.2
7063,3,2026-07-21,雨,24.5,16.4,20.4,1.7,96.5,2.8
7064,4,2026-07-21,雨,26.3,18.3,22.3,7.7,95.5,3.1
7065,1,2026-07-22,曇り,29.6,21.2,25.4,0.0,62.7,3.4
7066,2,2026-07-22,晴れ,29.5,21.2,25.4,0.0,73.6,2.7
7067,3,2026-07-22,曇り,25.2,16.8,21.0,0.0,78.6,1.3
7068,4,2026-07-22,曇り,26.3,18.1,22.2,0.0,76.3,3.4
7069,1,2026-07-23,曇り,27.0,18.7,22.9,0.0,76.4,1.7
7070,2,2026-07-23,晴れ,27.9,19.6,23.8,0.0,63.6,2.2
7071,3,2026-07-23,曇り,21.1,13.2,17.1,0.0,80.8,1.5
7072,4,2026-07-23,晴れ,25.2,16.9,21.0,0.0,64.8,1.6
7073,1,2026-07-24,曇り,27.1,19.1,23.1,0.0,80.0,1.8
7074,2,2026-07-24,晴れ,28.6,20.4,24.5,0.0,75.6,1.8
7075,3,2026-07-24,曇り,23.8,15.5,19.6,0.0,92.9,1.6
7076,4,2026-07-24,晴れ,26.2,17.9,22.0,0.0,68.4,0.9
7077,1,2026-07-25,雨,29.0,20.7,24.9,0.5,91.0,4.0
7078,2,2026-07-25,雨,28.5,20.4,24.4,10.0,98.1,4.8
7079,3,2026-07-25,雷雨,24.8,16.4,20.6,12.9,85.2,3.7
7080,4,2026-07-25,雷雨,26.9,18.6,22.8,24.7,84.3,4.3
7081,1,2026-07-26,晴れ,31.4,23.1,27.2,0.0,56.9,3.1
7082,2,2026-07-26,晴れ,31.4,23.2,27.3,0.0,71.2,2.4
7083,3,2026-07-26,曇り,26.1,18.0,22.1,0.0,82.4,1.3
7084,4,2026-07-26,晴れ,28.9,20.7,24.8,0.0,68.1,1.8
7085,1,2026-07-27,雷雨,31.1,22.6,26.9,68.4,84.0,3.0
7086,2,2026-07-27,雨,29.9,21.9,25.9,3.2,84.2,3.5
7087,3,2026-07-27,雨,28.1,19.4,23.8,12.0,99.0,3.1
7088,4,2026-07-27,雷雨,30.0,21.4,25.7,18.6,98.4,3.9
7089,1,2026-07-28,雨,32.9,24.5,28.7,8.1,92.7,1.7
7090,2,2026-07-28,雨,33.2,24.8,29.0,8.7,99.0,4.8
7091,3,2026-07-28,雷雨,29.1,20.5,24.8,22.9,99.0,4.2
7092,4,2026-07-28,雨,30.7,22.2,26.4,2.7,86.3,2.8
7093,1,2026-07-29,雷雨,31.3,22.8,27.1,20.8,89.9,2.2
7094,2,2026-07-29,雨,31.8,23.3,27.6,14.1,84.9,3.4
7095,3,2026-07-29,雷雨,27.4,18.8,23.1,11.8,88.9,2.5
7096,4,2026-07-29,雨,28.2,19.9,24.0,14.4,95.5,3.1
7097,1,2026-07-30,曇り,28.9,20.5,24.7,0.0,70.0,0.8
7098,2,2026-07-30,曇り,30.6,21.9,26.2,0.0,80.8,3.1
7099,3,2026-07-30,曇り,24.2,15.9,20.1,0.0,67.3,1.0
7100,4,2026-07-30,曇り,28.1,19.4,23.8,0.0,80.4,3.1
7101,1,2026-07-31,晴れ,33.6,24.8,29.2,0.0,58.3,2.8
7102,2,2026-07-31,曇り,34.1,25.3,29.7,0.0,59.5,2.1
7103,3,2026-07-31,曇り,29.1,20.2,24.6,0.0,70.1,3.0
7104,4,2026-07-31,曇り,31.2,22.4,26.8,0.0,81.4,3.2
7105,1,2026-08-01,雨,30.1,21.6,25.9,43.2,95.2,4.5
7106,2,2026-08-01,雨,31.4,22.8,27.1,7.9,95.3,2.8
7107,3,2026-08-01,雨,28.1,19.0,23.6,12.3,93.0,3.6
7108,4,2026-08-01,雷雨,28.7,20.0,24.4,31.0,99.0,3.6
7109,1,2026-08-02,晴れ,29.0,20.3,24.6,0.0,68.1,3.0
7110,2,2026-08-02,晴れ,29.2,20.6,24.9,0.0,59.0,2.4
7111,3,2026-08-02,曇り,24.9,16.2,20.5,0.0,82.8,2.1
7112,4,2026-08-02,曇り,26.9,18.2,22.5,0.0,84.7,3.2
7113,1,2026-08-03,晴れ,30.1,21.3,25.7,0.0,67.6,3.2
7114,2,2026-08-03,晴れ,29.4,20.8,25.1,0.0,65.3,2.9
7115,3,2026-08-03,晴れ,24.3,15.7,20.0,0.0,74.5,3.5
7116,4,2026-08-03,曇り,25.7,17.3,21.5,0.0,75.4,2.8
7117,1,2026-08-04,曇り,31.4,22.5,26.9,0.0,83.1,0.2
7118,2,2026-08-04,曇り,32.2,23.2,27.7,0.0,79.0,3.0
7119,3,2026-08-04,曇り,23.5,15.2,19.4,0.0,78.9,1.1
7120,4,2026-08-04,晴れ,30.2,21.0,25.6,0.0,74.7,2.4
7121,1,2026-08-05,晴れ,30.3,21.6,26.0,0.0,53.4,3.6
7122,2,2026-08-05,晴れ,31.4,22.6,27.0,0.0,67.1,2.2
7123,3,2026-08-05,曇り,25.2,16.7,20.9,0.0,82.1,1.7
7124,4,2026-08-05,曇り,28.3,19.6,24.0,0.0,75.6,2.0
7125,1,2026-08-06,晴れ,31.2,22.3,26.8,0.0,64.4,0.7
7126,2,2026-08-06,晴れ,32.3,23.3,27.8,0.0,63.8,1.7
7127,3,2026-08-06,晴れ,26.3,17.5,21.9,0.0,66.5,3.3
7128,4,2026-08-06,晴れ,27.8,19.1,23.5,0.0,62.8,2.9
7129,1,2026-08-07,雨,31.3,22.5,26.9,56.2,87.9,4.2
7130,2,2026-08-07,雨,33.5,24.4,28.9,9.1,99.0,3.5
7131,3,2026-08-07,雷雨,28.0,19.0,23.5,31.7,99.0,3.4
7132,4,2026-08-07,雨,29.6,20.8,25.2,6.9,81.5,1.9
7133,1,2026-08-08,曇り,34.7,25.5,30.1,0.0,66.4,2.9
7134,2,2026-08-08,晴れ,33.8,24.9,29.3,0.0,59.9,0.3
7135,3,2026-08-08,晴れ,29.6,20.5,25.1,0.0,65.4,2.4
7136,4,2026-08-08,晴れ,32.7,23.5,28.1,0.0,66.9,2.5
7137,1,2026-08-09,雨,33.3,24.3,28.8,8.1,89.2,3.4
7138,2,2026-08-09,雨,35.3,26.0,30.6,9.5,96.6,3.6
7139,3,2026-08-09,雨,28.1,19.3,23.7,12.9,99.0,3.7
7140,4,2026-08-09,雷雨,30.4,21.6,26.0,1.0,99.0,1.0
7141,1,2026-08-10,曇り,31.4,22.5,26.9,0.0,86.9,2.0
7142,2,2026-08-10,晴れ,31.7,22.8,27.2,0.0,74.5,2.5
7143,3,2026-08-10,曇り,28.3,19.1,23.7,0.0,86.9,0.5
7144,4,2026-08-10,晴れ,29.2,20.3,24.8,0.0,65.0,3.9
7145,1,2026-08-11,晴れ,29.5,20.7,25.1,0.0,61.5,3.2
7146,2,2026-08-11,晴れ,31.3,22.2,26.8,0.0,60.0,1.3
7147,3,2026-08-11,曇り,25.8,16.8,21.3,0.0,68.6,2.8
7148,4,2026-08-11,晴れ,27.4,18.5,22.9,0.0,68.4,0.7
7149,1,2026-08-12,晴れ,30.7,21.9,26.3,0.0,70.7,3.1
7150,2,2026-08-12,曇り,31.9,23.0,27.4,0.0,67.2,3.3
7151,3,2026-08-12,曇り,27.4,18.4,22.9,0.0,73.6,3.6
7152,4,2026-08-12,曇り,28.6,19.8,24.2,0.0,75.2,1.7
7153,1,2026-08-13,雨,31.6,22.7,27.1,22.8,98.6,3.4
7154,2,2026-08-13,雨,31.9,23.1,27.5,9.5,92.5,3.4
7155,3,2026-08-13,雷雨,28.4,19.3,23.9,12.1,99.0,1.5
7156,4,2026-08-13,雷雨,29.7,20.7,25.2,20.8,99.0,2.5
7157,1,2026-08-14,曇り,33.3,23.9,28.6,0.0,79.3,3.5
7158,2,2026-08-14,曇り,32.3,23.3,27.8,0.0,67.2,1.3
7159,3,2026-08-14,晴れ,26.8,17.8,22.3,0.0,55.3,1.3
7160,4,2026-08-14,曇り,29.4,20.4,24.9,0.0,78.9,1.2
7161,1,2026-08-15,晴れ,30.7,21.7,26.2,0.0,70.5,2.1
7162,2,2026-08-15,晴れ,31.8,22.7,27.2,0.0,49.9,4.4
7163,3,2026-08-15,曇り,24.7,16.0,20.4,0.0,77.7,1.8
7164,4,2026-08-15,晴れ,29.2,20.1,24.6,0.0,60.1,1.0
7165,1,2026-08-16,晴れ,30.1,21.4,25.8,0.0,70.6,2.0
7166,2,2026-08-16,晴れ,31.3,22.4,26.9,0.0,66.9,0.7
7167,3,2026-08-16,晴れ,26.6,17.6,22.1,0.0,61.3,1.2
7168,4,2026-08-16,晴れ,29.1,20.1,24.6,0.0,66.3,1.3
7169,1,2026-08-17,曇り,31.0,22.0,26.5,0.0,80.3,1.1
7170,2,2026-08-17,晴れ,31.9,22.9,27.4,0.0,62.1,0.9
7171,3,2026-08-17,晴れ,27.0,17.9,22.4,0.0,63.7,2.9
7172,4,2026-08-17,晴れ,28.0,19.2,23.6,0.0,67.8,1.5
7173,1,2026-08-18,雷雨,31.5,22.7,27.1,7.3,88.2,4.5
7174,2,2026-08-18,雷雨,33.6,24.5,29.1,17.2,98.7,4.0
7175,3,2026-08-18,雨,27.3,18.4,22.9,7.2,99.0,3.9
7176,4,2026-08-18,雨,30.3,21.3,25.8,10.8,94.5,3.6
7177,1,2026-08-19,晴れ,35.0,25.8,30.4,0.0,76.1,1.8
7178,2,2026-08-19,曇り,34.8,25.8,30.3,0.0,78.3,1.5
7179,3,2026-08-19,晴れ,31.2,21.9,26.5,0.0,75.5,3.6
7180,4,2026-08-19,晴れ,32.2,23.2,27.7,0.0,66.7,0.6
7181,1,2026-08-20,晴れ,32.2,23.6,27.9,0.0,69.3,0.7
7182,2,2026-08-20,曇り,36.4,27.1,31.8,0.0,84.5,2.2
7183,3,2026-08-20,晴れ,29.6,20.6,25.1,0.0,70.6,1.9
7184,4,2026-08-20,晴れ,32.6,23.5,28.1,0.0,56.6,2.7
7185,1,2026-08-21,晴れ,31.9,22.8,27.4,0.0,72.2,2.2
7186,2,2026-08-21,晴れ,31.6,22.7,27.1,0.0,48.4,2.1
7187,3,2026-08-21,晴れ,27.7,18.6,23.1,0.0,50.9,1.2
7188,4,2026-08-21,曇り,28.1,19.4,23.8,0.0,85.0,2.6
7189,1,2026-08-22,雨,31.7,22.8,27.2,1.6,92.3,2.5
7190,2,2026-08-22,雨,31.6,23.0,27.3,12.8,86.8,3.9
7191,3,2026-08-22,雨,27.1,18.3,22.7,9.5,99.0,5.0
7192,4,2026-08-22,雷雨,27.3,18.9,23.1,29.7,93.3,4.9
7193,1,2026-08-23,曇り,32.0,22.8,27.4,0.0,78.9,1.6
7194,2,2026-08-23,曇り,31.0,22.1,26.6,0.0,82.2,1.7
7195,3,2026-08-23,曇り,26.6,17.6,22.1,0.0,76.9,2.1
7196,4,2026-08-23,曇り,28.3,19.4,23.9,0.0,76.8,0.6
7197,1,2026-08-24,晴れ,31.6,22.9,27.2,0.0,63.6,3.0
7198,2,2026-08-24,曇り,32.4,23.6,28.0,0.0,70.9,1.6
7199,3,2026-08-24,曇り,27.4,18.6,23.0,0.0,76.2,1.2
7200,4,2026-08-24,晴れ,28.4,19.9,24.1,0.0,61.1,1.5
7201,1,2026-08-25,曇り,32.5,23.7,28.1,0.0,80.7,3.0
7202,2,2026-08-25,晴れ,32.2,23.6,27.9,0.0,58.5,3.5
7203,3,2026-08-25,曇り,27.3,18.7,23.0,0.0,88.8,3.4
7204,4,2026-08-25,曇り,30.8,21.9,26.4,0.0,83.9,1.4
7205,1,2026-08-26,晴れ,32.4,23.5,27.9,0.0,64.8,3.6
7206,2,2026-08-26,曇り,30.8,22.4,26.6,0.0,79.0,3.4
7207,3,2026-08-26,曇り,28.4,19.5,23.9,0.0,73.2,3.6
7208,4,2026-08-26,曇り,28.9,20.4,24.6,0.0,82.8,1.9
7209,1,2026-08-27,雷雨,30.9,22.1,26.5,6.7,96.0,4.4
7210,2,2026-08-27,雷雨,28.5,20.2,24.4,46.6,93.4,4.8
7211,3,2026-08-27,雨,25.7,17.0,21.4,13.5,97.9,1.5
7212,4,2026-08-27,雷雨,29.3,20.3,24.8,46.3,92.8,4.8
7213,1,2026-08-28,曇り,30.4,21.6,26.0,0.0,77.0,4.1
7214,2,2026-08-28,曇り,30.0,21.4,25.7,0.0,83.5,2.7
7215,3,2026-08-28,曇り,26.7,17.7,22.2,0.0,82.9,2.6
7216,4,2026-08-28,晴れ,26.0,17.7,21.9,0.0,64.5,2.8
7217,1,2026-08-29,晴れ,30.4,21.8,26.1,0.0,66.5,2.6
7218,2,2026-08-29,晴れ,29.9,21.5,25.7,0.0,64.4,1.1
7219,3,2026-08-29,晴れ,25.3,16.8,21.1,0.0,64.7,2.0
7220,4,2026-08-29,晴れ,27.7,19.1,23.4,0.0,78.8,3.2
7221,1,2026-08-30,曇り,30.1,21.8,26.0,0.0,77.5,2.7
7222,2,2026-08-30,晴れ,32.7,24.0,28.4,0.0,60.2,1.8
7223,3,2026-08-30,晴れ,26.5,18.0,22.2,0.0,70.4,3.2
7224,4,2026-08-30,曇り,29.6,20.9,25.2,0.0,81.4,3.5
7225,1,2026-08-31,晴れ,29.5,21.1,25.3,0.0,69.5,2.8
7226,2,2026-08-31,曇り,29.8,21.4,25.6,0.0,77.7,0.2
7227,3,2026-08-31,晴れ,25.1,16.6,20.9,0.0,63.2,2.5
7228,4,2026-08-31,晴れ,26.4,18.1,22.2,0.0,66.0,2.6
7229,1,2026-09-01,晴れ,29.9,21.3,25.6,0.0,74.9,4.7
7230,2,2026-09-01,曇り,30.4,21.8,26.1,0.0,75.4,2.6
7231,3,2026-09-01,曇り,24.9,16.4,20.6,0.0,72.7,3.0
7232,4,2026-09-01,晴れ,26.6,18.2,22.4,0.0,72.6,3.6
7233,1,2026-09-02,曇り,28.9,20.4,24.6,0.0,83.3,2.8
7234,2,2026-09-02,晴れ,29.9,21.3,25.6,0.0,65.0,3.7
7235,3,2026-09-02,晴れ,23.4,15.1,19.2,0.0,77.9,5.8
7236,4,2026-09-02,晴れ,27.0,18.5,22.8,0.0,56.1,4.7
7237,1,2026-09-03,雨,25.8,17.7,21.8,11.3,91.7,6.0
7238,2,2026-09-03,雨,29.1,20.5,24.8,7.2,94.8,5.9
7239,3,2026-09-03,雨,23.4,15.0,19.2,16.6,94.2,5.9
7240,4,2026-09-03,雨,25.5,17.1,21.3,7.6,90.7,4.0
7241,1,2026-09-04,曇り,26.7,18.5,22.6,0.0,77.1,2.7
7242,2,2026-09-04,晴れ,28.2,19.8,24.0,0.0,62.3,4.8
7243,3,2026-09-04,曇り,22.1,13.9,18.0,0.0,79.4,3.2
7244,4,2026-09-04,曇り,26.0,17.5,21.8,0.0,85.3,2.7
7245,1,2026-09-05,雨,26.9,18.7,22.8,12.2,98.6,4.5
7246,2,2026-09-05,雨,28.5,20.1,24.3,21.0,95.8,4.6
7247,3,2026-09-05,雨,22.8,14.5,18.6,12.6,99.0,4.5
7248,4,2026-09-05,雨,23.7,15.7,19.7,15.8,94.3,4.6
7249,1,2026-09-06,雨,27.0,18.7,22.9,8.9,96.8,6.9
7250,2,2026-09-06,雨,27.6,19.3,23.5,0.5,99.0,5.7
7251,3,2026-09-06,雨,22.3,14.0,18.1,7.2,90.4,4.3
7252,4,2026-09-06,雨,25.3,16.9,21.1,11.9,87.4,3.7
7253,1,2026-09-07,晴れ,26.5,18.1,22.3,0.0,73.8,5.3
7254,2,2026-09-07,曇り,24.5,16.7,20.6,0.0,75.0,5.5
7255,3,2026-09-07,晴れ,22.8,14.3,18.6,0.0,63.1,4.0
7256,4,2026-09-07,曇り,23.6,15.4,19.5,0.0,73.3,2.6
7257,1,2026-09-08,晴れ,24.9,16.8,20.9,0.0,69.9,3.8
7258,2,2026-09-08,晴れ,25.6,17.6,21.6,0.0,56.0,4.6
7259,3,2026-09-08,曇り,19.7,11.8,15.8,0.0,74.4,3.1
7260,4,2026-09-08,晴れ,23.9,15.7,19.8,0.0,57.0,3.6
7261,1,2026-09-09,晴れ,29.4,20.8,25.1,0.0,68.4,4.2
7262,2,2026-09-09,曇り,25.9,18.2,22.0,0.0,82.1,2.9
7263,3,2026-09-09,晴れ,22.3,14.3,18.3,0.0,64.0,5.0
7264,4,2026-09-09,晴れ,24.3,16.3,20.3,0.0,59.2,3.6
7265,1,2026-09-10,曇り,27.6,19.5,23.6,0.0,82.3,3.1
7266,2,2026-09-10,晴れ,28.1,20.1,24.1,0.0,71.5,4.6
7267,3,2026-09-10,曇り,22.4,14.5,18.4,0.0,80.7,4.4
7268,4,2026-09-10,曇り,26.5,18.3,22.4,0.0,69.6,4.9
7269,1,2026-09-11,晴れ,26.1,18.4,22.2,0.0,73.9,4.9
7270,2,2026-09-11,晴れ,29.1,20.9,25.0,0.0,62.6,3.0
7271,3,2026-09-11,晴れ,21.6,13.8,17.7,0.0,72.7,4.3
7272,4,2026-09-11,晴れ,23.9,16.2,20.0,0.0,62.7,1.7
7273,1,2026-09-12,雨,27.7,19.5,23.6,25.5,99.0,5.7
7274,2,2026-09-12,雨,28.1,20.0,24.1,2.8,98.1,4.6
7275,3,2026-09-12,雨,22.9,14.8,18.9,5.7,99.0,4.8
7276,4,2026-09-12,雨,24.6,16.6,20.6,54.7,92.0,3.8
7277,1,2026-09-13,晴れ,24.1,16.5,20.3,0.0,62.4,3.9
7278,2,2026-09-13,晴れ,26.3,18.3,22.3,0.0,71.1,3.4
7279,3,2026-09-13,晴れ,22.6,14.3,18.5,0.0,60.9,4.1
7280,4,2026-09-13,晴れ,21.7,14.1,17.9,0.0,65.3,3.1
7281,1,2026-09-14,曇り,23.5,15.7,19.6,0.0,77.0,4.3
7282,2,2026-09-14,曇り,24.4,16.5,20.4,0.0,74.9,2.3
7283,3,2026-09-14,晴れ,21.2,13.0,17.1,0.0,61.0,3.9
7284,4,2026-09-14,曇り,22.5,14.4,18.4,0.0,75.1,2.8
7285,1,2026-09-15,雨,22.9,14.9,18.9,3.9,95.6,6.8
7286,2,2026-09-15,雨,24.3,16.1,20.2,0.5,97.6,5.4
7287,3,2026-09-15,雨,19.0,10.9,14.9,5.5,85.6,3.5
7288,4,2026-09-15,雨,21.8,13.6,17.7,10.6,99.0,6.2
7289,1,2026-09-16,曇り,21.8,14.1,17.9,0.0,85.9,4.6
7290,2,2026-09-16,晴れ,25.1,16.8,21.0,0.0,69.6,2.3
7291,3,2026-09-16,曇り,18.8,10.7,14.8,0.0,79.2,5.4
7292,4,2026-09-16,晴れ,21.7,13.5,17.6,0.0,61.8,3.6
7293,1,2026-09-17,雨,24.4,16.5,20.4,77.9,97.8,5.9
7294,2,2026-09-17,雨,23.9,16.1,20.0,12.3,90.2,5.6
7295,3,2026-09-17,雨,21.7,13.4,17.6,0.5,98.5,5.0
7296,4,2026-09-17,雨,23.0,14.9,18.9,5.0,86.4,5.2
7297,1,2026-09-18,雨,25.5,17.4,21.4,0.5,79.4,5.4
7298,2,2026-09-18,雨,26.6,18.4,22.5,12.4,99.0,4.7
7299,3,2026-09-18,雨,19.3,11.5,15.4,10.2,97.1,6.9
7300,4,2026-09-18,雨,22.2,14.3,18.2,9.7,81.7,5.1
7301,1,2026-09-19,雨,26.0,17.8,21.9,13.2,99.0,4.7
7302,2,2026-09-19,雨,27.1,18.9,23.0,46.7,99.0,4.5
7303,3,2026-09-19,雨,21.7,13.6,17.6,12.0,97.8,6.2
7304,4,2026-09-19,雨,24.8,16.5,20.6,11.4,99.0,5.7
